#
# There is insufficient memory for the Java Runtime Environment to continue.
# Native memory allocation (malloc) failed to allocate 1652304 bytes for Chunk::new
# Possible reasons:
#   The system is out of physical RAM or swap space
#   The process is running with CompressedOops enabled, and the Java Heap may be blocking the growth of the native heap
# Possible solutions:
#   Reduce memory load on the system
#   Increase physical memory or swap space
#   Check if swap backing store is full
#   Decrease Java heap size (-Xmx/-Xms)
#   Decrease number of Java threads
#   Decrease Java thread stack sizes (-Xss)
#   Set larger code cache with -XX:ReservedCodeCacheSize=
#   JVM is running with Zero Based Compressed Oops mode in which the Java heap is
#     placed in the first 32GB address space. The Java Heap base address is the
#     maximum limit for the native heap growth. Please use -XX:HeapBaseMinAddress
#     to set the Java Heap base and to place the Java Heap above 32GB virtual address.
# This output file may be truncated or incomplete.
#
#  Out of Memory Error (arena.cpp:189), pid=18732, tid=26968
#
# JRE version: OpenJDK Runtime Environment Temurin-17.0.1+12 (17.0.1+12) (build 17.0.1+12)
# Java VM: OpenJDK 64-Bit Server VM Temurin-17.0.1+12 (17.0.1+12, mixed mode, sharing, tiered, compressed oops, compressed class ptrs, g1 gc, windows-amd64)
# No core dump will be written. Minidumps are not enabled by default on client versions of Windows
#

---------------  S U M M A R Y ------------

Command Line: -Dfile.encoding=UTF-8 C:\Repository\nhsn-measures\input-cache\publisher.jar -ig .

Host: Intel(R) Core(TM) i7-8850H CPU @ 2.60GHz, 12 cores, 15G,  Windows 10 , 64 bit Build 19041 (10.0.19041.1706)
Time: Thu Jun  2 11:03:20 2022 Eastern Daylight Time elapsed time: 26.610413 seconds (0d 0h 0m 26s)

---------------  T H R E A D  ---------------

Current thread (0x00000234d0973d90):  JavaThread "C2 CompilerThread1" daemon [_thread_in_native, id=26968, stack(0x0000005d23b00000,0x0000005d23c00000)]


Current CompileTask:
C2:  26610 5033       4       org.hl7.fhir.r5.elementmodel.XmlParser::parseChildren (1946 bytes)

Stack: [0x0000005d23b00000,0x0000005d23c00000]
Native frames: (J=compiled Java code, j=interpreted, Vv=VM code, C=native code)
V  [jvm.dll+0x6744da]
V  [jvm.dll+0x82e144]
V  [jvm.dll+0x82f8ee]
V  [jvm.dll+0x82ff53]
V  [jvm.dll+0x245175]
V  [jvm.dll+0xab85b]
V  [jvm.dll+0xabdec]
V  [jvm.dll+0x362f07]
V  [jvm.dll+0x1bb4b2]
V  [jvm.dll+0x218189]
V  [jvm.dll+0x217451]
V  [jvm.dll+0x1a355d]
V  [jvm.dll+0x226e38]
V  [jvm.dll+0x224f7c]
V  [jvm.dll+0x7e3f5b]
V  [jvm.dll+0x7de51a]
V  [jvm.dll+0x673305]
C  [ucrtbase.dll+0x21bb2]
C  [KERNEL32.DLL+0x17034]
C  [ntdll.dll+0x52651]


---------------  P R O C E S S  ---------------

Threads class SMR info:
_java_thread_list=0x00000234cae384f0, length=15, elements={
0x00000234a16545a0, 0x00000234c686ab60, 0x00000234c686b4f0, 0x00000234c687ec00,
0x00000234c68821f0, 0x00000234c6882cd0, 0x00000234c68871b0, 0x00000234c688af60,
0x00000234c6893940, 0x00000234c6895e60, 0x00000234c750c860, 0x00000234c7513d60,
0x00000234c78de220, 0x00000234ce1bb300, 0x00000234d0973d90
}

Java Threads: ( => current thread )
  0x00000234a16545a0 JavaThread "main" [_thread_in_Java, id=36584, stack(0x0000005d21100000,0x0000005d21200000)]
  0x00000234c686ab60 JavaThread "Reference Handler" daemon [_thread_blocked, id=31344, stack(0x0000005d21800000,0x0000005d21900000)]
  0x00000234c686b4f0 JavaThread "Finalizer" daemon [_thread_blocked, id=4320, stack(0x0000005d21900000,0x0000005d21a00000)]
  0x00000234c687ec00 JavaThread "Signal Dispatcher" daemon [_thread_blocked, id=2640, stack(0x0000005d21a00000,0x0000005d21b00000)]
  0x00000234c68821f0 JavaThread "Attach Listener" daemon [_thread_blocked, id=8336, stack(0x0000005d21b00000,0x0000005d21c00000)]
  0x00000234c6882cd0 JavaThread "Service Thread" daemon [_thread_blocked, id=19272, stack(0x0000005d21c00000,0x0000005d21d00000)]
  0x00000234c68871b0 JavaThread "Monitor Deflation Thread" daemon [_thread_blocked, id=14144, stack(0x0000005d21d00000,0x0000005d21e00000)]
  0x00000234c688af60 JavaThread "C2 CompilerThread0" daemon [_thread_in_native, id=35072, stack(0x0000005d21e00000,0x0000005d21f00000)]
  0x00000234c6893940 JavaThread "C1 CompilerThread0" daemon [_thread_blocked, id=33680, stack(0x0000005d21f00000,0x0000005d22000000)]
  0x00000234c6895e60 JavaThread "Sweeper thread" daemon [_thread_blocked, id=35828, stack(0x0000005d22000000,0x0000005d22100000)]
  0x00000234c750c860 JavaThread "Notification Thread" daemon [_thread_blocked, id=35716, stack(0x0000005d22100000,0x0000005d22200000)]
  0x00000234c7513d60 JavaThread "Common-Cleaner" daemon [_thread_blocked, id=35076, stack(0x0000005d22300000,0x0000005d22400000)]
  0x00000234c78de220 JavaThread "logback-1" daemon [_thread_blocked, id=19516, stack(0x0000005d22400000,0x0000005d22500000)]
  0x00000234ce1bb300 JavaThread "Keep-Alive-Timer" daemon [_thread_blocked, id=26492, stack(0x0000005d23000000,0x0000005d23100000)]
=>0x00000234d0973d90 JavaThread "C2 CompilerThread1" daemon [_thread_in_native, id=26968, stack(0x0000005d23b00000,0x0000005d23c00000)]

Other Threads:
  0x00000234c6864780 VMThread "VM Thread" [stack: 0x0000005d21700000,0x0000005d21800000] [id=21164]
  0x00000234a16dba50 WatcherThread [stack: 0x0000005d22200000,0x0000005d22300000] [id=31412]
  0x00000234a16a4f70 GCTaskThread "GC Thread#0" [stack: 0x0000005d21200000,0x0000005d21300000] [id=14784]
  0x00000234c7b85040 GCTaskThread "GC Thread#1" [stack: 0x0000005d22500000,0x0000005d22600000] [id=5468]
  0x00000234c7b86120 GCTaskThread "GC Thread#2" [stack: 0x0000005d22600000,0x0000005d22700000] [id=29900]
  0x00000234c7b863d0 GCTaskThread "GC Thread#3" [stack: 0x0000005d22700000,0x0000005d22800000] [id=27044]
  0x00000234c7b86680 GCTaskThread "GC Thread#4" [stack: 0x0000005d22800000,0x0000005d22900000] [id=25652]
  0x00000234c7b86930 GCTaskThread "GC Thread#5" [stack: 0x0000005d22900000,0x0000005d22a00000] [id=33020]
  0x00000234c7bc4030 GCTaskThread "GC Thread#6" [stack: 0x0000005d22a00000,0x0000005d22b00000] [id=26904]
  0x00000234c7bc42e0 GCTaskThread "GC Thread#7" [stack: 0x0000005d22b00000,0x0000005d22c00000] [id=16620]
  0x00000234c7eee930 GCTaskThread "GC Thread#8" [stack: 0x0000005d22c00000,0x0000005d22d00000] [id=5016]
  0x00000234c7f87830 GCTaskThread "GC Thread#9" [stack: 0x0000005d23100000,0x0000005d23200000] [id=36160]
  0x00000234a16b5a00 ConcurrentGCThread "G1 Main Marker" [stack: 0x0000005d21300000,0x0000005d21400000] [id=27304]
  0x00000234a16b8ae0 ConcurrentGCThread "G1 Conc#0" [stack: 0x0000005d21400000,0x0000005d21500000] [id=22512]
  0x00000234c7edbc60 ConcurrentGCThread "G1 Conc#1" [stack: 0x0000005d22d00000,0x0000005d22e00000] [id=26284]
  0x00000234c7f25270 ConcurrentGCThread "G1 Conc#2" [stack: 0x0000005d22e00000,0x0000005d22f00000] [id=24140]
  0x00000234c671a100 ConcurrentGCThread "G1 Refine#0" [stack: 0x0000005d21500000,0x0000005d21600000] [id=11776]
  0x00000234c9639d80 ConcurrentGCThread "G1 Refine#1" [stack: 0x0000005d23200000,0x0000005d23300000] [id=6128]
  0x00000234c94daba0 ConcurrentGCThread "G1 Refine#2" [stack: 0x0000005d23300000,0x0000005d23400000] [id=34536]
  0x00000234c9c89220 ConcurrentGCThread "G1 Refine#3" [stack: 0x0000005d23400000,0x0000005d23500000] [id=31164]
  0x00000234c9c89500 ConcurrentGCThread "G1 Refine#4" [stack: 0x0000005d23500000,0x0000005d23600000] [id=17460]
  0x00000234c9d38c80 ConcurrentGCThread "G1 Refine#5" [stack: 0x0000005d23600000,0x0000005d23700000] [id=33724]
  0x00000234ca0a8c20 ConcurrentGCThread "G1 Refine#6" [stack: 0x0000005d23700000,0x0000005d23800000] [id=21192]
  0x00000234c9f8d920 ConcurrentGCThread "G1 Refine#7" [stack: 0x0000005d23800000,0x0000005d23900000] [id=16848]
  0x00000234c9f8dc00 ConcurrentGCThread "G1 Refine#8" [stack: 0x0000005d23900000,0x0000005d23a00000] [id=36856]
  0x00000234c9ae0800 ConcurrentGCThread "G1 Refine#9" [stack: 0x0000005d23a00000,0x0000005d23b00000] [id=3652]
  0x00000234c671a640 ConcurrentGCThread "G1 Service" [stack: 0x0000005d21600000,0x0000005d21700000] [id=13936]

Threads with active compile tasks:
C2 CompilerThread0    26652 5113       4       org.hl7.fhir.utilities.xhtml.XhtmlComposer::writeElement (731 bytes)
C2 CompilerThread1    26652 5033       4       org.hl7.fhir.r5.elementmodel.XmlParser::parseChildren (1946 bytes)

VM state: not at safepoint (normal execution)

VM Mutex/Monitor currently owned by a thread: None

Heap address: 0x0000000703c00000, size: 4036 MB, Compressed Oops mode: Zero based, Oop shift amount: 3

CDS archive(s) mapped at: [0x0000000800000000-0x0000000800bc0000-0x0000000800bc0000), size 12320768, SharedBaseAddress: 0x0000000800000000, ArchiveRelocationMode: 0.
Compressed class space mapped at: 0x0000000800c00000-0x0000000840c00000, reserved size: 1073741824
Narrow klass base: 0x0000000800000000, Narrow klass shift: 0, Narrow klass range: 0x100000000

GC Precious Log:
 CPUs: 12 total, 12 available
 Memory: 16143M
 Large Page Support: Disabled
 NUMA Support: Disabled
 Compressed Oops: Enabled (Zero based)
 Heap Region Size: 2M
 Heap Min Capacity: 8M
 Heap Initial Capacity: 254M
 Heap Max Capacity: 4036M
 Pre-touch: Disabled
 Parallel Workers: 10
 Concurrent Workers: 3
 Concurrent Refinement Workers: 10
 Periodic GC: Disabled

Heap:
 garbage-first heap   total 948224K, used 597455K [0x0000000703c00000, 0x0000000800000000)
  region size 2048K, 207 young (423936K), 20 survivors (40960K)
 Metaspace       used 71243K, committed 71488K, reserved 1122304K
  class space    used 6495K, committed 6592K, reserved 1048576K

Heap Regions: E=young(eden), S=young(survivor), O=old, HS=humongous(starts), HC=humongous(continues), CS=collection set, F=free, OA=open archive, CA=closed archive, TAMS=top-at-mark-start (previous, next)
|   0|0x0000000703c00000, 0x0000000703e00000, 0x0000000703e00000|100%| O|  |TAMS 0x0000000703e00000, 0x0000000703c00000| Untracked 
|   1|0x0000000703e00000, 0x0000000704000000, 0x0000000704000000|100%| O|  |TAMS 0x0000000704000000, 0x0000000703e00000| Untracked 
|   2|0x0000000704000000, 0x0000000704200000, 0x0000000704200000|100%| O|  |TAMS 0x0000000704200000, 0x0000000704000000| Untracked 
|   3|0x0000000704200000, 0x0000000704400000, 0x0000000704400000|100%| O|  |TAMS 0x0000000704400000, 0x0000000704200000| Untracked 
|   4|0x0000000704400000, 0x0000000704600000, 0x0000000704600000|100%|HS|  |TAMS 0x0000000704600000, 0x0000000704400000| Complete 
|   5|0x0000000704600000, 0x0000000704800000, 0x0000000704800000|100%|HC|  |TAMS 0x0000000704800000, 0x0000000704600000| Complete 
|   6|0x0000000704800000, 0x0000000704a00000, 0x0000000704a00000|100%|HC|  |TAMS 0x0000000704a00000, 0x0000000704800000| Complete 
|   7|0x0000000704a00000, 0x0000000704c00000, 0x0000000704c00000|100%|HC|  |TAMS 0x0000000704c00000, 0x0000000704a00000| Complete 
|   8|0x0000000704c00000, 0x0000000704e00000, 0x0000000704e00000|100%|HS|  |TAMS 0x0000000704e00000, 0x0000000704c00000| Complete 
|   9|0x0000000704e00000, 0x0000000705000000, 0x0000000705000000|100%| O|  |TAMS 0x0000000705000000, 0x0000000704e00000| Untracked 
|  10|0x0000000705000000, 0x00000007050a0e00, 0x0000000705200000| 31%| O|  |TAMS 0x00000007050a0e00, 0x0000000705000000| Untracked 
|  11|0x0000000705200000, 0x0000000705400000, 0x0000000705400000|100%| O|  |TAMS 0x0000000705400000, 0x0000000705200000| Untracked 
|  12|0x0000000705400000, 0x0000000705600000, 0x0000000705600000|100%| O|  |TAMS 0x0000000705600000, 0x0000000705400000| Untracked 
|  13|0x0000000705600000, 0x0000000705800000, 0x0000000705800000|100%| O|  |TAMS 0x0000000705800000, 0x0000000705600000| Untracked 
|  14|0x0000000705800000, 0x0000000705a00000, 0x0000000705a00000|100%| O|  |TAMS 0x0000000705a00000, 0x0000000705800000| Untracked 
|  15|0x0000000705a00000, 0x0000000705c00000, 0x0000000705c00000|100%| O|  |TAMS 0x0000000705c00000, 0x0000000705a00000| Untracked 
|  16|0x0000000705c00000, 0x0000000705e00000, 0x0000000705e00000|100%| O|  |TAMS 0x0000000705e00000, 0x0000000705c00000| Untracked 
|  17|0x0000000705e00000, 0x0000000706000000, 0x0000000706000000|100%| O|  |TAMS 0x0000000706000000, 0x0000000705e00000| Untracked 
|  18|0x0000000706000000, 0x0000000706200000, 0x0000000706200000|100%| O|  |TAMS 0x0000000706200000, 0x0000000706000000| Untracked 
|  19|0x0000000706200000, 0x0000000706400000, 0x0000000706400000|100%| O|  |TAMS 0x0000000706400000, 0x0000000706200000| Untracked 
|  20|0x0000000706400000, 0x0000000706600000, 0x0000000706600000|100%| O|  |TAMS 0x0000000706600000, 0x0000000706400000| Untracked 
|  21|0x0000000706600000, 0x0000000706800000, 0x0000000706800000|100%| O|  |TAMS 0x0000000706800000, 0x0000000706600000| Untracked 
|  22|0x0000000706800000, 0x0000000706a00000, 0x0000000706a00000|100%| O|  |TAMS 0x0000000706a00000, 0x0000000706800000| Untracked 
|  23|0x0000000706a00000, 0x0000000706c00000, 0x0000000706c00000|100%| O|  |TAMS 0x0000000706c00000, 0x0000000706a00000| Untracked 
|  24|0x0000000706c00000, 0x0000000706e00000, 0x0000000706e00000|100%| O|  |TAMS 0x0000000706e00000, 0x0000000706c00000| Untracked 
|  25|0x0000000706e00000, 0x0000000707000000, 0x0000000707000000|100%| O|  |TAMS 0x0000000707000000, 0x0000000706e00000| Untracked 
|  26|0x0000000707000000, 0x0000000707200000, 0x0000000707200000|100%| O|  |TAMS 0x0000000707200000, 0x0000000707000000| Untracked 
|  27|0x0000000707200000, 0x0000000707400000, 0x0000000707400000|100%| O|  |TAMS 0x0000000707400000, 0x0000000707200000| Untracked 
|  28|0x0000000707400000, 0x0000000707600000, 0x0000000707600000|100%| O|  |TAMS 0x0000000707600000, 0x0000000707400000| Untracked 
|  29|0x0000000707600000, 0x0000000707800000, 0x0000000707800000|100%| O|  |TAMS 0x0000000707800000, 0x0000000707600000| Untracked 
|  30|0x0000000707800000, 0x0000000707a00000, 0x0000000707a00000|100%|HS|  |TAMS 0x0000000707800000, 0x0000000707800000| Complete 
|  31|0x0000000707a00000, 0x0000000707c00000, 0x0000000707c00000|100%| O|  |TAMS 0x0000000707a00000, 0x0000000707a00000| Untracked 
|  32|0x0000000707c00000, 0x0000000707e00000, 0x0000000707e00000|100%| O|  |TAMS 0x0000000707e00000, 0x0000000707c00000| Untracked 
|  33|0x0000000707e00000, 0x0000000708000000, 0x0000000708000000|100%| O|  |TAMS 0x0000000708000000, 0x0000000707e00000| Untracked 
|  34|0x0000000708000000, 0x0000000708200000, 0x0000000708200000|100%| O|  |TAMS 0x0000000708200000, 0x0000000708000000| Untracked 
|  35|0x0000000708200000, 0x0000000708400000, 0x0000000708400000|100%| O|  |TAMS 0x0000000708400000, 0x0000000708200000| Untracked 
|  36|0x0000000708400000, 0x0000000708600000, 0x0000000708600000|100%| O|  |TAMS 0x0000000708600000, 0x0000000708400000| Untracked 
|  37|0x0000000708600000, 0x0000000708800000, 0x0000000708800000|100%| O|  |TAMS 0x0000000708800000, 0x0000000708600000| Untracked 
|  38|0x0000000708800000, 0x0000000708a00000, 0x0000000708a00000|100%| O|  |TAMS 0x0000000708a00000, 0x0000000708800000| Untracked 
|  39|0x0000000708a00000, 0x0000000708c00000, 0x0000000708c00000|100%| O|  |TAMS 0x0000000708c00000, 0x0000000708a00000| Untracked 
|  40|0x0000000708c00000, 0x0000000708e00000, 0x0000000708e00000|100%| O|  |TAMS 0x0000000708e00000, 0x0000000708c00000| Untracked 
|  41|0x0000000708e00000, 0x0000000709000000, 0x0000000709000000|100%| O|  |TAMS 0x0000000709000000, 0x0000000708e00000| Untracked 
|  42|0x0000000709000000, 0x0000000709200000, 0x0000000709200000|100%| O|  |TAMS 0x0000000709200000, 0x0000000709000000| Untracked 
|  43|0x0000000709200000, 0x0000000709400000, 0x0000000709400000|100%| O|  |TAMS 0x0000000709400000, 0x0000000709200000| Untracked 
|  44|0x0000000709400000, 0x0000000709600000, 0x0000000709600000|100%| O|  |TAMS 0x0000000709600000, 0x0000000709400000| Untracked 
|  45|0x0000000709600000, 0x0000000709800000, 0x0000000709800000|100%| O|  |TAMS 0x0000000709800000, 0x0000000709600000| Untracked 
|  46|0x0000000709800000, 0x0000000709a00000, 0x0000000709a00000|100%| O|  |TAMS 0x0000000709a00000, 0x0000000709800000| Untracked 
|  47|0x0000000709a00000, 0x0000000709c00000, 0x0000000709c00000|100%| O|  |TAMS 0x0000000709c00000, 0x0000000709a00000| Untracked 
|  48|0x0000000709c00000, 0x0000000709e00000, 0x0000000709e00000|100%| O|  |TAMS 0x0000000709e00000, 0x0000000709c00000| Untracked 
|  49|0x0000000709e00000, 0x000000070a000000, 0x000000070a000000|100%| O|  |TAMS 0x000000070a000000, 0x0000000709e00000| Untracked 
|  50|0x000000070a000000, 0x000000070a200000, 0x000000070a200000|100%| O|  |TAMS 0x000000070a200000, 0x000000070a000000| Untracked 
|  51|0x000000070a200000, 0x000000070a400000, 0x000000070a400000|100%| O|  |TAMS 0x000000070a400000, 0x000000070a200000| Untracked 
|  52|0x000000070a400000, 0x000000070a600000, 0x000000070a600000|100%| O|  |TAMS 0x000000070a600000, 0x000000070a400000| Untracked 
|  53|0x000000070a600000, 0x000000070a800000, 0x000000070a800000|100%| O|  |TAMS 0x000000070a800000, 0x000000070a600000| Untracked 
|  54|0x000000070a800000, 0x000000070aa00000, 0x000000070aa00000|100%| O|  |TAMS 0x000000070a800000, 0x000000070a800000| Untracked 
|  55|0x000000070aa00000, 0x000000070ac00000, 0x000000070ac00000|100%| O|  |TAMS 0x000000070ac00000, 0x000000070aa00000| Untracked 
|  56|0x000000070ac00000, 0x000000070ae00000, 0x000000070ae00000|100%| O|  |TAMS 0x000000070ae00000, 0x000000070ac00000| Untracked 
|  57|0x000000070ae00000, 0x000000070b000000, 0x000000070b000000|100%| O|  |TAMS 0x000000070b000000, 0x000000070ae00000| Untracked 
|  58|0x000000070b000000, 0x000000070b200000, 0x000000070b200000|100%| O|  |TAMS 0x000000070b200000, 0x000000070b000000| Untracked 
|  59|0x000000070b200000, 0x000000070b400000, 0x000000070b400000|100%| O|  |TAMS 0x000000070b400000, 0x000000070b200000| Untracked 
|  60|0x000000070b400000, 0x000000070b600000, 0x000000070b600000|100%| O|  |TAMS 0x000000070b474000, 0x000000070b400000| Untracked 
|  61|0x000000070b600000, 0x000000070b800000, 0x000000070b800000|100%| O|  |TAMS 0x000000070b600000, 0x000000070b600000| Untracked 
|  62|0x000000070b800000, 0x000000070ba00000, 0x000000070ba00000|100%| O|  |TAMS 0x000000070b800000, 0x000000070b800000| Untracked 
|  63|0x000000070ba00000, 0x000000070bc00000, 0x000000070bc00000|100%| O|  |TAMS 0x000000070ba00000, 0x000000070ba00000| Untracked 
|  64|0x000000070bc00000, 0x000000070be00000, 0x000000070be00000|100%| O|  |TAMS 0x000000070bc00000, 0x000000070bc00000| Untracked 
|  65|0x000000070be00000, 0x000000070c000000, 0x000000070c000000|100%| O|  |TAMS 0x000000070be00000, 0x000000070be00000| Untracked 
|  66|0x000000070c000000, 0x000000070c200000, 0x000000070c200000|100%| O|  |TAMS 0x000000070c000000, 0x000000070c000000| Untracked 
|  67|0x000000070c200000, 0x000000070c400000, 0x000000070c400000|100%| O|  |TAMS 0x000000070c200000, 0x000000070c200000| Untracked 
|  68|0x000000070c400000, 0x000000070c600000, 0x000000070c600000|100%| O|  |TAMS 0x000000070c400000, 0x000000070c400000| Untracked 
|  69|0x000000070c600000, 0x000000070c6ff800, 0x000000070c800000| 49%| O|  |TAMS 0x000000070c600000, 0x000000070c600000| Untracked 
|  70|0x000000070c800000, 0x000000070ca00000, 0x000000070ca00000|100%|HS|  |TAMS 0x000000070c800000, 0x000000070c800000| Complete 
|  71|0x000000070ca00000, 0x000000070cc00000, 0x000000070cc00000|100%|HS|  |TAMS 0x000000070ca00000, 0x000000070ca00000| Complete 
|  72|0x000000070cc00000, 0x000000070ce00000, 0x000000070ce00000|100%|HC|  |TAMS 0x000000070cc00000, 0x000000070cc00000| Complete 
|  73|0x000000070ce00000, 0x000000070d000000, 0x000000070d000000|100%|HS|  |TAMS 0x000000070ce00000, 0x000000070ce00000| Complete 
|  74|0x000000070d000000, 0x000000070d200000, 0x000000070d200000|100%|HS|  |TAMS 0x000000070d000000, 0x000000070d000000| Complete 
|  75|0x000000070d200000, 0x000000070d400000, 0x000000070d400000|100%|HS|  |TAMS 0x000000070d200000, 0x000000070d200000| Complete 
|  76|0x000000070d400000, 0x000000070d600000, 0x000000070d600000|100%| O|  |TAMS 0x000000070d600000, 0x000000070d400000| Untracked 
|  77|0x000000070d600000, 0x000000070d800000, 0x000000070d800000|100%| O|  |TAMS 0x000000070d800000, 0x000000070d600000| Untracked 
|  78|0x000000070d800000, 0x000000070da00000, 0x000000070da00000|100%| O|  |TAMS 0x000000070da00000, 0x000000070d800000| Untracked 
|  79|0x000000070da00000, 0x000000070dc00000, 0x000000070dc00000|100%|HS|  |TAMS 0x000000070da00000, 0x000000070da00000| Complete 
|  80|0x000000070dc00000, 0x000000070de00000, 0x000000070de00000|100%|HS|  |TAMS 0x000000070dc00000, 0x000000070dc00000| Complete 
|  81|0x000000070de00000, 0x000000070e000000, 0x000000070e000000|100%|HS|  |TAMS 0x000000070de00000, 0x000000070de00000| Complete 
|  82|0x000000070e000000, 0x000000070e200000, 0x000000070e200000|100%|HC|  |TAMS 0x000000070e000000, 0x000000070e000000| Complete 
|  83|0x000000070e200000, 0x000000070e400000, 0x000000070e400000|100%|HS|  |TAMS 0x000000070e200000, 0x000000070e200000| Complete 
|  84|0x000000070e400000, 0x000000070e600000, 0x000000070e600000|100%|HS|  |TAMS 0x000000070e400000, 0x000000070e400000| Complete 
|  85|0x000000070e600000, 0x000000070e800000, 0x000000070e800000|100%|HS|  |TAMS 0x000000070e600000, 0x000000070e600000| Complete 
|  86|0x000000070e800000, 0x000000070e800000, 0x000000070ea00000|  0%| F|  |TAMS 0x000000070e800000, 0x000000070e800000| Untracked 
|  87|0x000000070ea00000, 0x000000070ea00000, 0x000000070ec00000|  0%| F|  |TAMS 0x000000070ea00000, 0x000000070ea00000| Untracked 
|  88|0x000000070ec00000, 0x000000070ec00000, 0x000000070ee00000|  0%| F|  |TAMS 0x000000070ec00000, 0x000000070ec00000| Untracked 
|  89|0x000000070ee00000, 0x000000070ee00000, 0x000000070f000000|  0%| F|  |TAMS 0x000000070ee00000, 0x000000070ee00000| Untracked 
|  90|0x000000070f000000, 0x000000070f000000, 0x000000070f200000|  0%| F|  |TAMS 0x000000070f000000, 0x000000070f000000| Untracked 
|  91|0x000000070f200000, 0x000000070f200000, 0x000000070f400000|  0%| F|  |TAMS 0x000000070f200000, 0x000000070f200000| Untracked 
|  92|0x000000070f400000, 0x000000070f400000, 0x000000070f600000|  0%| F|  |TAMS 0x000000070f400000, 0x000000070f400000| Untracked 
|  93|0x000000070f600000, 0x000000070f600000, 0x000000070f800000|  0%| F|  |TAMS 0x000000070f600000, 0x000000070f600000| Untracked 
|  94|0x000000070f800000, 0x000000070f800000, 0x000000070fa00000|  0%| F|  |TAMS 0x000000070f800000, 0x000000070f800000| Untracked 
|  95|0x000000070fa00000, 0x000000070fa00000, 0x000000070fc00000|  0%| F|  |TAMS 0x000000070fa00000, 0x000000070fa00000| Untracked 
|  96|0x000000070fc00000, 0x000000070fc00000, 0x000000070fe00000|  0%| F|  |TAMS 0x000000070fc00000, 0x000000070fc00000| Untracked 
|  97|0x000000070fe00000, 0x000000070fe00000, 0x0000000710000000|  0%| F|  |TAMS 0x000000070fe00000, 0x000000070fe00000| Untracked 
|  98|0x0000000710000000, 0x0000000710000000, 0x0000000710200000|  0%| F|  |TAMS 0x0000000710000000, 0x0000000710000000| Untracked 
|  99|0x0000000710200000, 0x0000000710200000, 0x0000000710400000|  0%| F|  |TAMS 0x0000000710200000, 0x0000000710200000| Untracked 
| 100|0x0000000710400000, 0x0000000710400000, 0x0000000710600000|  0%| F|  |TAMS 0x0000000710400000, 0x0000000710400000| Untracked 
| 101|0x0000000710600000, 0x0000000710600000, 0x0000000710800000|  0%| F|  |TAMS 0x0000000710600000, 0x0000000710600000| Untracked 
| 102|0x0000000710800000, 0x0000000710800000, 0x0000000710a00000|  0%| F|  |TAMS 0x0000000710800000, 0x0000000710800000| Untracked 
| 103|0x0000000710a00000, 0x0000000710a00000, 0x0000000710c00000|  0%| F|  |TAMS 0x0000000710a00000, 0x0000000710a00000| Untracked 
| 104|0x0000000710c00000, 0x0000000710c00000, 0x0000000710e00000|  0%| F|  |TAMS 0x0000000710c00000, 0x0000000710c00000| Untracked 
| 105|0x0000000710e00000, 0x0000000710e00000, 0x0000000711000000|  0%| F|  |TAMS 0x0000000710e00000, 0x0000000710e00000| Untracked 
| 106|0x0000000711000000, 0x0000000711000000, 0x0000000711200000|  0%| F|  |TAMS 0x0000000711000000, 0x0000000711000000| Untracked 
| 107|0x0000000711200000, 0x0000000711200000, 0x0000000711400000|  0%| F|  |TAMS 0x0000000711200000, 0x0000000711200000| Untracked 
| 108|0x0000000711400000, 0x0000000711400000, 0x0000000711600000|  0%| F|  |TAMS 0x0000000711400000, 0x0000000711400000| Untracked 
| 109|0x0000000711600000, 0x0000000711600000, 0x0000000711800000|  0%| F|  |TAMS 0x0000000711600000, 0x0000000711600000| Untracked 
| 110|0x0000000711800000, 0x0000000711800000, 0x0000000711a00000|  0%| F|  |TAMS 0x0000000711800000, 0x0000000711800000| Untracked 
| 111|0x0000000711a00000, 0x0000000711a00000, 0x0000000711c00000|  0%| F|  |TAMS 0x0000000711a00000, 0x0000000711a00000| Untracked 
| 112|0x0000000711c00000, 0x0000000711c00000, 0x0000000711e00000|  0%| F|  |TAMS 0x0000000711c00000, 0x0000000711c00000| Untracked 
| 113|0x0000000711e00000, 0x0000000711e00000, 0x0000000712000000|  0%| F|  |TAMS 0x0000000711e00000, 0x0000000711e00000| Untracked 
| 114|0x0000000712000000, 0x0000000712000000, 0x0000000712200000|  0%| F|  |TAMS 0x0000000712000000, 0x0000000712000000| Untracked 
| 115|0x0000000712200000, 0x0000000712200000, 0x0000000712400000|  0%| F|  |TAMS 0x0000000712200000, 0x0000000712200000| Untracked 
| 116|0x0000000712400000, 0x0000000712400000, 0x0000000712600000|  0%| F|  |TAMS 0x0000000712400000, 0x0000000712400000| Untracked 
| 117|0x0000000712600000, 0x0000000712600000, 0x0000000712800000|  0%| F|  |TAMS 0x0000000712600000, 0x0000000712600000| Untracked 
| 118|0x0000000712800000, 0x0000000712800000, 0x0000000712a00000|  0%| F|  |TAMS 0x0000000712800000, 0x0000000712800000| Untracked 
| 119|0x0000000712a00000, 0x0000000712a00000, 0x0000000712c00000|  0%| F|  |TAMS 0x0000000712a00000, 0x0000000712a00000| Untracked 
| 120|0x0000000712c00000, 0x0000000712c00000, 0x0000000712e00000|  0%| F|  |TAMS 0x0000000712c00000, 0x0000000712c00000| Untracked 
| 121|0x0000000712e00000, 0x0000000712e00000, 0x0000000713000000|  0%| F|  |TAMS 0x0000000712e00000, 0x0000000712e00000| Untracked 
| 122|0x0000000713000000, 0x0000000713000000, 0x0000000713200000|  0%| F|  |TAMS 0x0000000713000000, 0x0000000713000000| Untracked 
| 123|0x0000000713200000, 0x0000000713200000, 0x0000000713400000|  0%| F|  |TAMS 0x0000000713200000, 0x0000000713200000| Untracked 
| 124|0x0000000713400000, 0x0000000713400000, 0x0000000713600000|  0%| F|  |TAMS 0x0000000713400000, 0x0000000713400000| Untracked 
| 125|0x0000000713600000, 0x0000000713600000, 0x0000000713800000|  0%| F|  |TAMS 0x0000000713600000, 0x0000000713600000| Untracked 
| 126|0x0000000713800000, 0x0000000713800000, 0x0000000713a00000|  0%| F|  |TAMS 0x0000000713800000, 0x0000000713800000| Untracked 
| 127|0x0000000713a00000, 0x0000000713a00000, 0x0000000713c00000|  0%| F|  |TAMS 0x0000000713a00000, 0x0000000713a00000| Untracked 
| 128|0x0000000713c00000, 0x0000000713c00000, 0x0000000713e00000|  0%| F|  |TAMS 0x0000000713c00000, 0x0000000713c00000| Untracked 
| 129|0x0000000713e00000, 0x0000000713e00000, 0x0000000714000000|  0%| F|  |TAMS 0x0000000713e00000, 0x0000000713e00000| Untracked 
| 130|0x0000000714000000, 0x0000000714000000, 0x0000000714200000|  0%| F|  |TAMS 0x0000000714000000, 0x0000000714000000| Untracked 
| 131|0x0000000714200000, 0x0000000714200000, 0x0000000714400000|  0%| F|  |TAMS 0x0000000714200000, 0x0000000714200000| Untracked 
| 132|0x0000000714400000, 0x0000000714400000, 0x0000000714600000|  0%| F|  |TAMS 0x0000000714400000, 0x0000000714400000| Untracked 
| 133|0x0000000714600000, 0x0000000714600000, 0x0000000714800000|  0%| F|  |TAMS 0x0000000714600000, 0x0000000714600000| Untracked 
| 134|0x0000000714800000, 0x0000000714800000, 0x0000000714a00000|  0%| F|  |TAMS 0x0000000714800000, 0x0000000714800000| Untracked 
| 135|0x0000000714a00000, 0x0000000714a00000, 0x0000000714c00000|  0%| F|  |TAMS 0x0000000714a00000, 0x0000000714a00000| Untracked 
| 136|0x0000000714c00000, 0x0000000714c00000, 0x0000000714e00000|  0%| F|  |TAMS 0x0000000714c00000, 0x0000000714c00000| Untracked 
| 137|0x0000000714e00000, 0x0000000714e00000, 0x0000000715000000|  0%| F|  |TAMS 0x0000000714e00000, 0x0000000714e00000| Untracked 
| 138|0x0000000715000000, 0x0000000715000000, 0x0000000715200000|  0%| F|  |TAMS 0x0000000715000000, 0x0000000715000000| Untracked 
| 139|0x0000000715200000, 0x0000000715200000, 0x0000000715400000|  0%| F|  |TAMS 0x0000000715200000, 0x0000000715200000| Untracked 
| 140|0x0000000715400000, 0x0000000715400000, 0x0000000715600000|  0%| F|  |TAMS 0x0000000715400000, 0x0000000715400000| Untracked 
| 141|0x0000000715600000, 0x0000000715600000, 0x0000000715800000|  0%| F|  |TAMS 0x0000000715600000, 0x0000000715600000| Untracked 
| 142|0x0000000715800000, 0x0000000715800000, 0x0000000715a00000|  0%| F|  |TAMS 0x0000000715800000, 0x0000000715800000| Untracked 
| 143|0x0000000715a00000, 0x0000000715a00000, 0x0000000715c00000|  0%| F|  |TAMS 0x0000000715a00000, 0x0000000715a00000| Untracked 
| 144|0x0000000715c00000, 0x0000000715c00000, 0x0000000715e00000|  0%| F|  |TAMS 0x0000000715c00000, 0x0000000715c00000| Untracked 
| 145|0x0000000715e00000, 0x0000000715e00000, 0x0000000716000000|  0%| F|  |TAMS 0x0000000715e00000, 0x0000000715e00000| Untracked 
| 146|0x0000000716000000, 0x0000000716000000, 0x0000000716200000|  0%| F|  |TAMS 0x0000000716000000, 0x0000000716000000| Untracked 
| 147|0x0000000716200000, 0x0000000716200000, 0x0000000716400000|  0%| F|  |TAMS 0x0000000716200000, 0x0000000716200000| Untracked 
| 148|0x0000000716400000, 0x0000000716400000, 0x0000000716600000|  0%| F|  |TAMS 0x0000000716400000, 0x0000000716400000| Untracked 
| 149|0x0000000716600000, 0x0000000716600000, 0x0000000716800000|  0%| F|  |TAMS 0x0000000716600000, 0x0000000716600000| Untracked 
| 150|0x0000000716800000, 0x0000000716800000, 0x0000000716a00000|  0%| F|  |TAMS 0x0000000716800000, 0x0000000716800000| Untracked 
| 151|0x0000000716a00000, 0x0000000716a00000, 0x0000000716c00000|  0%| F|  |TAMS 0x0000000716a00000, 0x0000000716a00000| Untracked 
| 152|0x0000000716c00000, 0x0000000716c00000, 0x0000000716e00000|  0%| F|  |TAMS 0x0000000716c00000, 0x0000000716c00000| Untracked 
| 153|0x0000000716e00000, 0x0000000716e00000, 0x0000000717000000|  0%| F|  |TAMS 0x0000000716e00000, 0x0000000716e00000| Untracked 
| 154|0x0000000717000000, 0x0000000717000000, 0x0000000717200000|  0%| F|  |TAMS 0x0000000717000000, 0x0000000717000000| Untracked 
| 155|0x0000000717200000, 0x0000000717200000, 0x0000000717400000|  0%| F|  |TAMS 0x0000000717200000, 0x0000000717200000| Untracked 
| 156|0x0000000717400000, 0x0000000717400000, 0x0000000717600000|  0%| F|  |TAMS 0x0000000717400000, 0x0000000717400000| Untracked 
| 157|0x0000000717600000, 0x0000000717600000, 0x0000000717800000|  0%| F|  |TAMS 0x0000000717600000, 0x0000000717600000| Untracked 
| 158|0x0000000717800000, 0x0000000717800000, 0x0000000717a00000|  0%| F|  |TAMS 0x0000000717800000, 0x0000000717800000| Untracked 
| 159|0x0000000717a00000, 0x0000000717a00000, 0x0000000717c00000|  0%| F|  |TAMS 0x0000000717a00000, 0x0000000717a00000| Untracked 
| 160|0x0000000717c00000, 0x0000000717c00000, 0x0000000717e00000|  0%| F|  |TAMS 0x0000000717c00000, 0x0000000717c00000| Untracked 
| 161|0x0000000717e00000, 0x0000000717e00000, 0x0000000718000000|  0%| F|  |TAMS 0x0000000717e00000, 0x0000000717e00000| Untracked 
| 162|0x0000000718000000, 0x0000000718000000, 0x0000000718200000|  0%| F|  |TAMS 0x0000000718000000, 0x0000000718000000| Untracked 
| 163|0x0000000718200000, 0x0000000718200000, 0x0000000718400000|  0%| F|  |TAMS 0x0000000718200000, 0x0000000718200000| Untracked 
| 164|0x0000000718400000, 0x0000000718400000, 0x0000000718600000|  0%| F|  |TAMS 0x0000000718400000, 0x0000000718400000| Untracked 
| 165|0x0000000718600000, 0x00000007187d3620, 0x0000000718800000| 91%| S|CS|TAMS 0x0000000718600000, 0x0000000718600000| Complete 
| 166|0x0000000718800000, 0x0000000718a00000, 0x0000000718a00000|100%| S|CS|TAMS 0x0000000718800000, 0x0000000718800000| Complete 
| 167|0x0000000718a00000, 0x0000000718c00000, 0x0000000718c00000|100%| S|CS|TAMS 0x0000000718a00000, 0x0000000718a00000| Complete 
| 168|0x0000000718c00000, 0x0000000718e00000, 0x0000000718e00000|100%| S|CS|TAMS 0x0000000718c00000, 0x0000000718c00000| Complete 
| 169|0x0000000718e00000, 0x0000000719000000, 0x0000000719000000|100%| S|CS|TAMS 0x0000000718e00000, 0x0000000718e00000| Complete 
| 170|0x0000000719000000, 0x0000000719200000, 0x0000000719200000|100%| S|CS|TAMS 0x0000000719000000, 0x0000000719000000| Complete 
| 171|0x0000000719200000, 0x0000000719400000, 0x0000000719400000|100%| S|CS|TAMS 0x0000000719200000, 0x0000000719200000| Complete 
| 172|0x0000000719400000, 0x0000000719600000, 0x0000000719600000|100%| S|CS|TAMS 0x0000000719400000, 0x0000000719400000| Complete 
| 173|0x0000000719600000, 0x0000000719600000, 0x0000000719800000|  0%| F|  |TAMS 0x0000000719600000, 0x0000000719600000| Untracked 
| 174|0x0000000719800000, 0x0000000719800000, 0x0000000719a00000|  0%| F|  |TAMS 0x0000000719800000, 0x0000000719800000| Untracked 
| 175|0x0000000719a00000, 0x0000000719a00000, 0x0000000719c00000|  0%| F|  |TAMS 0x0000000719a00000, 0x0000000719a00000| Untracked 
| 176|0x0000000719c00000, 0x0000000719c00000, 0x0000000719e00000|  0%| F|  |TAMS 0x0000000719c00000, 0x0000000719c00000| Untracked 
| 177|0x0000000719e00000, 0x0000000719e00000, 0x000000071a000000|  0%| F|  |TAMS 0x0000000719e00000, 0x0000000719e00000| Untracked 
| 178|0x000000071a000000, 0x000000071a000000, 0x000000071a200000|  0%| F|  |TAMS 0x000000071a000000, 0x000000071a000000| Untracked 
| 179|0x000000071a200000, 0x000000071a200000, 0x000000071a400000|  0%| F|  |TAMS 0x000000071a200000, 0x000000071a200000| Untracked 
| 180|0x000000071a400000, 0x000000071a400000, 0x000000071a600000|  0%| F|  |TAMS 0x000000071a400000, 0x000000071a400000| Untracked 
| 181|0x000000071a600000, 0x000000071a600000, 0x000000071a800000|  0%| F|  |TAMS 0x000000071a600000, 0x000000071a600000| Untracked 
| 182|0x000000071a800000, 0x000000071a800000, 0x000000071aa00000|  0%| F|  |TAMS 0x000000071a800000, 0x000000071a800000| Untracked 
| 183|0x000000071aa00000, 0x000000071aa00000, 0x000000071ac00000|  0%| F|  |TAMS 0x000000071aa00000, 0x000000071aa00000| Untracked 
| 184|0x000000071ac00000, 0x000000071ac00000, 0x000000071ae00000|  0%| F|  |TAMS 0x000000071ac00000, 0x000000071ac00000| Untracked 
| 185|0x000000071ae00000, 0x000000071b000000, 0x000000071b000000|100%| S|CS|TAMS 0x000000071ae00000, 0x000000071ae00000| Complete 
| 186|0x000000071b000000, 0x000000071b200000, 0x000000071b200000|100%| S|CS|TAMS 0x000000071b000000, 0x000000071b000000| Complete 
| 187|0x000000071b200000, 0x000000071b400000, 0x000000071b400000|100%| S|CS|TAMS 0x000000071b200000, 0x000000071b200000| Complete 
| 188|0x000000071b400000, 0x000000071b600000, 0x000000071b600000|100%| S|CS|TAMS 0x000000071b400000, 0x000000071b400000| Complete 
| 189|0x000000071b600000, 0x000000071b800000, 0x000000071b800000|100%| S|CS|TAMS 0x000000071b600000, 0x000000071b600000| Complete 
| 190|0x000000071b800000, 0x000000071ba00000, 0x000000071ba00000|100%| S|CS|TAMS 0x000000071b800000, 0x000000071b800000| Complete 
| 191|0x000000071ba00000, 0x000000071bc00000, 0x000000071bc00000|100%| S|CS|TAMS 0x000000071ba00000, 0x000000071ba00000| Complete 
| 192|0x000000071bc00000, 0x000000071be00000, 0x000000071be00000|100%| S|CS|TAMS 0x000000071bc00000, 0x000000071bc00000| Complete 
| 193|0x000000071be00000, 0x000000071c000000, 0x000000071c000000|100%| S|CS|TAMS 0x000000071be00000, 0x000000071be00000| Complete 
| 194|0x000000071c000000, 0x000000071c200000, 0x000000071c200000|100%| S|CS|TAMS 0x000000071c000000, 0x000000071c000000| Complete 
| 195|0x000000071c200000, 0x000000071c400000, 0x000000071c400000|100%| S|CS|TAMS 0x000000071c200000, 0x000000071c200000| Complete 
| 196|0x000000071c400000, 0x000000071c600000, 0x000000071c600000|100%| S|CS|TAMS 0x000000071c400000, 0x000000071c400000| Complete 
| 197|0x000000071c600000, 0x000000071c600000, 0x000000071c800000|  0%| F|  |TAMS 0x000000071c600000, 0x000000071c600000| Untracked 
| 198|0x000000071c800000, 0x000000071c800000, 0x000000071ca00000|  0%| F|  |TAMS 0x000000071c800000, 0x000000071c800000| Untracked 
| 199|0x000000071ca00000, 0x000000071ca00000, 0x000000071cc00000|  0%| F|  |TAMS 0x000000071ca00000, 0x000000071ca00000| Untracked 
| 200|0x000000071cc00000, 0x000000071cc00000, 0x000000071ce00000|  0%| F|  |TAMS 0x000000071cc00000, 0x000000071cc00000| Untracked 
| 201|0x000000071ce00000, 0x000000071ce00000, 0x000000071d000000|  0%| F|  |TAMS 0x000000071ce00000, 0x000000071ce00000| Untracked 
| 202|0x000000071d000000, 0x000000071d000000, 0x000000071d200000|  0%| F|  |TAMS 0x000000071d000000, 0x000000071d000000| Untracked 
| 203|0x000000071d200000, 0x000000071d200000, 0x000000071d400000|  0%| F|  |TAMS 0x000000071d200000, 0x000000071d200000| Untracked 
| 204|0x000000071d400000, 0x000000071d400000, 0x000000071d600000|  0%| F|  |TAMS 0x000000071d400000, 0x000000071d400000| Untracked 
| 205|0x000000071d600000, 0x000000071d600000, 0x000000071d800000|  0%| F|  |TAMS 0x000000071d600000, 0x000000071d600000| Untracked 
| 206|0x000000071d800000, 0x000000071d800000, 0x000000071da00000|  0%| F|  |TAMS 0x000000071d800000, 0x000000071d800000| Untracked 
| 207|0x000000071da00000, 0x000000071da00000, 0x000000071dc00000|  0%| F|  |TAMS 0x000000071da00000, 0x000000071da00000| Untracked 
| 208|0x000000071dc00000, 0x000000071dc00000, 0x000000071de00000|  0%| F|  |TAMS 0x000000071dc00000, 0x000000071dc00000| Untracked 
| 209|0x000000071de00000, 0x000000071de00000, 0x000000071e000000|  0%| F|  |TAMS 0x000000071de00000, 0x000000071de00000| Untracked 
| 210|0x000000071e000000, 0x000000071e000000, 0x000000071e200000|  0%| F|  |TAMS 0x000000071e000000, 0x000000071e000000| Untracked 
| 211|0x000000071e200000, 0x000000071e200000, 0x000000071e400000|  0%| F|  |TAMS 0x000000071e200000, 0x000000071e200000| Untracked 
| 212|0x000000071e400000, 0x000000071e400000, 0x000000071e600000|  0%| F|  |TAMS 0x000000071e400000, 0x000000071e400000| Untracked 
| 213|0x000000071e600000, 0x000000071e600000, 0x000000071e800000|  0%| F|  |TAMS 0x000000071e600000, 0x000000071e600000| Untracked 
| 214|0x000000071e800000, 0x000000071e800000, 0x000000071ea00000|  0%| F|  |TAMS 0x000000071e800000, 0x000000071e800000| Untracked 
| 215|0x000000071ea00000, 0x000000071ea00000, 0x000000071ec00000|  0%| F|  |TAMS 0x000000071ea00000, 0x000000071ea00000| Untracked 
| 216|0x000000071ec00000, 0x000000071ec00000, 0x000000071ee00000|  0%| F|  |TAMS 0x000000071ec00000, 0x000000071ec00000| Untracked 
| 217|0x000000071ee00000, 0x000000071ee00000, 0x000000071f000000|  0%| F|  |TAMS 0x000000071ee00000, 0x000000071ee00000| Untracked 
| 218|0x000000071f000000, 0x000000071f000000, 0x000000071f200000|  0%| F|  |TAMS 0x000000071f000000, 0x000000071f000000| Untracked 
| 219|0x000000071f200000, 0x000000071f200000, 0x000000071f400000|  0%| F|  |TAMS 0x000000071f200000, 0x000000071f200000| Untracked 
| 220|0x000000071f400000, 0x000000071f400000, 0x000000071f600000|  0%| F|  |TAMS 0x000000071f400000, 0x000000071f400000| Untracked 
| 221|0x000000071f600000, 0x000000071f600000, 0x000000071f800000|  0%| F|  |TAMS 0x000000071f600000, 0x000000071f600000| Untracked 
| 222|0x000000071f800000, 0x000000071f800000, 0x000000071fa00000|  0%| F|  |TAMS 0x000000071f800000, 0x000000071f800000| Untracked 
| 223|0x000000071fa00000, 0x000000071fa00000, 0x000000071fc00000|  0%| F|  |TAMS 0x000000071fa00000, 0x000000071fa00000| Untracked 
| 224|0x000000071fc00000, 0x000000071fc00000, 0x000000071fe00000|  0%| F|  |TAMS 0x000000071fc00000, 0x000000071fc00000| Untracked 
| 225|0x000000071fe00000, 0x000000071fe00000, 0x0000000720000000|  0%| F|  |TAMS 0x000000071fe00000, 0x000000071fe00000| Untracked 
| 226|0x0000000720000000, 0x0000000720000000, 0x0000000720200000|  0%| F|  |TAMS 0x0000000720000000, 0x0000000720000000| Untracked 
| 227|0x0000000720200000, 0x0000000720200000, 0x0000000720400000|  0%| F|  |TAMS 0x0000000720200000, 0x0000000720200000| Untracked 
| 228|0x0000000720400000, 0x0000000720400000, 0x0000000720600000|  0%| F|  |TAMS 0x0000000720400000, 0x0000000720400000| Untracked 
| 229|0x0000000720600000, 0x0000000720600000, 0x0000000720800000|  0%| F|  |TAMS 0x0000000720600000, 0x0000000720600000| Untracked 
| 230|0x0000000720800000, 0x0000000720800000, 0x0000000720a00000|  0%| F|  |TAMS 0x0000000720800000, 0x0000000720800000| Untracked 
| 231|0x0000000720a00000, 0x0000000720a00000, 0x0000000720c00000|  0%| F|  |TAMS 0x0000000720a00000, 0x0000000720a00000| Untracked 
| 232|0x0000000720c00000, 0x0000000720c00000, 0x0000000720e00000|  0%| F|  |TAMS 0x0000000720c00000, 0x0000000720c00000| Untracked 
| 233|0x0000000720e00000, 0x0000000720e00000, 0x0000000721000000|  0%| F|  |TAMS 0x0000000720e00000, 0x0000000720e00000| Untracked 
| 234|0x0000000721000000, 0x0000000721000000, 0x0000000721200000|  0%| F|  |TAMS 0x0000000721000000, 0x0000000721000000| Untracked 
| 235|0x0000000721200000, 0x0000000721200000, 0x0000000721400000|  0%| F|  |TAMS 0x0000000721200000, 0x0000000721200000| Untracked 
| 236|0x0000000721400000, 0x0000000721400000, 0x0000000721600000|  0%| F|  |TAMS 0x0000000721400000, 0x0000000721400000| Untracked 
| 237|0x0000000721600000, 0x0000000721600000, 0x0000000721800000|  0%| F|  |TAMS 0x0000000721600000, 0x0000000721600000| Untracked 
| 238|0x0000000721800000, 0x0000000721800000, 0x0000000721a00000|  0%| F|  |TAMS 0x0000000721800000, 0x0000000721800000| Untracked 
| 239|0x0000000721a00000, 0x0000000721a00000, 0x0000000721c00000|  0%| F|  |TAMS 0x0000000721a00000, 0x0000000721a00000| Untracked 
| 240|0x0000000721c00000, 0x0000000721c00000, 0x0000000721e00000|  0%| F|  |TAMS 0x0000000721c00000, 0x0000000721c00000| Untracked 
| 241|0x0000000721e00000, 0x0000000721e00000, 0x0000000722000000|  0%| F|  |TAMS 0x0000000721e00000, 0x0000000721e00000| Untracked 
| 242|0x0000000722000000, 0x0000000722000000, 0x0000000722200000|  0%| F|  |TAMS 0x0000000722000000, 0x0000000722000000| Untracked 
| 243|0x0000000722200000, 0x0000000722200000, 0x0000000722400000|  0%| F|  |TAMS 0x0000000722200000, 0x0000000722200000| Untracked 
| 244|0x0000000722400000, 0x0000000722400000, 0x0000000722600000|  0%| F|  |TAMS 0x0000000722400000, 0x0000000722400000| Untracked 
| 245|0x0000000722600000, 0x0000000722600000, 0x0000000722800000|  0%| F|  |TAMS 0x0000000722600000, 0x0000000722600000| Untracked 
| 246|0x0000000722800000, 0x0000000722800000, 0x0000000722a00000|  0%| F|  |TAMS 0x0000000722800000, 0x0000000722800000| Untracked 
| 247|0x0000000722a00000, 0x0000000722a00000, 0x0000000722c00000|  0%| F|  |TAMS 0x0000000722a00000, 0x0000000722a00000| Untracked 
| 248|0x0000000722c00000, 0x0000000722c00000, 0x0000000722e00000|  0%| F|  |TAMS 0x0000000722c00000, 0x0000000722c00000| Untracked 
| 249|0x0000000722e00000, 0x0000000722e00000, 0x0000000723000000|  0%| F|  |TAMS 0x0000000722e00000, 0x0000000722e00000| Untracked 
| 250|0x0000000723000000, 0x0000000723000000, 0x0000000723200000|  0%| F|  |TAMS 0x0000000723000000, 0x0000000723000000| Untracked 
| 251|0x0000000723200000, 0x0000000723200000, 0x0000000723400000|  0%| F|  |TAMS 0x0000000723200000, 0x0000000723200000| Untracked 
| 252|0x0000000723400000, 0x0000000723400000, 0x0000000723600000|  0%| F|  |TAMS 0x0000000723400000, 0x0000000723400000| Untracked 
| 253|0x0000000723600000, 0x0000000723600000, 0x0000000723800000|  0%| F|  |TAMS 0x0000000723600000, 0x0000000723600000| Untracked 
| 254|0x0000000723800000, 0x0000000723800000, 0x0000000723a00000|  0%| F|  |TAMS 0x0000000723800000, 0x0000000723800000| Untracked 
| 255|0x0000000723a00000, 0x0000000723a00000, 0x0000000723c00000|  0%| F|  |TAMS 0x0000000723a00000, 0x0000000723a00000| Untracked 
| 256|0x0000000723c00000, 0x0000000723c00000, 0x0000000723e00000|  0%| F|  |TAMS 0x0000000723c00000, 0x0000000723c00000| Untracked 
| 257|0x0000000723e00000, 0x0000000723e00000, 0x0000000724000000|  0%| F|  |TAMS 0x0000000723e00000, 0x0000000723e00000| Untracked 
| 258|0x0000000724000000, 0x0000000724000000, 0x0000000724200000|  0%| F|  |TAMS 0x0000000724000000, 0x0000000724000000| Untracked 
| 259|0x0000000724200000, 0x0000000724200000, 0x0000000724400000|  0%| F|  |TAMS 0x0000000724200000, 0x0000000724200000| Untracked 
| 260|0x0000000724400000, 0x0000000724400000, 0x0000000724600000|  0%| F|  |TAMS 0x0000000724400000, 0x0000000724400000| Untracked 
| 261|0x0000000724600000, 0x0000000724600000, 0x0000000724800000|  0%| F|  |TAMS 0x0000000724600000, 0x0000000724600000| Untracked 
| 262|0x0000000724800000, 0x0000000724800000, 0x0000000724a00000|  0%| F|  |TAMS 0x0000000724800000, 0x0000000724800000| Untracked 
| 263|0x0000000724a00000, 0x0000000724a00000, 0x0000000724c00000|  0%| F|  |TAMS 0x0000000724a00000, 0x0000000724a00000| Untracked 
| 264|0x0000000724c00000, 0x0000000724c00000, 0x0000000724e00000|  0%| F|  |TAMS 0x0000000724c00000, 0x0000000724c00000| Untracked 
| 265|0x0000000724e00000, 0x0000000724e00000, 0x0000000725000000|  0%| F|  |TAMS 0x0000000724e00000, 0x0000000724e00000| Untracked 
| 266|0x0000000725000000, 0x0000000725000000, 0x0000000725200000|  0%| F|  |TAMS 0x0000000725000000, 0x0000000725000000| Untracked 
| 267|0x0000000725200000, 0x0000000725200000, 0x0000000725400000|  0%| F|  |TAMS 0x0000000725200000, 0x0000000725200000| Untracked 
| 268|0x0000000725400000, 0x0000000725400000, 0x0000000725600000|  0%| F|  |TAMS 0x0000000725400000, 0x0000000725400000| Untracked 
| 269|0x0000000725600000, 0x0000000725600000, 0x0000000725800000|  0%| F|  |TAMS 0x0000000725600000, 0x0000000725600000| Untracked 
| 270|0x0000000725800000, 0x0000000725800000, 0x0000000725a00000|  0%| F|  |TAMS 0x0000000725800000, 0x0000000725800000| Untracked 
| 271|0x0000000725a00000, 0x0000000725a00000, 0x0000000725c00000|  0%| F|  |TAMS 0x0000000725a00000, 0x0000000725a00000| Untracked 
| 272|0x0000000725c00000, 0x0000000725c00000, 0x0000000725e00000|  0%| F|  |TAMS 0x0000000725c00000, 0x0000000725c00000| Untracked 
| 273|0x0000000725e00000, 0x0000000725e00000, 0x0000000726000000|  0%| F|  |TAMS 0x0000000725e00000, 0x0000000725e00000| Untracked 
| 274|0x0000000726000000, 0x0000000726000058, 0x0000000726200000|  0%| E|  |TAMS 0x0000000726000000, 0x0000000726000000| Complete 
| 275|0x0000000726200000, 0x0000000726400000, 0x0000000726400000|100%| E|CS|TAMS 0x0000000726200000, 0x0000000726200000| Complete 
| 276|0x0000000726400000, 0x0000000726600000, 0x0000000726600000|100%| E|CS|TAMS 0x0000000726400000, 0x0000000726400000| Complete 
| 277|0x0000000726600000, 0x0000000726800000, 0x0000000726800000|100%| E|CS|TAMS 0x0000000726600000, 0x0000000726600000| Complete 
| 278|0x0000000726800000, 0x0000000726a00000, 0x0000000726a00000|100%| E|CS|TAMS 0x0000000726800000, 0x0000000726800000| Complete 
| 279|0x0000000726a00000, 0x0000000726c00000, 0x0000000726c00000|100%| E|CS|TAMS 0x0000000726a00000, 0x0000000726a00000| Complete 
| 280|0x0000000726c00000, 0x0000000726e00000, 0x0000000726e00000|100%| E|CS|TAMS 0x0000000726c00000, 0x0000000726c00000| Complete 
| 281|0x0000000726e00000, 0x0000000727000000, 0x0000000727000000|100%| E|CS|TAMS 0x0000000726e00000, 0x0000000726e00000| Complete 
| 282|0x0000000727000000, 0x0000000727200000, 0x0000000727200000|100%| E|CS|TAMS 0x0000000727000000, 0x0000000727000000| Complete 
| 283|0x0000000727200000, 0x0000000727400000, 0x0000000727400000|100%| E|CS|TAMS 0x0000000727200000, 0x0000000727200000| Complete 
| 284|0x0000000727400000, 0x0000000727600000, 0x0000000727600000|100%| E|CS|TAMS 0x0000000727400000, 0x0000000727400000| Complete 
| 285|0x0000000727600000, 0x0000000727800000, 0x0000000727800000|100%| E|CS|TAMS 0x0000000727600000, 0x0000000727600000| Complete 
| 286|0x0000000727800000, 0x0000000727a00000, 0x0000000727a00000|100%| E|CS|TAMS 0x0000000727800000, 0x0000000727800000| Complete 
| 287|0x0000000727a00000, 0x0000000727c00000, 0x0000000727c00000|100%| E|CS|TAMS 0x0000000727a00000, 0x0000000727a00000| Complete 
| 288|0x0000000727c00000, 0x0000000727e00000, 0x0000000727e00000|100%| E|CS|TAMS 0x0000000727c00000, 0x0000000727c00000| Complete 
| 289|0x0000000727e00000, 0x0000000728000000, 0x0000000728000000|100%| E|CS|TAMS 0x0000000727e00000, 0x0000000727e00000| Complete 
| 290|0x0000000728000000, 0x0000000728200000, 0x0000000728200000|100%| E|CS|TAMS 0x0000000728000000, 0x0000000728000000| Complete 
| 291|0x0000000728200000, 0x0000000728400000, 0x0000000728400000|100%| E|CS|TAMS 0x0000000728200000, 0x0000000728200000| Complete 
| 292|0x0000000728400000, 0x0000000728600000, 0x0000000728600000|100%| E|CS|TAMS 0x0000000728400000, 0x0000000728400000| Complete 
| 293|0x0000000728600000, 0x0000000728800000, 0x0000000728800000|100%| E|CS|TAMS 0x0000000728600000, 0x0000000728600000| Complete 
| 294|0x0000000728800000, 0x0000000728a00000, 0x0000000728a00000|100%| E|CS|TAMS 0x0000000728800000, 0x0000000728800000| Complete 
| 295|0x0000000728a00000, 0x0000000728c00000, 0x0000000728c00000|100%| E|CS|TAMS 0x0000000728a00000, 0x0000000728a00000| Complete 
| 296|0x0000000728c00000, 0x0000000728e00000, 0x0000000728e00000|100%| E|CS|TAMS 0x0000000728c00000, 0x0000000728c00000| Complete 
| 297|0x0000000728e00000, 0x0000000729000000, 0x0000000729000000|100%| E|CS|TAMS 0x0000000728e00000, 0x0000000728e00000| Complete 
| 298|0x0000000729000000, 0x0000000729200000, 0x0000000729200000|100%| E|CS|TAMS 0x0000000729000000, 0x0000000729000000| Complete 
| 299|0x0000000729200000, 0x0000000729400000, 0x0000000729400000|100%| E|CS|TAMS 0x0000000729200000, 0x0000000729200000| Complete 
| 300|0x0000000729400000, 0x0000000729600000, 0x0000000729600000|100%| E|CS|TAMS 0x0000000729400000, 0x0000000729400000| Complete 
| 301|0x0000000729600000, 0x0000000729800000, 0x0000000729800000|100%| E|CS|TAMS 0x0000000729600000, 0x0000000729600000| Complete 
| 302|0x0000000729800000, 0x0000000729a00000, 0x0000000729a00000|100%| E|CS|TAMS 0x0000000729800000, 0x0000000729800000| Complete 
| 303|0x0000000729a00000, 0x0000000729c00000, 0x0000000729c00000|100%| E|CS|TAMS 0x0000000729a00000, 0x0000000729a00000| Complete 
| 304|0x0000000729c00000, 0x0000000729e00000, 0x0000000729e00000|100%| E|CS|TAMS 0x0000000729c00000, 0x0000000729c00000| Complete 
| 305|0x0000000729e00000, 0x000000072a000000, 0x000000072a000000|100%| E|CS|TAMS 0x0000000729e00000, 0x0000000729e00000| Complete 
| 306|0x000000072a000000, 0x000000072a200000, 0x000000072a200000|100%| E|CS|TAMS 0x000000072a000000, 0x000000072a000000| Complete 
| 307|0x000000072a200000, 0x000000072a400000, 0x000000072a400000|100%| E|CS|TAMS 0x000000072a200000, 0x000000072a200000| Complete 
| 308|0x000000072a400000, 0x000000072a600000, 0x000000072a600000|100%| E|CS|TAMS 0x000000072a400000, 0x000000072a400000| Complete 
| 309|0x000000072a600000, 0x000000072a800000, 0x000000072a800000|100%| E|CS|TAMS 0x000000072a600000, 0x000000072a600000| Complete 
| 310|0x000000072a800000, 0x000000072aa00000, 0x000000072aa00000|100%| E|CS|TAMS 0x000000072a800000, 0x000000072a800000| Complete 
| 311|0x000000072aa00000, 0x000000072ac00000, 0x000000072ac00000|100%| E|CS|TAMS 0x000000072aa00000, 0x000000072aa00000| Complete 
| 312|0x000000072ac00000, 0x000000072ae00000, 0x000000072ae00000|100%| E|CS|TAMS 0x000000072ac00000, 0x000000072ac00000| Complete 
| 313|0x000000072ae00000, 0x000000072b000000, 0x000000072b000000|100%| E|CS|TAMS 0x000000072ae00000, 0x000000072ae00000| Complete 
| 314|0x000000072b000000, 0x000000072b200000, 0x000000072b200000|100%| E|CS|TAMS 0x000000072b000000, 0x000000072b000000| Complete 
| 315|0x000000072b200000, 0x000000072b400000, 0x000000072b400000|100%| E|CS|TAMS 0x000000072b200000, 0x000000072b200000| Complete 
| 316|0x000000072b400000, 0x000000072b600000, 0x000000072b600000|100%| E|CS|TAMS 0x000000072b400000, 0x000000072b400000| Complete 
| 317|0x000000072b600000, 0x000000072b800000, 0x000000072b800000|100%| E|CS|TAMS 0x000000072b600000, 0x000000072b600000| Complete 
| 318|0x000000072b800000, 0x000000072ba00000, 0x000000072ba00000|100%| E|CS|TAMS 0x000000072b800000, 0x000000072b800000| Complete 
| 319|0x000000072ba00000, 0x000000072bc00000, 0x000000072bc00000|100%| E|CS|TAMS 0x000000072ba00000, 0x000000072ba00000| Complete 
| 320|0x000000072bc00000, 0x000000072be00000, 0x000000072be00000|100%| E|CS|TAMS 0x000000072bc00000, 0x000000072bc00000| Complete 
| 321|0x000000072be00000, 0x000000072c000000, 0x000000072c000000|100%| E|CS|TAMS 0x000000072be00000, 0x000000072be00000| Complete 
| 322|0x000000072c000000, 0x000000072c200000, 0x000000072c200000|100%| E|CS|TAMS 0x000000072c000000, 0x000000072c000000| Complete 
| 323|0x000000072c200000, 0x000000072c400000, 0x000000072c400000|100%| E|CS|TAMS 0x000000072c200000, 0x000000072c200000| Complete 
| 324|0x000000072c400000, 0x000000072c600000, 0x000000072c600000|100%| E|CS|TAMS 0x000000072c400000, 0x000000072c400000| Complete 
| 325|0x000000072c600000, 0x000000072c800000, 0x000000072c800000|100%| E|CS|TAMS 0x000000072c600000, 0x000000072c600000| Complete 
| 326|0x000000072c800000, 0x000000072ca00000, 0x000000072ca00000|100%| E|CS|TAMS 0x000000072c800000, 0x000000072c800000| Complete 
| 327|0x000000072ca00000, 0x000000072cc00000, 0x000000072cc00000|100%| E|CS|TAMS 0x000000072ca00000, 0x000000072ca00000| Complete 
| 328|0x000000072cc00000, 0x000000072ce00000, 0x000000072ce00000|100%| E|CS|TAMS 0x000000072cc00000, 0x000000072cc00000| Complete 
| 329|0x000000072ce00000, 0x000000072d000000, 0x000000072d000000|100%| E|CS|TAMS 0x000000072ce00000, 0x000000072ce00000| Complete 
| 330|0x000000072d000000, 0x000000072d200000, 0x000000072d200000|100%| E|CS|TAMS 0x000000072d000000, 0x000000072d000000| Complete 
| 331|0x000000072d200000, 0x000000072d400000, 0x000000072d400000|100%| E|CS|TAMS 0x000000072d200000, 0x000000072d200000| Complete 
| 332|0x000000072d400000, 0x000000072d600000, 0x000000072d600000|100%| E|CS|TAMS 0x000000072d400000, 0x000000072d400000| Complete 
| 333|0x000000072d600000, 0x000000072d800000, 0x000000072d800000|100%| E|CS|TAMS 0x000000072d600000, 0x000000072d600000| Complete 
| 334|0x000000072d800000, 0x000000072da00000, 0x000000072da00000|100%| E|CS|TAMS 0x000000072d800000, 0x000000072d800000| Complete 
| 335|0x000000072da00000, 0x000000072dc00000, 0x000000072dc00000|100%| E|CS|TAMS 0x000000072da00000, 0x000000072da00000| Complete 
| 336|0x000000072dc00000, 0x000000072de00000, 0x000000072de00000|100%| E|CS|TAMS 0x000000072dc00000, 0x000000072dc00000| Complete 
| 337|0x000000072de00000, 0x000000072e000000, 0x000000072e000000|100%| E|CS|TAMS 0x000000072de00000, 0x000000072de00000| Complete 
| 338|0x000000072e000000, 0x000000072e200000, 0x000000072e200000|100%| E|CS|TAMS 0x000000072e000000, 0x000000072e000000| Complete 
| 339|0x000000072e200000, 0x000000072e400000, 0x000000072e400000|100%| E|CS|TAMS 0x000000072e200000, 0x000000072e200000| Complete 
| 340|0x000000072e400000, 0x000000072e600000, 0x000000072e600000|100%| E|CS|TAMS 0x000000072e400000, 0x000000072e400000| Complete 
| 341|0x000000072e600000, 0x000000072e800000, 0x000000072e800000|100%| E|CS|TAMS 0x000000072e600000, 0x000000072e600000| Complete 
| 342|0x000000072e800000, 0x000000072ea00000, 0x000000072ea00000|100%| E|CS|TAMS 0x000000072e800000, 0x000000072e800000| Complete 
| 343|0x000000072ea00000, 0x000000072ec00000, 0x000000072ec00000|100%| E|CS|TAMS 0x000000072ea00000, 0x000000072ea00000| Complete 
| 344|0x000000072ec00000, 0x000000072ee00000, 0x000000072ee00000|100%| E|CS|TAMS 0x000000072ec00000, 0x000000072ec00000| Complete 
| 345|0x000000072ee00000, 0x000000072f000000, 0x000000072f000000|100%| E|CS|TAMS 0x000000072ee00000, 0x000000072ee00000| Complete 
| 346|0x000000072f000000, 0x000000072f200000, 0x000000072f200000|100%| E|CS|TAMS 0x000000072f000000, 0x000000072f000000| Complete 
| 347|0x000000072f200000, 0x000000072f400000, 0x000000072f400000|100%| E|CS|TAMS 0x000000072f200000, 0x000000072f200000| Complete 
| 348|0x000000072f400000, 0x000000072f600000, 0x000000072f600000|100%| E|CS|TAMS 0x000000072f400000, 0x000000072f400000| Complete 
| 349|0x000000072f600000, 0x000000072f800000, 0x000000072f800000|100%| E|CS|TAMS 0x000000072f600000, 0x000000072f600000| Complete 
| 350|0x000000072f800000, 0x000000072fa00000, 0x000000072fa00000|100%| E|CS|TAMS 0x000000072f800000, 0x000000072f800000| Complete 
| 351|0x000000072fa00000, 0x000000072fc00000, 0x000000072fc00000|100%| E|CS|TAMS 0x000000072fa00000, 0x000000072fa00000| Complete 
| 352|0x000000072fc00000, 0x000000072fe00000, 0x000000072fe00000|100%| E|CS|TAMS 0x000000072fc00000, 0x000000072fc00000| Complete 
| 353|0x000000072fe00000, 0x0000000730000000, 0x0000000730000000|100%| E|CS|TAMS 0x000000072fe00000, 0x000000072fe00000| Complete 
| 354|0x0000000730000000, 0x0000000730200000, 0x0000000730200000|100%| E|CS|TAMS 0x0000000730000000, 0x0000000730000000| Complete 
| 355|0x0000000730200000, 0x0000000730400000, 0x0000000730400000|100%| E|CS|TAMS 0x0000000730200000, 0x0000000730200000| Complete 
| 356|0x0000000730400000, 0x0000000730600000, 0x0000000730600000|100%| E|CS|TAMS 0x0000000730400000, 0x0000000730400000| Complete 
| 357|0x0000000730600000, 0x0000000730800000, 0x0000000730800000|100%| E|CS|TAMS 0x0000000730600000, 0x0000000730600000| Complete 
| 358|0x0000000730800000, 0x0000000730a00000, 0x0000000730a00000|100%| E|CS|TAMS 0x0000000730800000, 0x0000000730800000| Complete 
| 359|0x0000000730a00000, 0x0000000730c00000, 0x0000000730c00000|100%| E|CS|TAMS 0x0000000730a00000, 0x0000000730a00000| Complete 
| 360|0x0000000730c00000, 0x0000000730e00000, 0x0000000730e00000|100%| E|CS|TAMS 0x0000000730c00000, 0x0000000730c00000| Complete 
| 361|0x0000000730e00000, 0x0000000731000000, 0x0000000731000000|100%| E|CS|TAMS 0x0000000730e00000, 0x0000000730e00000| Complete 
| 362|0x0000000731000000, 0x0000000731200000, 0x0000000731200000|100%| E|CS|TAMS 0x0000000731000000, 0x0000000731000000| Complete 
| 363|0x0000000731200000, 0x0000000731400000, 0x0000000731400000|100%| E|CS|TAMS 0x0000000731200000, 0x0000000731200000| Complete 
| 364|0x0000000731400000, 0x0000000731600000, 0x0000000731600000|100%| E|CS|TAMS 0x0000000731400000, 0x0000000731400000| Complete 
| 365|0x0000000731600000, 0x0000000731800000, 0x0000000731800000|100%| E|CS|TAMS 0x0000000731600000, 0x0000000731600000| Complete 
| 366|0x0000000731800000, 0x0000000731a00000, 0x0000000731a00000|100%| E|CS|TAMS 0x0000000731800000, 0x0000000731800000| Complete 
| 367|0x0000000731a00000, 0x0000000731c00000, 0x0000000731c00000|100%| E|CS|TAMS 0x0000000731a00000, 0x0000000731a00000| Complete 
| 368|0x0000000731c00000, 0x0000000731e00000, 0x0000000731e00000|100%| E|CS|TAMS 0x0000000731c00000, 0x0000000731c00000| Complete 
| 369|0x0000000731e00000, 0x0000000732000000, 0x0000000732000000|100%| E|CS|TAMS 0x0000000731e00000, 0x0000000731e00000| Complete 
| 370|0x0000000732000000, 0x0000000732200000, 0x0000000732200000|100%| E|CS|TAMS 0x0000000732000000, 0x0000000732000000| Complete 
| 371|0x0000000732200000, 0x0000000732400000, 0x0000000732400000|100%| E|CS|TAMS 0x0000000732200000, 0x0000000732200000| Complete 
| 372|0x0000000732400000, 0x0000000732600000, 0x0000000732600000|100%| E|CS|TAMS 0x0000000732400000, 0x0000000732400000| Complete 
| 373|0x0000000732600000, 0x0000000732800000, 0x0000000732800000|100%| E|CS|TAMS 0x0000000732600000, 0x0000000732600000| Complete 
| 374|0x0000000732800000, 0x0000000732a00000, 0x0000000732a00000|100%| E|CS|TAMS 0x0000000732800000, 0x0000000732800000| Complete 
| 375|0x0000000732a00000, 0x0000000732c00000, 0x0000000732c00000|100%| E|CS|TAMS 0x0000000732a00000, 0x0000000732a00000| Complete 
| 376|0x0000000732c00000, 0x0000000732e00000, 0x0000000732e00000|100%| E|CS|TAMS 0x0000000732c00000, 0x0000000732c00000| Complete 
| 377|0x0000000732e00000, 0x0000000733000000, 0x0000000733000000|100%| E|CS|TAMS 0x0000000732e00000, 0x0000000732e00000| Complete 
| 378|0x0000000733000000, 0x0000000733200000, 0x0000000733200000|100%| E|CS|TAMS 0x0000000733000000, 0x0000000733000000| Complete 
| 379|0x0000000733200000, 0x0000000733400000, 0x0000000733400000|100%| E|CS|TAMS 0x0000000733200000, 0x0000000733200000| Complete 
| 380|0x0000000733400000, 0x0000000733600000, 0x0000000733600000|100%| E|CS|TAMS 0x0000000733400000, 0x0000000733400000| Complete 
| 381|0x0000000733600000, 0x0000000733800000, 0x0000000733800000|100%| E|CS|TAMS 0x0000000733600000, 0x0000000733600000| Complete 
| 382|0x0000000733800000, 0x0000000733a00000, 0x0000000733a00000|100%| E|CS|TAMS 0x0000000733800000, 0x0000000733800000| Complete 
| 383|0x0000000733a00000, 0x0000000733c00000, 0x0000000733c00000|100%| E|CS|TAMS 0x0000000733a00000, 0x0000000733a00000| Complete 
| 384|0x0000000733c00000, 0x0000000733e00000, 0x0000000733e00000|100%| E|CS|TAMS 0x0000000733c00000, 0x0000000733c00000| Complete 
| 385|0x0000000733e00000, 0x0000000734000000, 0x0000000734000000|100%| E|CS|TAMS 0x0000000733e00000, 0x0000000733e00000| Complete 
| 386|0x0000000734000000, 0x0000000734200000, 0x0000000734200000|100%| E|CS|TAMS 0x0000000734000000, 0x0000000734000000| Complete 
| 387|0x0000000734200000, 0x0000000734400000, 0x0000000734400000|100%| E|CS|TAMS 0x0000000734200000, 0x0000000734200000| Complete 
| 388|0x0000000734400000, 0x0000000734600000, 0x0000000734600000|100%| E|CS|TAMS 0x0000000734400000, 0x0000000734400000| Complete 
| 389|0x0000000734600000, 0x0000000734800000, 0x0000000734800000|100%| E|CS|TAMS 0x0000000734600000, 0x0000000734600000| Complete 
| 390|0x0000000734800000, 0x0000000734a00000, 0x0000000734a00000|100%| E|CS|TAMS 0x0000000734800000, 0x0000000734800000| Complete 
| 391|0x0000000734a00000, 0x0000000734c00000, 0x0000000734c00000|100%| E|CS|TAMS 0x0000000734a00000, 0x0000000734a00000| Complete 
| 392|0x0000000734c00000, 0x0000000734e00000, 0x0000000734e00000|100%| E|CS|TAMS 0x0000000734c00000, 0x0000000734c00000| Complete 
| 393|0x0000000734e00000, 0x0000000735000000, 0x0000000735000000|100%| E|CS|TAMS 0x0000000734e00000, 0x0000000734e00000| Complete 
| 394|0x0000000735000000, 0x0000000735200000, 0x0000000735200000|100%| E|CS|TAMS 0x0000000735000000, 0x0000000735000000| Complete 
| 395|0x0000000735200000, 0x0000000735400000, 0x0000000735400000|100%| E|CS|TAMS 0x0000000735200000, 0x0000000735200000| Complete 
| 396|0x0000000735400000, 0x0000000735600000, 0x0000000735600000|100%| E|CS|TAMS 0x0000000735400000, 0x0000000735400000| Complete 
| 397|0x0000000735600000, 0x0000000735800000, 0x0000000735800000|100%| E|CS|TAMS 0x0000000735600000, 0x0000000735600000| Complete 
| 398|0x0000000735800000, 0x0000000735a00000, 0x0000000735a00000|100%| E|CS|TAMS 0x0000000735800000, 0x0000000735800000| Complete 
| 399|0x0000000735a00000, 0x0000000735c00000, 0x0000000735c00000|100%| E|CS|TAMS 0x0000000735a00000, 0x0000000735a00000| Complete 
| 400|0x0000000735c00000, 0x0000000735e00000, 0x0000000735e00000|100%| E|CS|TAMS 0x0000000735c00000, 0x0000000735c00000| Complete 
| 401|0x0000000735e00000, 0x0000000736000000, 0x0000000736000000|100%| E|CS|TAMS 0x0000000735e00000, 0x0000000735e00000| Complete 
| 402|0x0000000736000000, 0x0000000736200000, 0x0000000736200000|100%| E|CS|TAMS 0x0000000736000000, 0x0000000736000000| Complete 
| 403|0x0000000736200000, 0x0000000736400000, 0x0000000736400000|100%| E|CS|TAMS 0x0000000736200000, 0x0000000736200000| Complete 
| 404|0x0000000736400000, 0x0000000736600000, 0x0000000736600000|100%| E|CS|TAMS 0x0000000736400000, 0x0000000736400000| Complete 
| 405|0x0000000736600000, 0x0000000736800000, 0x0000000736800000|100%| E|CS|TAMS 0x0000000736600000, 0x0000000736600000| Complete 
| 406|0x0000000736800000, 0x0000000736a00000, 0x0000000736a00000|100%| E|CS|TAMS 0x0000000736800000, 0x0000000736800000| Complete 
| 407|0x0000000736a00000, 0x0000000736c00000, 0x0000000736c00000|100%| E|CS|TAMS 0x0000000736a00000, 0x0000000736a00000| Complete 
| 408|0x0000000736c00000, 0x0000000736e00000, 0x0000000736e00000|100%| E|CS|TAMS 0x0000000736c00000, 0x0000000736c00000| Complete 
| 409|0x0000000736e00000, 0x0000000737000000, 0x0000000737000000|100%| E|CS|TAMS 0x0000000736e00000, 0x0000000736e00000| Complete 
| 410|0x0000000737000000, 0x0000000737200000, 0x0000000737200000|100%| E|CS|TAMS 0x0000000737000000, 0x0000000737000000| Complete 
| 411|0x0000000737200000, 0x0000000737400000, 0x0000000737400000|100%| E|CS|TAMS 0x0000000737200000, 0x0000000737200000| Complete 
| 412|0x0000000737400000, 0x0000000737600000, 0x0000000737600000|100%| E|CS|TAMS 0x0000000737400000, 0x0000000737400000| Complete 
| 413|0x0000000737600000, 0x0000000737800000, 0x0000000737800000|100%| E|CS|TAMS 0x0000000737600000, 0x0000000737600000| Complete 
| 414|0x0000000737800000, 0x0000000737a00000, 0x0000000737a00000|100%| E|CS|TAMS 0x0000000737800000, 0x0000000737800000| Complete 
| 415|0x0000000737a00000, 0x0000000737c00000, 0x0000000737c00000|100%| E|CS|TAMS 0x0000000737a00000, 0x0000000737a00000| Complete 
| 416|0x0000000737c00000, 0x0000000737e00000, 0x0000000737e00000|100%| E|CS|TAMS 0x0000000737c00000, 0x0000000737c00000| Complete 
| 417|0x0000000737e00000, 0x0000000738000000, 0x0000000738000000|100%| E|CS|TAMS 0x0000000737e00000, 0x0000000737e00000| Complete 
| 418|0x0000000738000000, 0x0000000738200000, 0x0000000738200000|100%| E|CS|TAMS 0x0000000738000000, 0x0000000738000000| Complete 
| 419|0x0000000738200000, 0x0000000738400000, 0x0000000738400000|100%| E|CS|TAMS 0x0000000738200000, 0x0000000738200000| Complete 
| 420|0x0000000738400000, 0x0000000738600000, 0x0000000738600000|100%| E|CS|TAMS 0x0000000738400000, 0x0000000738400000| Complete 
| 421|0x0000000738600000, 0x0000000738800000, 0x0000000738800000|100%| E|CS|TAMS 0x0000000738600000, 0x0000000738600000| Complete 
| 422|0x0000000738800000, 0x0000000738a00000, 0x0000000738a00000|100%| E|CS|TAMS 0x0000000738800000, 0x0000000738800000| Complete 
| 423|0x0000000738a00000, 0x0000000738c00000, 0x0000000738c00000|100%| E|CS|TAMS 0x0000000738a00000, 0x0000000738a00000| Complete 
| 424|0x0000000738c00000, 0x0000000738e00000, 0x0000000738e00000|100%| E|CS|TAMS 0x0000000738c00000, 0x0000000738c00000| Complete 
| 425|0x0000000738e00000, 0x0000000739000000, 0x0000000739000000|100%| E|CS|TAMS 0x0000000738e00000, 0x0000000738e00000| Complete 
| 426|0x0000000739000000, 0x0000000739200000, 0x0000000739200000|100%| E|CS|TAMS 0x0000000739000000, 0x0000000739000000| Complete 
| 427|0x0000000739200000, 0x0000000739400000, 0x0000000739400000|100%| E|CS|TAMS 0x0000000739200000, 0x0000000739200000| Complete 
| 428|0x0000000739400000, 0x0000000739600000, 0x0000000739600000|100%| E|CS|TAMS 0x0000000739400000, 0x0000000739400000| Complete 
| 429|0x0000000739600000, 0x0000000739800000, 0x0000000739800000|100%| E|CS|TAMS 0x0000000739600000, 0x0000000739600000| Complete 
| 430|0x0000000739800000, 0x0000000739a00000, 0x0000000739a00000|100%| E|CS|TAMS 0x0000000739800000, 0x0000000739800000| Complete 
| 431|0x0000000739a00000, 0x0000000739c00000, 0x0000000739c00000|100%| E|CS|TAMS 0x0000000739a00000, 0x0000000739a00000| Complete 
| 432|0x0000000739c00000, 0x0000000739e00000, 0x0000000739e00000|100%| E|CS|TAMS 0x0000000739c00000, 0x0000000739c00000| Complete 
| 433|0x0000000739e00000, 0x000000073a000000, 0x000000073a000000|100%| E|CS|TAMS 0x0000000739e00000, 0x0000000739e00000| Complete 
| 434|0x000000073a000000, 0x000000073a200000, 0x000000073a200000|100%| E|CS|TAMS 0x000000073a000000, 0x000000073a000000| Complete 
| 435|0x000000073a200000, 0x000000073a400000, 0x000000073a400000|100%| E|CS|TAMS 0x000000073a200000, 0x000000073a200000| Complete 
| 436|0x000000073a400000, 0x000000073a600000, 0x000000073a600000|100%| E|CS|TAMS 0x000000073a400000, 0x000000073a400000| Complete 
| 437|0x000000073a600000, 0x000000073a800000, 0x000000073a800000|100%| E|CS|TAMS 0x000000073a600000, 0x000000073a600000| Complete 
| 438|0x000000073a800000, 0x000000073aa00000, 0x000000073aa00000|100%| E|CS|TAMS 0x000000073a800000, 0x000000073a800000| Complete 
| 439|0x000000073aa00000, 0x000000073ac00000, 0x000000073ac00000|100%| E|CS|TAMS 0x000000073aa00000, 0x000000073aa00000| Complete 
| 440|0x000000073ac00000, 0x000000073ae00000, 0x000000073ae00000|100%| E|CS|TAMS 0x000000073ac00000, 0x000000073ac00000| Complete 
| 441|0x000000073ae00000, 0x000000073b000000, 0x000000073b000000|100%| E|CS|TAMS 0x000000073ae00000, 0x000000073ae00000| Complete 
| 442|0x000000073b000000, 0x000000073b200000, 0x000000073b200000|100%| E|CS|TAMS 0x000000073b000000, 0x000000073b000000| Complete 
| 443|0x000000073b200000, 0x000000073b400000, 0x000000073b400000|100%| E|CS|TAMS 0x000000073b200000, 0x000000073b200000| Complete 
| 444|0x000000073b400000, 0x000000073b600000, 0x000000073b600000|100%| E|CS|TAMS 0x000000073b400000, 0x000000073b400000| Complete 
| 445|0x000000073b600000, 0x000000073b800000, 0x000000073b800000|100%| E|CS|TAMS 0x000000073b600000, 0x000000073b600000| Complete 
| 446|0x000000073b800000, 0x000000073ba00000, 0x000000073ba00000|100%| E|CS|TAMS 0x000000073b800000, 0x000000073b800000| Complete 
| 447|0x000000073ba00000, 0x000000073bc00000, 0x000000073bc00000|100%| E|CS|TAMS 0x000000073ba00000, 0x000000073ba00000| Complete 
| 448|0x000000073bc00000, 0x000000073be00000, 0x000000073be00000|100%| E|CS|TAMS 0x000000073bc00000, 0x000000073bc00000| Complete 
| 449|0x000000073be00000, 0x000000073c000000, 0x000000073c000000|100%| E|CS|TAMS 0x000000073be00000, 0x000000073be00000| Complete 
| 450|0x000000073c000000, 0x000000073c200000, 0x000000073c200000|100%| E|CS|TAMS 0x000000073c000000, 0x000000073c000000| Complete 
| 451|0x000000073c200000, 0x000000073c400000, 0x000000073c400000|100%| E|CS|TAMS 0x000000073c200000, 0x000000073c200000| Complete 
| 452|0x000000073c400000, 0x000000073c600000, 0x000000073c600000|100%| E|CS|TAMS 0x000000073c400000, 0x000000073c400000| Complete 
| 453|0x000000073c600000, 0x000000073c800000, 0x000000073c800000|100%| E|CS|TAMS 0x000000073c600000, 0x000000073c600000| Complete 
| 454|0x000000073c800000, 0x000000073ca00000, 0x000000073ca00000|100%| E|CS|TAMS 0x000000073c800000, 0x000000073c800000| Complete 
| 455|0x000000073ca00000, 0x000000073cc00000, 0x000000073cc00000|100%| E|CS|TAMS 0x000000073ca00000, 0x000000073ca00000| Complete 
| 456|0x000000073cc00000, 0x000000073ce00000, 0x000000073ce00000|100%| E|CS|TAMS 0x000000073cc00000, 0x000000073cc00000| Complete 
| 457|0x000000073ce00000, 0x000000073d000000, 0x000000073d000000|100%| E|CS|TAMS 0x000000073ce00000, 0x000000073ce00000| Complete 
| 458|0x000000073d000000, 0x000000073d200000, 0x000000073d200000|100%| E|CS|TAMS 0x000000073d000000, 0x000000073d000000| Complete 
| 459|0x000000073d200000, 0x000000073d400000, 0x000000073d400000|100%| E|CS|TAMS 0x000000073d200000, 0x000000073d200000| Complete 
| 460|0x000000073d400000, 0x000000073d600000, 0x000000073d600000|100%| E|CS|TAMS 0x000000073d400000, 0x000000073d400000| Complete 
| 461|0x000000073d600000, 0x000000073d800000, 0x000000073d800000|100%| E|CS|TAMS 0x000000073d600000, 0x000000073d600000| Complete 
|2017|0x00000007ffe00000, 0x0000000800000000, 0x0000000800000000|100%| O|  |TAMS 0x0000000800000000, 0x00000007ffe00000| Untracked 

Card table byte_map: [0x00000234bad80000,0x00000234bb570000] _byte_map_base: 0x00000234b7562000

Marking Bits (Prev, Next): (CMBitMap*) 0x00000234a16a54d0, (CMBitMap*) 0x00000234a16a5490
 Prev Bits: [0x00000234bfc70000, 0x00000234c3b80000)
 Next Bits: [0x00000234bbd60000, 0x00000234bfc70000)

Polling page: 0x00000234a1730000

Metaspace:

Usage:
  Non-class:     63.23 MB used.
      Class:      6.34 MB used.
       Both:     69.58 MB used.

Virtual space:
  Non-class space:       72.00 MB reserved,      63.38 MB ( 88%) committed,  9 nodes.
      Class space:        1.00 GB reserved,       6.44 MB ( <1%) committed,  1 nodes.
             Both:        1.07 GB reserved,      69.81 MB (  6%) committed. 

Chunk freelists:
   Non-Class:  3.59 MB
       Class:  1.48 MB
        Both:  5.08 MB

MaxMetaspaceSize: unlimited
CompressedClassSpaceSize: 1.00 GB
Initial GC threshold: 21.00 MB
Current GC threshold: 110.75 MB
CDS: on
MetaspaceReclaimPolicy: balanced
 - commit_granule_bytes: 65536.
 - commit_granule_words: 8192.
 - virtual_space_node_default_size: 1048576.
 - enlarge_chunks_in_place: 1.
 - new_chunks_are_fully_committed: 0.
 - uncommit_free_chunks: 1.
 - use_allocation_guard: 0.
 - handle_deallocations: 1.


Internal statistics:

num_allocs_failed_limit: 3.
num_arena_births: 98.
num_arena_deaths: 0.
num_vsnodes_births: 10.
num_vsnodes_deaths: 0.
num_space_committed: 1058.
num_space_uncommitted: 0.
num_chunks_returned_to_freelist: 3.
num_chunks_taken_from_freelist: 2024.
num_chunk_merges: 3.
num_chunk_splits: 1854.
num_chunks_enlarged: 1762.
num_purges: 0.
num_inconsistent_stats: 0.

CodeHeap 'non-profiled nmethods': size=120000Kb used=3837Kb max_used=3837Kb free=116162Kb
 bounds [0x00000234b23d0000, 0x00000234b2790000, 0x00000234b9900000]
CodeHeap 'profiled nmethods': size=120000Kb used=9620Kb max_used=9620Kb free=110379Kb
 bounds [0x00000234aaea0000, 0x00000234ab810000, 0x00000234b23d0000]
CodeHeap 'non-nmethods': size=5760Kb used=1253Kb max_used=1408Kb free=4507Kb
 bounds [0x00000234aa900000, 0x00000234aab70000, 0x00000234aaea0000]
 total_blobs=4624 nmethods=4060 adapters=476
 compilation: enabled
              stopped_count=0, restarted_count=0
 full_count=0

Compilation events (20 events):
Event: 26.580 Thread 0x00000234c6893940 5133       3       org.hl7.fhir.r5.model.Property::hasValues (40 bytes)
Event: 26.581 Thread 0x00000234c6893940 nmethod 5133 0x00000234ab7c5690 code [0x00000234ab7c5880, 0x00000234ab7c5e28]
Event: 26.581 Thread 0x00000234c6893940 5125       1       org.hl7.fhir.r5.model.Property::getName (5 bytes)
Event: 26.581 Thread 0x00000234c6893940 nmethod 5125 0x00000234b25efd90 code [0x00000234b25eff20, 0x00000234b25efff8]
Event: 26.581 Thread 0x00000234c6893940 5123       3       org.hl7.fhir.r4.formats.XmlParserBase::next (21 bytes)
Event: 26.581 Thread 0x00000234c6893940 nmethod 5123 0x00000234ab7c5f90 code [0x00000234ab7c6160, 0x00000234ab7c6698]
Event: 26.582 Thread 0x00000234c6893940 5135       3       org.hl7.fhir.r4.formats.XmlParserBase::nextNoWhitespace (102 bytes)
Event: 26.582 Thread 0x00000234c6893940 nmethod 5135 0x00000234ab7c6810 code [0x00000234ab7c6a60, 0x00000234ab7c7778]
Event: 26.586 Thread 0x00000234c6893940 5136       3       java.util.GregorianCalendar::computeFields (1585 bytes)
Event: 26.592 Thread 0x00000234c6893940 nmethod 5136 0x00000234ab7c7b10 code [0x00000234ab7c81a0, 0x00000234ab7cd278]
Event: 26.592 Thread 0x00000234c6893940 5141       3       sun.nio.cs.UTF_8$Encoder::encodeArrayLoop (489 bytes)
Event: 26.595 Thread 0x00000234c6893940 nmethod 5141 0x00000234ab7cf310 code [0x00000234ab7cf900, 0x00000234ab7d2e48]
Event: 26.595 Thread 0x00000234c6893940 5137 %     3       org.hl7.fhir.r5.utils.FHIRPathEngine::<init> @ 70 (170 bytes)
Event: 26.597 Thread 0x00000234c6893940 nmethod 5137% 0x00000234ab7d3f90 code [0x00000234ab7d4320, 0x00000234ab7d6628]
Event: 26.597 Thread 0x00000234c6893940 5138       3       org.hl7.fhir.r5.utils.LiquidEngine::replaceInHtml (330 bytes)
Event: 26.598 Thread 0x00000234c6893940 nmethod 5138 0x00000234ab7d6e10 code [0x00000234ab7d7200, 0x00000234ab7d9838]
Event: 26.598 Thread 0x00000234c6893940 5139       3       org.hl7.fhir.r5.model.Property::<init> (60 bytes)
Event: 26.599 Thread 0x00000234c6893940 nmethod 5139 0x00000234ab7da110 code [0x00000234ab7da300, 0x00000234ab7da968]
Event: 26.599 Thread 0x00000234c6893940 5140       3       org.hl7.fhir.r4.model.CodeType::<init> (11 bytes)
Event: 26.599 Thread 0x00000234c6893940 nmethod 5140 0x00000234ab7dab10 code [0x00000234ab7dad20, 0x00000234ab7db558]

GC Heap History (20 events):
Event: 15.283 GC heap before
{Heap before GC invocations=49 (full 0):
 garbage-first heap   total 382976K, used 316571K [0x0000000703c00000, 0x0000000800000000)
  region size 2048K, 108 young (221184K), 1 survivors (2048K)
 Metaspace       used 65921K, committed 66048K, reserved 1114112K
  class space    used 6194K, committed 6272K, reserved 1048576K
}
Event: 15.286 GC heap after
{Heap after GC invocations=50 (full 0):
 garbage-first heap   total 382976K, used 105197K [0x0000000703c00000, 0x0000000800000000)
  region size 2048K, 4 young (8192K), 4 survivors (8192K)
 Metaspace       used 65921K, committed 66048K, reserved 1114112K
  class space    used 6194K, committed 6272K, reserved 1048576K
}
Event: 15.721 GC heap before
{Heap before GC invocations=50 (full 0):
 garbage-first heap   total 382976K, used 279277K [0x0000000703c00000, 0x0000000800000000)
  region size 2048K, 91 young (186368K), 4 survivors (8192K)
 Metaspace       used 66612K, committed 66752K, reserved 1114112K
  class space    used 6222K, committed 6272K, reserved 1048576K
}
Event: 15.726 GC heap after
{Heap after GC invocations=51 (full 0):
 garbage-first heap   total 382976K, used 116312K [0x0000000703c00000, 0x0000000800000000)
  region size 2048K, 10 young (20480K), 10 survivors (20480K)
 Metaspace       used 66612K, committed 66752K, reserved 1114112K
  class space    used 6222K, committed 6272K, reserved 1048576K
}
Event: 17.964 GC heap before
{Heap before GC invocations=52 (full 0):
 garbage-first heap   total 382976K, used 347095K [0x0000000703c00000, 0x0000000800000000)
  region size 2048K, 97 young (198656K), 10 survivors (20480K)
 Metaspace       used 67566K, committed 67776K, reserved 1114112K
  class space    used 6310K, committed 6400K, reserved 1048576K
}
Event: 17.973 GC heap after
{Heap after GC invocations=53 (full 0):
 garbage-first heap   total 391168K, used 130975K [0x0000000703c00000, 0x0000000800000000)
  region size 2048K, 14 young (28672K), 14 survivors (28672K)
 Metaspace       used 67566K, committed 67776K, reserved 1114112K
  class space    used 6310K, committed 6400K, reserved 1048576K
}
Event: 18.039 GC heap before
{Heap before GC invocations=53 (full 0):
 garbage-first heap   total 391168K, used 133023K [0x0000000703c00000, 0x0000000800000000)
  region size 2048K, 15 young (30720K), 14 survivors (28672K)
 Metaspace       used 67566K, committed 67776K, reserved 1114112K
  class space    used 6310K, committed 6400K, reserved 1048576K
}
Event: 18.044 GC heap after
{Heap after GC invocations=54 (full 0):
 garbage-first heap   total 391168K, used 130833K [0x0000000703c00000, 0x0000000800000000)
  region size 2048K, 2 young (4096K), 2 survivors (4096K)
 Metaspace       used 67566K, committed 67776K, reserved 1114112K
  class space    used 6310K, committed 6400K, reserved 1048576K
}
Event: 19.334 GC heap before
{Heap before GC invocations=54 (full 0):
 garbage-first heap   total 391168K, used 329489K [0x0000000703c00000, 0x0000000800000000)
  region size 2048K, 90 young (184320K), 2 survivors (4096K)
 Metaspace       used 67856K, committed 68032K, reserved 1114112K
  class space    used 6319K, committed 6400K, reserved 1048576K
}
Event: 19.338 GC heap after
{Heap after GC invocations=55 (full 0):
 garbage-first heap   total 391168K, used 135860K [0x0000000703c00000, 0x0000000800000000)
  region size 2048K, 5 young (10240K), 5 survivors (10240K)
 Metaspace       used 67856K, committed 68032K, reserved 1114112K
  class space    used 6319K, committed 6400K, reserved 1048576K
}
Event: 19.538 GC heap before
{Heap before GC invocations=55 (full 0):
 garbage-first heap   total 391168K, used 301748K [0x0000000703c00000, 0x0000000800000000)
  region size 2048K, 87 young (178176K), 5 survivors (10240K)
 Metaspace       used 67856K, committed 68032K, reserved 1114112K
  class space    used 6319K, committed 6400K, reserved 1048576K
}
Event: 19.544 GC heap after
{Heap after GC invocations=56 (full 0):
 garbage-first heap   total 391168K, used 141967K [0x0000000703c00000, 0x0000000800000000)
  region size 2048K, 8 young (16384K), 8 survivors (16384K)
 Metaspace       used 67856K, committed 68032K, reserved 1114112K
  class space    used 6319K, committed 6400K, reserved 1048576K
}
Event: 19.760 GC heap before
{Heap before GC invocations=57 (full 0):
 garbage-first heap   total 391168K, used 318095K [0x0000000703c00000, 0x0000000800000000)
  region size 2048K, 93 young (190464K), 8 survivors (16384K)
 Metaspace       used 67856K, committed 68032K, reserved 1114112K
  class space    used 6319K, committed 6400K, reserved 1048576K
}
Event: 19.767 GC heap after
{Heap after GC invocations=58 (full 0):
 garbage-first heap   total 391168K, used 149875K [0x0000000703c00000, 0x0000000800000000)
  region size 2048K, 8 young (16384K), 8 survivors (16384K)
 Metaspace       used 67856K, committed 68032K, reserved 1114112K
  class space    used 6319K, committed 6400K, reserved 1048576K
}
Event: 19.770 GC heap before
{Heap before GC invocations=58 (full 0):
 garbage-first heap   total 391168K, used 151923K [0x0000000703c00000, 0x0000000800000000)
  region size 2048K, 9 young (18432K), 8 survivors (16384K)
 Metaspace       used 67856K, committed 68032K, reserved 1114112K
  class space    used 6319K, committed 6400K, reserved 1048576K
}
Event: 20.021 GC heap after
{Heap after GC invocations=59 (full 0):
 garbage-first heap   total 948224K, used 147971K [0x0000000703c00000, 0x0000000800000000)
  region size 2048K, 1 young (2048K), 1 survivors (2048K)
 Metaspace       used 67856K, committed 68032K, reserved 1114112K
  class space    used 6319K, committed 6400K, reserved 1048576K
}
Event: 22.596 GC heap before
{Heap before GC invocations=59 (full 0):
 garbage-first heap   total 948224K, used 713219K [0x0000000703c00000, 0x0000000800000000)
  region size 2048K, 277 young (567296K), 1 survivors (2048K)
 Metaspace       used 67857K, committed 68032K, reserved 1114112K
  class space    used 6319K, committed 6400K, reserved 1048576K
}
Event: 22.613 GC heap after
{Heap after GC invocations=60 (full 0):
 garbage-first heap   total 948224K, used 171174K [0x0000000703c00000, 0x0000000800000000)
  region size 2048K, 12 young (24576K), 12 survivors (24576K)
 Metaspace       used 67857K, committed 68032K, reserved 1114112K
  class space    used 6319K, committed 6400K, reserved 1048576K
}
Event: 25.175 GC heap before
{Heap before GC invocations=60 (full 0):
 garbage-first heap   total 948224K, used 740518K [0x0000000703c00000, 0x0000000800000000)
  region size 2048K, 277 young (567296K), 12 survivors (24576K)
 Metaspace       used 69626K, committed 69824K, reserved 1114112K
  class space    used 6411K, committed 6528K, reserved 1048576K
}
Event: 25.187 GC heap after
{Heap after GC invocations=61 (full 0):
 garbage-first heap   total 948224K, used 191951K [0x0000000703c00000, 0x0000000800000000)
  region size 2048K, 20 young (40960K), 20 survivors (40960K)
 Metaspace       used 69626K, committed 69824K, reserved 1114112K
  class space    used 6411K, committed 6528K, reserved 1048576K
}

Deoptimization events (20 events):
Event: 26.544 Thread 0x00000234a16545a0 Uncommon trap: trap_request=0xffffffde fr.pc=0x00000234b26f0364 relative=0x00000000000000c4
Event: 26.544 Thread 0x00000234a16545a0 Uncommon trap: reason=class_check action=maybe_recompile pc=0x00000234b26f0364 method=org.hl7.fhir.r5.context.CanonicalResourceManager$CachedCanonicalResource.getUrl()Ljava/lang/String; @ 11 c2
Event: 26.544 Thread 0x00000234a16545a0 DEOPT PACKING pc=0x00000234b26f0364 sp=0x0000005d211fefa0
Event: 26.544 Thread 0x00000234a16545a0 DEOPT UNPACKING pc=0x00000234aa9523a3 sp=0x0000005d211fef40 mode 2
Event: 26.544 Thread 0x00000234a16545a0 Uncommon trap: trap_request=0xffffffde fr.pc=0x00000234b26f0364 relative=0x00000000000000c4
Event: 26.544 Thread 0x00000234a16545a0 Uncommon trap: reason=class_check action=maybe_recompile pc=0x00000234b26f0364 method=org.hl7.fhir.r5.context.CanonicalResourceManager$CachedCanonicalResource.getUrl()Ljava/lang/String; @ 11 c2
Event: 26.544 Thread 0x00000234a16545a0 DEOPT PACKING pc=0x00000234b26f0364 sp=0x0000005d211fefb0
Event: 26.544 Thread 0x00000234a16545a0 DEOPT UNPACKING pc=0x00000234aa9523a3 sp=0x0000005d211fef50 mode 2
Event: 26.562 Thread 0x00000234a16545a0 Uncommon trap: trap_request=0xffffffde fr.pc=0x00000234b26ca30c relative=0x000000000000400c
Event: 26.562 Thread 0x00000234a16545a0 Uncommon trap: reason=class_check action=maybe_recompile pc=0x00000234b26ca30c method=org.hl7.fhir.r5.context.CanonicalResourceManager$CachedCanonicalResource.getUrl()Ljava/lang/String; @ 11 c2
Event: 26.562 Thread 0x00000234a16545a0 DEOPT PACKING pc=0x00000234b26ca30c sp=0x0000005d211fef00
Event: 26.562 Thread 0x00000234a16545a0 DEOPT UNPACKING pc=0x00000234aa9523a3 sp=0x0000005d211feeb8 mode 2
Event: 26.571 Thread 0x00000234a16545a0 Uncommon trap: trap_request=0xffffff45 fr.pc=0x00000234b26c1978 relative=0x00000000000032f8
Event: 26.571 Thread 0x00000234a16545a0 Uncommon trap: reason=unstable_if action=reinterpret pc=0x00000234b26c1978 method=org.hl7.fhir.r5.context.CanonicalResourceManager$CachedCanonicalResource.getUrl()Ljava/lang/String; @ 4 c2
Event: 26.571 Thread 0x00000234a16545a0 DEOPT PACKING pc=0x00000234b26c1978 sp=0x0000005d211fef10
Event: 26.571 Thread 0x00000234a16545a0 DEOPT UNPACKING pc=0x00000234aa9523a3 sp=0x0000005d211feec8 mode 2
Event: 26.575 Thread 0x00000234a16545a0 Uncommon trap: trap_request=0xffffff45 fr.pc=0x00000234b26a6048 relative=0x00000000000006c8
Event: 26.575 Thread 0x00000234a16545a0 Uncommon trap: reason=unstable_if action=reinterpret pc=0x00000234b26a6048 method=sun.nio.cs.UTF_8$Encoder.encodeArrayLoop(Ljava/nio/CharBuffer;Ljava/nio/ByteBuffer;)Ljava/nio/charset/CoderResult; @ 87 c2
Event: 26.575 Thread 0x00000234a16545a0 DEOPT PACKING pc=0x00000234b26a6048 sp=0x0000005d211feb20
Event: 26.575 Thread 0x00000234a16545a0 DEOPT UNPACKING pc=0x00000234aa9523a3 sp=0x0000005d211feab8 mode 2

Classes unloaded (0 events):
No events

Classes redefined (0 events):
No events

Internal exceptions (20 events):
Event: 26.322 Thread 0x00000234a16545a0 Exception <a 'java/lang/ClassCastException'{0x0000000727678418}> (0x0000000727678418) 
thrown [e:\jenkins\tmp\workspace\build\src\src\hotspot\share\runtime\sharedRuntime.cpp, line 628]
Event: 26.322 Thread 0x00000234a16545a0 Exception <a 'java/lang/ClassCastException'{0x0000000727678ce8}> (0x0000000727678ce8) 
thrown [e:\jenkins\tmp\workspace\build\src\src\hotspot\share\runtime\sharedRuntime.cpp, line 628]
Event: 26.322 Thread 0x00000234a16545a0 Exception <a 'java/lang/ClassCastException'{0x0000000727679620}> (0x0000000727679620) 
thrown [e:\jenkins\tmp\workspace\build\src\src\hotspot\share\runtime\sharedRuntime.cpp, line 628]
Event: 26.322 Thread 0x00000234a16545a0 Exception <a 'java/lang/ClassCastException'{0x000000072767a1d0}> (0x000000072767a1d0) 
thrown [e:\jenkins\tmp\workspace\build\src\src\hotspot\share\runtime\sharedRuntime.cpp, line 628]
Event: 26.322 Thread 0x00000234a16545a0 Exception <a 'java/lang/ClassCastException'{0x000000072767ad80}> (0x000000072767ad80) 
thrown [e:\jenkins\tmp\workspace\build\src\src\hotspot\share\runtime\sharedRuntime.cpp, line 628]
Event: 26.322 Thread 0x00000234a16545a0 Exception <a 'java/lang/ClassCastException'{0x000000072767b650}> (0x000000072767b650) 
thrown [e:\jenkins\tmp\workspace\build\src\src\hotspot\share\runtime\sharedRuntime.cpp, line 628]
Event: 26.322 Thread 0x00000234a16545a0 Exception <a 'java/lang/ClassCastException'{0x000000072767bf88}> (0x000000072767bf88) 
thrown [e:\jenkins\tmp\workspace\build\src\src\hotspot\share\runtime\sharedRuntime.cpp, line 628]
Event: 26.322 Thread 0x00000234a16545a0 Exception <a 'java/lang/ClassCastException'{0x000000072767cb40}> (0x000000072767cb40) 
thrown [e:\jenkins\tmp\workspace\build\src\src\hotspot\share\runtime\sharedRuntime.cpp, line 628]
Event: 26.322 Thread 0x00000234a16545a0 Exception <a 'java/lang/ClassCastException'{0x000000072767d6f8}> (0x000000072767d6f8) 
thrown [e:\jenkins\tmp\workspace\build\src\src\hotspot\share\runtime\sharedRuntime.cpp, line 628]
Event: 26.322 Thread 0x00000234a16545a0 Exception <a 'java/lang/ClassCastException'{0x000000072767dfc8}> (0x000000072767dfc8) 
thrown [e:\jenkins\tmp\workspace\build\src\src\hotspot\share\runtime\sharedRuntime.cpp, line 628]
Event: 26.322 Thread 0x00000234a16545a0 Exception <a 'java/lang/ClassCastException'{0x000000072767e900}> (0x000000072767e900) 
thrown [e:\jenkins\tmp\workspace\build\src\src\hotspot\share\runtime\sharedRuntime.cpp, line 628]
Event: 26.322 Thread 0x00000234a16545a0 Exception <a 'java/lang/ClassCastException'{0x000000072767f8b8}> (0x000000072767f8b8) 
thrown [e:\jenkins\tmp\workspace\build\src\src\hotspot\share\runtime\sharedRuntime.cpp, line 628]
Event: 26.322 Thread 0x00000234a16545a0 Exception <a 'java/lang/ClassCastException'{0x0000000727680460}> (0x0000000727680460) 
thrown [e:\jenkins\tmp\workspace\build\src\src\hotspot\share\runtime\sharedRuntime.cpp, line 628]
Event: 26.322 Thread 0x00000234a16545a0 Exception <a 'java/lang/ClassCastException'{0x0000000727680d30}> (0x0000000727680d30) 
thrown [e:\jenkins\tmp\workspace\build\src\src\hotspot\share\runtime\sharedRuntime.cpp, line 628]
Event: 26.322 Thread 0x00000234a16545a0 Exception <a 'java/lang/ClassCastException'{0x0000000727681668}> (0x0000000727681668) 
thrown [e:\jenkins\tmp\workspace\build\src\src\hotspot\share\runtime\sharedRuntime.cpp, line 628]
Event: 26.322 Thread 0x00000234a16545a0 Exception <a 'java/lang/ClassCastException'{0x0000000727682218}> (0x0000000727682218) 
thrown [e:\jenkins\tmp\workspace\build\src\src\hotspot\share\runtime\sharedRuntime.cpp, line 628]
Event: 26.322 Thread 0x00000234a16545a0 Exception <a 'java/lang/ClassCastException'{0x0000000727682dd8}> (0x0000000727682dd8) 
thrown [e:\jenkins\tmp\workspace\build\src\src\hotspot\share\runtime\sharedRuntime.cpp, line 628]
Event: 26.322 Thread 0x00000234a16545a0 Exception <a 'java/lang/ClassCastException'{0x0000000727683698}> (0x0000000727683698) 
thrown [e:\jenkins\tmp\workspace\build\src\src\hotspot\share\runtime\sharedRuntime.cpp, line 628]
Event: 26.322 Thread 0x00000234a16545a0 Exception <a 'java/lang/ClassCastException'{0x0000000727683f58}> (0x0000000727683f58) 
thrown [e:\jenkins\tmp\workspace\build\src\src\hotspot\share\runtime\sharedRuntime.cpp, line 628]
Event: 26.322 Thread 0x00000234a16545a0 Exception <a 'java/lang/ClassCastException'{0x0000000727684810}> (0x0000000727684810) 
thrown [e:\jenkins\tmp\workspace\build\src\src\hotspot\share\runtime\sharedRuntime.cpp, line 628]

VM Operations (20 events):
Event: 24.569 Executing VM operation: HandshakeAllThreads
Event: 24.569 Executing VM operation: HandshakeAllThreads done
Event: 24.571 Executing VM operation: HandshakeAllThreads
Event: 24.571 Executing VM operation: HandshakeAllThreads done
Event: 24.585 Executing VM operation: HandshakeAllThreads
Event: 24.585 Executing VM operation: HandshakeAllThreads done
Event: 24.585 Executing VM operation: HandshakeAllThreads
Event: 24.585 Executing VM operation: HandshakeAllThreads done
Event: 24.608 Executing VM operation: HandshakeAllThreads
Event: 24.608 Executing VM operation: HandshakeAllThreads done
Event: 25.175 Executing VM operation: G1CollectForAllocation
Event: 25.187 Executing VM operation: G1CollectForAllocation done
Event: 25.656 Executing VM operation: HandshakeAllThreads
Event: 25.656 Executing VM operation: HandshakeAllThreads done
Event: 25.767 Executing VM operation: ICBufferFull
Event: 25.767 Executing VM operation: ICBufferFull done
Event: 26.098 Executing VM operation: HandshakeAllThreads
Event: 26.098 Executing VM operation: HandshakeAllThreads done
Event: 26.118 Executing VM operation: ICBufferFull
Event: 26.118 Executing VM operation: ICBufferFull done

Events (20 events):
Event: 26.399 loading class java/util/zip/Deflater$DeflaterZStreamRef
Event: 26.399 loading class java/util/zip/Deflater$DeflaterZStreamRef done
Event: 26.408 loading class java/nio/channels/ClosedChannelException
Event: 26.408 loading class java/nio/channels/ClosedChannelException done
Event: 26.424 loading class java/lang/reflect/ParameterizedType
Event: 26.424 loading class java/lang/reflect/ParameterizedType done
Event: 26.424 loading class java/lang/reflect/GenericArrayType
Event: 26.424 loading class java/lang/reflect/GenericArrayType done
Event: 26.424 loading class java/lang/reflect/WildcardType
Event: 26.424 loading class java/lang/reflect/WildcardType done
Event: 26.428 loading class sun/misc/Unsafe
Event: 26.428 loading class sun/misc/Unsafe done
Event: 26.429 loading class jdk/internal/reflect/UnsafeFieldAccessorFactory
Event: 26.429 loading class jdk/internal/reflect/UnsafeFieldAccessorFactory done
Event: 26.429 loading class jdk/internal/reflect/UnsafeQualifiedStaticObjectFieldAccessorImpl
Event: 26.430 loading class jdk/internal/reflect/UnsafeQualifiedStaticFieldAccessorImpl
Event: 26.430 loading class jdk/internal/reflect/UnsafeQualifiedStaticFieldAccessorImpl done
Event: 26.430 loading class jdk/internal/reflect/UnsafeQualifiedStaticObjectFieldAccessorImpl done
Event: 26.432 loading class java/util/concurrent/atomic/AtomicLongArray
Event: 26.433 loading class java/util/concurrent/atomic/AtomicLongArray done


Dynamic libraries:
0x00007ff66c500000 - 0x00007ff66c50e000 	C:\Program Files\Eclipse Adoptium\jdk-17.0.1.12-hotspot\bin\java.exe
0x00007ff9b4290000 - 0x00007ff9b4485000 	C:\WINDOWS\SYSTEM32\ntdll.dll
0x00007ff9b2c10000 - 0x00007ff9b2ccd000 	C:\WINDOWS\System32\KERNEL32.DLL
0x00007ff9b1cf0000 - 0x00007ff9b1fbd000 	C:\WINDOWS\System32\KERNELBASE.dll
0x00007ff9b19a0000 - 0x00007ff9b1aa0000 	C:\WINDOWS\System32\ucrtbase.dll
0x00007ff9a5080000 - 0x00007ff9a5099000 	C:\Program Files\Eclipse Adoptium\jdk-17.0.1.12-hotspot\bin\VCRUNTIME140.dll
0x00007ff9a4930000 - 0x00007ff9a4948000 	C:\Program Files\Eclipse Adoptium\jdk-17.0.1.12-hotspot\bin\jli.dll
0x00007ff998e40000 - 0x00007ff9990da000 	C:\WINDOWS\WinSxS\amd64_microsoft.windows.common-controls_6595b64144ccf1df_6.0.19041.1110_none_60b5254171f9507e\COMCTL32.dll
0x00007ff9b2a70000 - 0x00007ff9b2c10000 	C:\WINDOWS\System32\USER32.dll
0x00007ff9b26f0000 - 0x00007ff9b278e000 	C:\WINDOWS\System32\msvcrt.dll
0x00007ff9b1c20000 - 0x00007ff9b1c42000 	C:\WINDOWS\System32\win32u.dll
0x00007ff9b2a40000 - 0x00007ff9b2a6a000 	C:\WINDOWS\System32\GDI32.dll
0x00007ff9b1aa0000 - 0x00007ff9b1bab000 	C:\WINDOWS\System32\gdi32full.dll
0x00007ff9b1c50000 - 0x00007ff9b1ced000 	C:\WINDOWS\System32\msvcp_win.dll
0x00007ff9b4220000 - 0x00007ff9b4250000 	C:\WINDOWS\System32\IMM32.DLL
0x00007ff9a8ab0000 - 0x00007ff9a8abc000 	C:\Program Files\Eclipse Adoptium\jdk-17.0.1.12-hotspot\bin\vcruntime140_1.dll
0x00007ff96bb50000 - 0x00007ff96bbe1000 	C:\Program Files\Eclipse Adoptium\jdk-17.0.1.12-hotspot\bin\msvcp140.dll
0x00007ff911b60000 - 0x00007ff9127a6000 	C:\Program Files\Eclipse Adoptium\jdk-17.0.1.12-hotspot\bin\server\jvm.dll
0x00007ff9b3730000 - 0x00007ff9b37de000 	C:\WINDOWS\System32\ADVAPI32.dll
0x00007ff9b2db0000 - 0x00007ff9b2e4c000 	C:\WINDOWS\System32\sechost.dll
0x00007ff9b25c0000 - 0x00007ff9b26e5000 	C:\WINDOWS\System32\RPCRT4.dll
0x00007ff9979b0000 - 0x00007ff9979b9000 	C:\WINDOWS\SYSTEM32\WSOCK32.dll
0x00007ff9b3640000 - 0x00007ff9b36ab000 	C:\WINDOWS\System32\WS2_32.dll
0x00007ff98c800000 - 0x00007ff98c827000 	C:\WINDOWS\SYSTEM32\WINMM.dll
0x00007ff9b36b0000 - 0x00007ff9b36b8000 	C:\WINDOWS\System32\PSAPI.DLL
0x00007ff9a9b30000 - 0x00007ff9a9b3a000 	C:\WINDOWS\SYSTEM32\VERSION.dll
0x00007ff9b00e0000 - 0x00007ff9b00f2000 	C:\WINDOWS\SYSTEM32\kernel.appcore.dll
0x00007ff9a5250000 - 0x00007ff9a525a000 	C:\Program Files\Eclipse Adoptium\jdk-17.0.1.12-hotspot\bin\jimage.dll
0x00007ff9afe00000 - 0x00007ff9affe4000 	C:\WINDOWS\SYSTEM32\DBGHELP.DLL
0x00007ff996b30000 - 0x00007ff996b5c000 	C:\WINDOWS\SYSTEM32\dbgcore.DLL
0x00007ff9b2220000 - 0x00007ff9b22a2000 	C:\WINDOWS\System32\bcryptPrimitives.dll
0x00007ff997980000 - 0x00007ff9979a5000 	C:\Program Files\Eclipse Adoptium\jdk-17.0.1.12-hotspot\bin\java.dll
0x00007ff96ba70000 - 0x00007ff96bb46000 	C:\Program Files\Eclipse Adoptium\jdk-17.0.1.12-hotspot\bin\svml.dll
0x00007ff9b2e50000 - 0x00007ff9b3594000 	C:\WINDOWS\System32\SHELL32.dll
0x00007ff9af5a0000 - 0x00007ff9afd34000 	C:\WINDOWS\SYSTEM32\windows.storage.dll
0x00007ff9b3a40000 - 0x00007ff9b3d94000 	C:\WINDOWS\System32\combase.dll
0x00007ff9b1320000 - 0x00007ff9b134c000 	C:\WINDOWS\SYSTEM32\Wldp.dll
0x00007ff9b3990000 - 0x00007ff9b3a3d000 	C:\WINDOWS\System32\SHCORE.dll
0x00007ff9b36d0000 - 0x00007ff9b3725000 	C:\WINDOWS\System32\shlwapi.dll
0x00007ff9b18e0000 - 0x00007ff9b18ff000 	C:\WINDOWS\SYSTEM32\profapi.dll
0x00007ff9978f0000 - 0x00007ff997909000 	C:\Program Files\Eclipse Adoptium\jdk-17.0.1.12-hotspot\bin\net.dll
0x00007ff9b09b0000 - 0x00007ff9b0aba000 	C:\WINDOWS\SYSTEM32\WINHTTP.dll
0x00007ff9b1100000 - 0x00007ff9b116a000 	C:\WINDOWS\system32\mswsock.dll
0x00007ff997860000 - 0x00007ff997875000 	C:\Program Files\Eclipse Adoptium\jdk-17.0.1.12-hotspot\bin\nio.dll
0x00007ff997670000 - 0x00007ff997688000 	C:\Program Files\Eclipse Adoptium\jdk-17.0.1.12-hotspot\bin\zip.dll
0x00007ff9a4920000 - 0x00007ff9a4930000 	C:\Program Files\Eclipse Adoptium\jdk-17.0.1.12-hotspot\bin\verify.dll
0x00007ff9b0e00000 - 0x00007ff9b0ecb000 	C:\WINDOWS\SYSTEM32\DNSAPI.dll
0x00007ff9b0dc0000 - 0x00007ff9b0dfb000 	C:\WINDOWS\SYSTEM32\IPHLPAPI.DLL
0x00007ff9b36c0000 - 0x00007ff9b36c8000 	C:\WINDOWS\System32\NSI.dll
0x00007ff9a4af0000 - 0x00007ff9a4afa000 	C:\Windows\System32\rasadhlp.dll
0x00007ff9a73c0000 - 0x00007ff9a7440000 	C:\WINDOWS\System32\fwpuclnt.dll
0x00007ff9b22b0000 - 0x00007ff9b22d7000 	C:\WINDOWS\System32\bcrypt.dll
0x00007ff9b1360000 - 0x00007ff9b1378000 	C:\WINDOWS\SYSTEM32\CRYPTSP.dll
0x00007ff9b0920000 - 0x00007ff9b0954000 	C:\WINDOWS\system32\rsaenh.dll
0x00007ff9b1860000 - 0x00007ff9b188e000 	C:\WINDOWS\SYSTEM32\USERENV.dll
0x00007ff9b1290000 - 0x00007ff9b129c000 	C:\WINDOWS\SYSTEM32\CRYPTBASE.dll
0x00007ff9a9b10000 - 0x00007ff9a9b27000 	C:\WINDOWS\SYSTEM32\dhcpcsvc6.DLL
0x00007ff9a9af0000 - 0x00007ff9a9b0d000 	C:\WINDOWS\SYSTEM32\dhcpcsvc.DLL

dbghelp: loaded successfully - version: 4.0.5 - missing functions: none
symbol engine: initialized successfully - sym options: 0x614 - pdb path: .;C:\Program Files\Eclipse Adoptium\jdk-17.0.1.12-hotspot\bin;C:\WINDOWS\SYSTEM32;C:\WINDOWS\WinSxS\amd64_microsoft.windows.common-controls_6595b64144ccf1df_6.0.19041.1110_none_60b5254171f9507e;C:\Program Files\Eclipse Adoptium\jdk-17.0.1.12-hotspot\bin\server

VM Arguments:
jvm_args: -Dfile.encoding=UTF-8 
java_command: C:\Repository\nhsn-measures\input-cache\publisher.jar -ig .
java_class_path (initial): C:\Repository\nhsn-measures\input-cache\publisher.jar
Launcher Type: SUN_STANDARD

[Global flags]
     intx CICompilerCount                          = 4                                         {product} {ergonomic}
     uint ConcGCThreads                            = 3                                         {product} {ergonomic}
     uint G1ConcRefinementThreads                  = 10                                        {product} {ergonomic}
   size_t G1HeapRegionSize                         = 2097152                                   {product} {ergonomic}
    uintx GCDrainStackTargetSize                   = 64                                        {product} {ergonomic}
   size_t InitialHeapSize                          = 266338304                                 {product} {ergonomic}
   size_t MarkStackSize                            = 4194304                                   {product} {ergonomic}
   size_t MaxHeapSize                              = 4232052736                                {product} {ergonomic}
   size_t MaxNewSize                               = 2537553920                                {product} {ergonomic}
   size_t MinHeapDeltaBytes                        = 2097152                                   {product} {ergonomic}
   size_t MinHeapSize                              = 8388608                                   {product} {ergonomic}
    uintx NonNMethodCodeHeapSize                   = 5839372                                {pd product} {ergonomic}
    uintx NonProfiledCodeHeapSize                  = 122909434                              {pd product} {ergonomic}
    uintx ProfiledCodeHeapSize                     = 122909434                              {pd product} {ergonomic}
    uintx ReservedCodeCacheSize                    = 251658240                              {pd product} {ergonomic}
     bool SegmentedCodeCache                       = true                                      {product} {ergonomic}
   size_t SoftMaxHeapSize                          = 4232052736                             {manageable} {ergonomic}
     bool UseCompressedClassPointers               = true                           {product lp64_product} {ergonomic}
     bool UseCompressedOops                        = true                           {product lp64_product} {ergonomic}
     bool UseG1GC                                  = true                                      {product} {ergonomic}
     bool UseLargePagesIndividualAllocation        = false                                  {pd product} {ergonomic}

Logging:
Log output configuration:
 #0: stdout all=warning uptime,level,tags
 #1: stderr all=off uptime,level,tags

Environment Variables:
JAVA_HOME=C:\Program Files\Java\jdk-17.0.3.1
JAVA_TOOL_OPTIONS=-Dfile.encoding=UTF-8
PATH=C:\Program Files\Eclipse Adoptium\jdk-17.0.1.12-hotspot\bin;C:\Program Files (x86)\Microsoft SDKs\Azure\CLI2\wbin;C:\Python39\Scripts\;C:\Python39\;C:\Windows\system32;C:\Windows;C:\Windows\System32\Wbem;C:\Windows\System32\WindowsPowerShell\v1.0\;C:\Windows\System32\OpenSSH\;C:\Program Files (x86)\NVIDIA Corporation\PhysX\Common;C:\Program Files\dotnet\;C:\Program Files\Microsoft SQL Server\130\Tools\Binn\;C:\Program Files\Microsoft SQL Server\Client SDK\ODBC\170\Tools\Binn\;C:\WINDOWS\system32\config\systemprofile\.dnx\bin;C:\Program Files\Microsoft DNX\Dnvm\;C:\Program Files (x86)\Microsoft SQL Server\150\Tools\Binn\;C:\Program Files\Microsoft SQL Server\150\Tools\Binn\;C:\Program Files\Microsoft SQL Server\150\DTS\Binn\;C:\Program Files (x86)\Microsoft SQL Server\150\DTS\Binn\;C:\Program Files\Java\jdk-14.0.1\bin;C:\WINDOWS\system32;C:\WINDOWS;C:\WINDOWS\System32\Wbem;C:\WINDOWS\System32\WindowsPowerShell\v1.0\;C:\WINDOWS\System32\OpenSSH\;C:\Program Files (x86)\Plantronics\Spokes3G\;C:\ProgramData\chocolatey\bin;C:\Program Files\PuTTY\;C:\Program Files\MySQL\MySQL Workbench 8.0 CE;C:\Program Files\Docker\Docker\resources\bin;C:\ProgramData\DockerDesktop\version-bin;C:\hapi-fhir-cli;C:\Program Files\Git\cmd;C:\Program Files\nodejs\;C:\Users\arvind.jagannathan\.windows-build-tools\python27\;C:\Users\arvind.jagannathan\AppData\Roaming\npm\node_modules\windows-build-tools\node_modules\.bin;C:\Users\arvind.jagannathan\AppData\Roaming\npm\node_modules\node_modules\.bin;C:\Users\arvind.jagannathan\AppData\Roaming\npm\node_modules\.bin;C:\Users\arvind.jagannathan\AppData\Roaming\node_modules\.bin;C:\Users\arvind.jagannathan\AppData\node_modules\.bin;C:\Users\arvind.jagannathan\node_modules\.bin;C:\Users\node_modules\.bin;C:\node_modules\.bin;C:\Program Files\nodejs\node_modules\npm\node_modules\@npmcli\run-script\lib\node-gyp-bin;C:\Program Files\Eclipse Adoptium\jdk-17.0.1.12-hotspot\bin;C:\Program Files (x86)\Microsoft SDKs\Azure\CLI2\wbin;C:\Python39\Scripts\;C:\P
USERNAME=arvind.jagannathan
LANG=en_US.UTF-8
OS=Windows_NT
PROCESSOR_IDENTIFIER=Intel64 Family 6 Model 158 Stepping 10, GenuineIntel



---------------  S Y S T E M  ---------------

OS:
 Windows 10 , 64 bit Build 19041 (10.0.19041.1706)
OS uptime: 9 days 3:01 hours
Hyper-V role detected

CPU: total 12 (initial active 12) (6 cores per cpu, 2 threads per core) family 6 model 158 stepping 10 microcode 0xf0, cx8, cmov, fxsr, ht, mmx, 3dnowpref, sse, sse2, sse3, ssse3, sse4.1, sse4.2, popcnt, lzcnt, tsc, tscinvbit, avx, avx2, aes, erms, clmul, bmi1, bmi2, rtm, adx, fma, vzeroupper, clflush, clflushopt, hv

Memory: 4k page, system-wide physical 16143M (463M free)
TotalPageFile size 46434M (AvailPageFile size 20M)
current process WorkingSet (physical memory assigned to process): 828M, peak: 829M
current process commit charge ("private bytes"): 1184M, peak: 1184M

vm_info: OpenJDK 64-Bit Server VM (17.0.1+12) for windows-amd64 JRE (17.0.1+12), built on Oct 20 2021 07:42:55 by "" with MS VC++ 16.7 (VS2019)

END.
