JvmtiExport can_access_local_variables 0
JvmtiExport can_hotswap_or_post_breakpoint 0
JvmtiExport can_post_on_exceptions 0
# 659 ciObject found
ciInstanceKlass java/lang/Cloneable 1 0 7 100 1 100 1 1 1
instanceKlass org/hl7/fhir/convertors/conv40_50/resources40_50/ValueSet40_50
instanceKlass org/hl7/fhir/r5/terminologies/CodeSystemUtilities
instanceKlass org/hl7/fhir/r5/model/Property
instanceKlass org/hl7/fhir/r5/utils/LiquidEngine
instanceKlass org/hl7/fhir/convertors/conv40_50/resources40_50/CodeSystem40_50$1
instanceKlass org/hl7/fhir/r5/model/CodeSystem$CodeSystemContentModeEnumFactory
instanceKlass org/hl7/fhir/convertors/conv40_50/resources40_50/CodeSystem40_50
instanceKlass org/hl7/fhir/r4/model/CodeSystem$CodeSystemContentModeEnumFactory
instanceKlass org/fhir/ucum/Utilities
instanceKlass java/time/Period
instanceKlass java/time/chrono/ChronoPeriod
instanceKlass java/time/format/DateTimeFormatterBuilder$TextPrinterParser
instanceKlass java/time/format/DateTimeTextProvider$1
instanceKlass java/time/format/DateTimeTextProvider
instanceKlass java/util/AbstractMap$SimpleImmutableEntry
instanceKlass java/time/format/DateTimeTextProvider$LocaleStore
instanceKlass java/time/format/DateTimeFormatterBuilder$InstantPrinterParser
instanceKlass java/time/format/DateTimeFormatterBuilder$StringLiteralPrinterParser
instanceKlass java/time/format/DateTimeFormatterBuilder$ZoneIdPrinterParser
instanceKlass java/time/format/DateTimeFormatterBuilder$OffsetIdPrinterParser
instanceKlass java/time/format/DecimalStyle
instanceKlass java/time/format/DateTimeFormatterBuilder$CompositePrinterParser
instanceKlass java/time/format/DateTimeFormatterBuilder$CharLiteralPrinterParser
instanceKlass java/time/format/DateTimeFormatterBuilder$NumberPrinterParser
instanceKlass java/time/format/DateTimeFormatterBuilder$DateTimePrinterParser
instanceKlass java/time/temporal/JulianFields
instanceKlass java/time/temporal/IsoFields
instanceKlass java/time/temporal/TemporalQuery
instanceKlass java/time/format/DateTimeFormatterBuilder
instanceKlass java/time/format/DateTimeFormatter
instanceKlass org/hl7/fhir/r5/utils/JurisdictionLocales
instanceKlass org/hl7/fhir/r5/utils/ResourceUtilities
instanceKlass org/apache/commons/compress/archivers/tar/TarUtils$1
instanceKlass org/apache/commons/compress/archivers/tar/TarUtils
instanceKlass org/apache/commons/compress/utils/IOUtils
instanceKlass org/apache/commons/compress/archivers/tar/TarArchiveEntry
instanceKlass org/apache/commons/compress/archivers/EntryStreamOffsets
instanceKlass org/apache/commons/compress/archivers/tar/TarConstants
instanceKlass org/hl7/fhir/r5/utils/NPMPackageGenerator$1
instanceKlass com/google/gson/internal/bind/ReflectiveTypeAdapterFactory$BoundField
instanceKlass com/google/gson/internal/bind/ReflectiveTypeAdapterFactory
instanceKlass com/google/gson/internal/bind/JsonAdapterAnnotationTypeAdapterFactory
instanceKlass com/google/gson/internal/bind/MapTypeAdapterFactory
instanceKlass com/google/gson/internal/bind/CollectionTypeAdapterFactory
instanceKlass com/google/gson/internal/bind/ArrayTypeAdapter$1
instanceKlass com/google/gson/internal/bind/SqlDateTypeAdapter$1
instanceKlass com/google/gson/internal/bind/TimeTypeAdapter$1
instanceKlass com/google/gson/internal/bind/DateTypeAdapter$1
instanceKlass java/util/concurrent/atomic/AtomicLongArray
instanceKlass com/google/gson/internal/bind/ObjectTypeAdapter$1
instanceKlass jdk/internal/reflect/UnsafeFieldAccessorFactory
instanceKlass sun/misc/Unsafe
instanceKlass com/google/gson/internal/JavaVersion
instanceKlass com/google/gson/internal/reflect/ReflectionAccessor
instanceKlass com/google/gson/internal/ObjectConstructor
instanceKlass com/google/gson/internal/ConstructorConstructor
instanceKlass java/lang/reflect/WildcardType
instanceKlass java/lang/reflect/GenericArrayType
instanceKlass java/lang/reflect/ParameterizedType
instanceKlass com/google/gson/internal/$Gson$Types
instanceKlass com/google/gson/reflect/TypeToken
instanceKlass com/google/gson/Gson
instanceKlass com/google/gson/internal/Excluder
instanceKlass com/google/gson/FieldNamingStrategy
instanceKlass com/google/gson/GsonBuilder
instanceKlass org/hl7/fhir/utilities/npm/NpmPackageIndexBuilder
instanceKlass org/apache/commons/compress/utils/FixedLengthBlockOutputStream$BufferAtATimeOutputChannel
instanceKlass org/apache/commons/compress/archivers/zip/NioZipEncoding
instanceKlass org/apache/commons/compress/archivers/zip/CharsetAccessor
instanceKlass org/apache/commons/compress/archivers/zip/ZipEncoding
instanceKlass org/apache/commons/compress/archivers/zip/ZipEncodingHelper
instanceKlass java/util/zip/Deflater$DeflaterZStreamRef
instanceKlass java/util/zip/Deflater
instanceKlass org/apache/commons/compress/compressors/gzip/GzipParameters
instanceKlass org/hl7/fhir/r5/utils/NPMPackageGenerator
instanceKlass com/sun/org/apache/xerces/internal/dom/ParentNode$UserDataRecord
instanceKlass org/hl7/fhir/r5/utils/formats/XmlLocationData
instanceKlass com/sun/org/apache/xerces/internal/dom/events/EventImpl
instanceKlass org/w3c/dom/events/MutationEvent
instanceKlass org/w3c/dom/events/Event
instanceKlass net/sf/saxon/dom/NodeOverNodeInfo
instanceKlass com/sun/org/apache/xerces/internal/dom/LCount
instanceKlass com/sun/org/apache/xerces/internal/dom/DocumentImpl$LEntry
instanceKlass org/hl7/fhir/r5/utils/formats/XmlLocationAnnotator$1
instanceKlass org/hl7/fhir/r5/utils/formats/XmlLocationAnnotator$LocationDataHandler
instanceKlass org/w3c/dom/events/EventListener
instanceKlass org/w3c/dom/UserDataHandler
instanceKlass org/xml/sax/helpers/XMLFilterImpl
instanceKlass javax/xml/transform/dom/DOMResult
instanceKlass org/hl7/fhir/igtools/publisher/AdjunctFileLoader
instanceKlass java/lang/Throwable$PrintStreamOrWriter
instanceKlass org/hl7/fhir/utilities/xhtml/XhtmlComposer
instanceKlass org/hl7/fhir/r5/elementmodel/XmlParser$1
instanceKlass org/cqframework/cql/cql2elm/NamespaceInfo
instanceKlass org/hl7/fhir/igtools/publisher/LibraryLoader
instanceKlass org/cqframework/cql/cql2elm/LibrarySourceProvider
instanceKlass org/hl7/fhir/igtools/publisher/CqlSubSystem
instanceKlass org/w3c/dom/Attr
instanceKlass com/sun/org/apache/xerces/internal/dom/NamedNodeMapImpl
instanceKlass org/w3c/dom/NamedNodeMap
instanceKlass org/hl7/fhir/igtools/spreadsheets/MappingSpace
instanceKlass org/w3c/dom/Comment
instanceKlass com/sun/org/apache/xerces/internal/dom/CharacterDataImpl$1
instanceKlass org/w3c/dom/Text
instanceKlass org/w3c/dom/CharacterData
instanceKlass com/sun/org/apache/xerces/internal/dom/DeferredDocumentImpl$RefCount
instanceKlass com/sun/org/apache/xerces/internal/dom/NodeListCache
instanceKlass org/w3c/dom/TypeInfo
instanceKlass org/w3c/dom/ElementTraversal
instanceKlass org/w3c/dom/Element
instanceKlass org/w3c/dom/DocumentType
instanceKlass com/sun/org/apache/xerces/internal/dom/NodeImpl
instanceKlass org/w3c/dom/events/EventTarget
instanceKlass org/w3c/dom/NodeList
instanceKlass org/w3c/dom/ranges/DocumentRange
instanceKlass org/w3c/dom/events/DocumentEvent
instanceKlass org/w3c/dom/traversal/DocumentTraversal
instanceKlass com/sun/org/apache/xerces/internal/dom/DeferredNode
instanceKlass javax/xml/parsers/DocumentBuilder
instanceKlass javax/xml/parsers/DocumentBuilderFactory
instanceKlass org/hl7/fhir/r5/elementmodel/ParserBase$NamedElement
instanceKlass org/hl7/fhir/r5/utils/TypesUtilities
instanceKlass org/hl7/fhir/r5/elementmodel/Property
instanceKlass org/hl7/fhir/r5/elementmodel/ParserBase
instanceKlass org/hl7/fhir/r4/model/ExtensionHelper
instanceKlass org/hl7/fhir/r4/formats/JsonCreatorDirect
instanceKlass org/hl7/fhir/r4/model/ImplementationGuide$GuidePageGenerationEnumFactory
instanceKlass org/hl7/fhir/convertors/conv40_50/resources40_50/ImplementationGuide40_50$1
instanceKlass org/hl7/fhir/r4/model/ImplementationGuide$SPDXLicenseEnumFactory
instanceKlass org/hl7/fhir/convertors/conv40_50/resources40_50/ImplementationGuide40_50
instanceKlass org/hl7/fhir/utilities/TimeTracker$Session
instanceKlass org/hl7/fhir/utilities/TimeTracker$Counter
instanceKlass sun/net/www/protocol/http/HttpURLConnection$10
instanceKlass sun/net/www/http/KeepAliveStreamCleaner$2
instanceKlass sun/net/www/http/KeepAliveStreamCleaner$1
instanceKlass sun/net/www/HeaderParser
instanceKlass org/hl7/fhir/igtools/publisher/PastProcessHackerUtilities
instanceKlass org/hl7/fhir/igtools/publisher/PreviousVersionComparator
instanceKlass org/hl7/fhir/r5/utils/ToolingExtensions
instanceKlass org/hl7/fhir/r5/model/ImplementationGuide$1
instanceKlass org/hl7/fhir/utilities/SIDUtilities
instanceKlass org/hl7/fhir/igtools/publisher/ValidationServices
instanceKlass org/hl7/fhir/validation/instance/InstanceValidator$ValidatorHostServices
instanceKlass org/hl7/fhir/validation/instance/EnableWhenEvaluator
instanceKlass org/hl7/fhir/validation/TimeTracker
instanceKlass org/hl7/fhir/igtools/publisher/Publisher$IGPublisherHostServices
instanceKlass org/hl7/fhir/validation/BaseValidator
instanceKlass org/hl7/fhir/r5/utils/validation/ValidationContextCarrier$IValidationContextResourceLoader
instanceKlass org/hl7/fhir/r5/utils/validation/IResourceValidator
instanceKlass org/hl7/fhir/convertors/conv40_50/datatypes40_50/metadata40_50/Expression40_50
instanceKlass org/hl7/fhir/convertors/conv40_50/datatypes40_50/special40_50/xhtml40_50
instanceKlass org/hl7/fhir/convertors/conv40_50/datatypes40_50/special40_50/Narrative40_50$1
instanceKlass org/hl7/fhir/r5/model/Narrative$NarrativeStatusEnumFactory
instanceKlass org/hl7/fhir/convertors/conv40_50/datatypes40_50/special40_50/Narrative40_50
instanceKlass org/hl7/fhir/utilities/xhtml/XhtmlParser$NSMap
instanceKlass org/hl7/fhir/utilities/xhtml/XhtmlParser$QName
instanceKlass org/hl7/fhir/utilities/xhtml/XhtmlNode$Location
instanceKlass org/hl7/fhir/utilities/xhtml/XhtmlParser
instanceKlass org/hl7/fhir/r4/model/Narrative$NarrativeStatusEnumFactory
instanceKlass org/hl7/fhir/igtools/publisher/HTLMLInspector
instanceKlass okio/BufferedSink
instanceKlass okio/Sink
instanceKlass org/hl7/fhir/r5/utils/client/network/FhirLoggingInterceptor
instanceKlass okhttp3/Interceptor
instanceKlass org/hl7/fhir/r5/context/BaseLogger
instanceKlass org/hl7/fhir/r5/utils/client/network/ClientHeaders
instanceKlass sun/nio/cs/ThreadLocalCoders$Cache
instanceKlass sun/nio/cs/ThreadLocalCoders
instanceKlass org/apache/http/message/ParserCursor
instanceKlass org/apache/http/util/Args
instanceKlass org/apache/http/client/utils/URLEncodedUtils
instanceKlass org/apache/http/Consts
instanceKlass org/apache/http/client/utils/URIBuilder
instanceKlass org/hl7/fhir/r5/utils/client/ResourceAddress
instanceKlass org/hl7/fhir/r5/utils/client/network/Client
instanceKlass org/hl7/fhir/convertors/txClient/TerminologyClientR5
instanceKlass org/hl7/fhir/convertors/txClient/TerminologyClientFactory$1
instanceKlass org/hl7/fhir/r5/terminologies/TerminologyClient
instanceKlass org/hl7/fhir/convertors/txClient/TerminologyClientFactory
instanceKlass java/lang/Shutdown$Lock
instanceKlass java/lang/Shutdown
instanceKlass java/io/DeleteOnExitHook$1
instanceKlass java/io/DeleteOnExitHook
instanceKlass java/io/File$TempDirectory
instanceKlass org/hl7/fhir/utilities/xhtml/XhtmlNode
instanceKlass org/hl7/fhir/instance/model/api/IBaseXhtml
instanceKlass org/hl7/fhir/r5/renderers/Renderer
instanceKlass sun/security/provider/AbstractDrbg$NonceProvider
instanceKlass java/net/NetworkInterface$1
instanceKlass java/net/DefaultInterface
instanceKlass java/net/InterfaceAddress
instanceKlass java/lang/constant/DynamicConstantDesc
instanceKlass java/lang/constant/DirectMethodHandleDesc$1
instanceKlass java/lang/constant/DirectMethodHandleDescImpl$1
instanceKlass java/lang/constant/DirectMethodHandleDescImpl
instanceKlass java/lang/constant/DirectMethodHandleDesc
instanceKlass java/lang/constant/MethodHandleDesc$1
instanceKlass java/lang/constant/MethodHandleDesc
instanceKlass java/lang/constant/MethodTypeDescImpl
instanceKlass java/lang/constant/MethodTypeDesc
instanceKlass java/lang/constant/ReferenceClassDescImpl
instanceKlass java/lang/constant/ConstantUtils
instanceKlass java/lang/constant/ClassDesc
instanceKlass java/lang/constant/ConstantDescs
instanceKlass java/lang/invoke/VarHandle$2
instanceKlass java/lang/invoke/VarHandle$TypesAndInvokers
instanceKlass java/lang/invoke/VarHandleByteArrayBase
instanceKlass sun/security/provider/ByteArrayAccess$BE
instanceKlass sun/security/provider/ByteArrayAccess
instanceKlass sun/security/provider/SeedGenerator$1
instanceKlass sun/security/util/MessageDigestSpi2
instanceKlass sun/security/jca/GetInstance$Instance
instanceKlass sun/security/jca/GetInstance
instanceKlass java/security/MessageDigestSpi
instanceKlass sun/security/provider/SeedGenerator
instanceKlass sun/security/provider/AbstractDrbg$SeederHolder
instanceKlass java/security/DrbgParameters$NextBytes
instanceKlass sun/security/provider/EntropySource
instanceKlass sun/security/provider/AbstractDrbg
instanceKlass java/security/DrbgParameters$Instantiation
instanceKlass java/security/DrbgParameters
instanceKlass sun/security/provider/MoreDrbgParameters
instanceKlass java/security/SecureRandomSpi
instanceKlass java/security/SecureRandomParameters
instanceKlass sun/security/util/SecurityProviderConstants
instanceKlass java/security/Provider$UString
instanceKlass java/security/Provider$Service
instanceKlass sun/security/provider/NativePRNG$NonBlocking
instanceKlass sun/security/provider/NativePRNG$Blocking
instanceKlass sun/security/provider/NativePRNG
instanceKlass sun/security/provider/SunEntries$1
instanceKlass sun/security/provider/SunEntries
instanceKlass java/util/AbstractList$Itr
instanceKlass sun/security/jca/ProviderList$2
instanceKlass java/security/Provider$EngineDescription
instanceKlass java/security/Provider$ServiceKey
instanceKlass sun/security/jca/ProviderConfig
instanceKlass sun/security/jca/ProviderList
instanceKlass sun/security/jca/Providers
instanceKlass java/util/UUID$Holder
instanceKlass org/apache/commons/io/IOUtils
instanceKlass org/hl7/fhir/r5/context/IWorkerContext$ValidationResult
instanceKlass org/hl7/fhir/r5/context/TerminologyCache$CacheEntry
instanceKlass org/hl7/fhir/r5/context/TerminologyCache$NamedCache
instanceKlass org/hl7/fhir/r5/model/Enumerations$RestfulCapabilityModeEnumFactory
instanceKlass org/hl7/fhir/r5/model/Enumerations$CapabilityStatementKindEnumFactory
instanceKlass org/hl7/fhir/r5/context/TerminologyCache
instanceKlass org/hl7/fhir/r5/conformance/ProfileUtilities$SliceList
instanceKlass org/hl7/fhir/r5/model/ExpressionNode$1
instanceKlass org/hl7/fhir/r5/utils/FHIRPathEngine$1
instanceKlass org/hl7/fhir/r5/model/ExpressionNode
instanceKlass org/hl7/fhir/utilities/SourceLocation
instanceKlass org/hl7/fhir/r5/utils/FHIRLexer
instanceKlass org/hl7/fhir/utilities/CommaSeparatedStringBuilder
instanceKlass org/apache/commons/lang3/builder/EqualsBuilder
instanceKlass org/apache/commons/lang3/builder/Builder
instanceKlass org/hl7/fhir/r5/utils/XVerExtensionManager
instanceKlass org/hl7/fhir/utilities/MergedList$IMatcher
instanceKlass org/hl7/fhir/r5/utils/FHIRPathEngine
instanceKlass org/hl7/fhir/utilities/validation/ValidationOptions
instanceKlass org/hl7/fhir/convertors/conv40_50/datatypes40_50/general40_50/Identifier40_50
instanceKlass org/hl7/fhir/convertors/conv40_50/datatypes40_50/general40_50/Coding40_50
instanceKlass org/hl7/fhir/convertors/conv40_50/datatypes40_50/general40_50/CodeableConcept40_50
instanceKlass org/hl7/fhir/convertors/conv40_50/datatypes40_50/primitive40_50/Decimal40_50
instanceKlass org/hl7/fhir/convertors/conv40_50/datatypes40_50/general40_50/Quantity40_50
instanceKlass java/math/BigDecimal$StringBuilderHelper
instanceKlass org/hl7/fhir/r4/model/Configuration
instanceKlass org/hl7/fhir/convertors/conv40_50/datatypes40_50/general40_50/Period40_50
instanceKlass org/hl7/fhir/convertors/conv40_50/datatypes40_50/primitive40_50/Instant40_50
instanceKlass org/hl7/fhir/convertors/conv40_50/datatypes40_50/special40_50/Meta40_50
instanceKlass org/hl7/fhir/r4/model/InstantType$1
instanceKlass org/hl7/fhir/r5/model/Enumerations$BindingStrengthEnumFactory
instanceKlass org/hl7/fhir/r4/model/Enumerations$BindingStrengthEnumFactory
instanceKlass org/hl7/fhir/r5/model/Configuration
instanceKlass org/hl7/fhir/r5/model/ElementDefinition$SlicingRulesEnumFactory
instanceKlass org/hl7/fhir/r5/model/ElementDefinition$DiscriminatorTypeEnumFactory
instanceKlass org/hl7/fhir/convertors/conv40_50/datatypes40_50/primitive40_50/Url40_50
instanceKlass org/hl7/fhir/r5/model/ElementDefinition$PropertyRepresentationEnumFactory
instanceKlass org/hl7/fhir/convertors/conv40_50/datatypes40_50/special40_50/ElementDefinition40_50$1
instanceKlass org/hl7/fhir/r5/model/ElementDefinition$ConstraintSeverityEnumFactory
instanceKlass org/hl7/fhir/convertors/conv40_50/datatypes40_50/primitive40_50/UnsignedInt40_50
instanceKlass org/hl7/fhir/convertors/conv40_50/datatypes40_50/BackboneElement40_50
instanceKlass org/hl7/fhir/convertors/conv40_50/datatypes40_50/special40_50/ElementDefinition40_50
instanceKlass org/hl7/fhir/r5/model/StructureDefinition$TypeDerivationRuleEnumFactory
instanceKlass org/hl7/fhir/convertors/conv40_50/datatypes40_50/primitive40_50/Canonical40_50
instanceKlass org/hl7/fhir/r5/model/StructureDefinition$ExtensionContextTypeEnumFactory
instanceKlass org/hl7/fhir/convertors/conv40_50/datatypes40_50/primitive40_50/Boolean40_50
instanceKlass org/hl7/fhir/convertors/conv40_50/resources40_50/StructureDefinition40_50$1
instanceKlass org/hl7/fhir/r5/model/StructureDefinition$StructureDefinitionKindEnumFactory
instanceKlass org/hl7/fhir/convertors/conv40_50/datatypes40_50/primitive40_50/MarkDown40_50
instanceKlass org/hl7/fhir/convertors/conv40_50/datatypes40_50/general40_50/ContactPoint40_50$1
instanceKlass org/hl7/fhir/convertors/conv40_50/datatypes40_50/general40_50/ContactPoint40_50
instanceKlass org/hl7/fhir/convertors/conv40_50/datatypes40_50/metadata40_50/ContactDetail40_50
instanceKlass org/hl7/fhir/r5/model/DateTimeType$1
instanceKlass org/hl7/fhir/convertors/conv40_50/datatypes40_50/primitive40_50/DateTime40_50
instanceKlass org/hl7/fhir/convertors/conv40_50/resources40_50/Enumerations40_50$1
instanceKlass org/hl7/fhir/convertors/conv40_50/resources40_50/Enumerations40_50
instanceKlass org/hl7/fhir/convertors/conv40_50/datatypes40_50/primitive40_50/String40_50
instanceKlass org/hl7/fhir/convertors/conv40_50/datatypes40_50/primitive40_50/Integer40_50
instanceKlass org/hl7/fhir/convertors/conv40_50/datatypes40_50/primitive40_50/Code40_50
instanceKlass org/hl7/fhir/convertors/conv40_50/datatypes40_50/primitive40_50/Uri40_50
instanceKlass org/hl7/fhir/convertors/conv40_50/datatypes40_50/special40_50/Extension40_50
instanceKlass java/util/stream/ForEachOps$ForEachOp
instanceKlass java/util/stream/ForEachOps
instanceKlass java/lang/invoke/MethodHandle$1
instanceKlass org/hl7/fhir/convertors/conv40_50/datatypes40_50/primitive40_50/Id40_50
instanceKlass org/hl7/fhir/convertors/conv40_50/resources40_50/StructureDefinition40_50
instanceKlass org/hl7/fhir/convertors/context/VersionConvertorContext
instanceKlass org/hl7/fhir/convertors/conv40_50/datatypes40_50/Type40_50
instanceKlass org/hl7/fhir/convertors/conv40_50/resources40_50/Resource40_50
instanceKlass org/hl7/fhir/convertors/conv40_50/datatypes40_50/Element40_50
instanceKlass org/hl7/fhir/convertors/conv40_50/VersionConvertor_40_50
instanceKlass org/hl7/fhir/convertors/factory/VersionConvertorFactory
instanceKlass org/hl7/fhir/r4/model/ElementDefinition$SlicingRulesEnumFactory
instanceKlass org/hl7/fhir/r4/model/ElementDefinition$DiscriminatorTypeEnumFactory
instanceKlass org/hl7/fhir/r4/model/ElementDefinition$PropertyRepresentationEnumFactory
instanceKlass org/hl7/fhir/r4/model/ElementDefinition$ConstraintSeverityEnumFactory
instanceKlass org/hl7/fhir/r4/model/StructureDefinition$TypeDerivationRuleEnumFactory
instanceKlass org/hl7/fhir/r4/model/StructureDefinition$ExtensionContextTypeEnumFactory
instanceKlass org/hl7/fhir/r4/model/StructureDefinition$StructureDefinitionKindEnumFactory
instanceKlass org/hl7/fhir/r4/model/Enumerations$FHIRVersionEnumFactory
instanceKlass org/hl7/fhir/r4/model/ContactPoint$ContactPointSystemEnumFactory
instanceKlass org/hl7/fhir/r4/model/DateTimeType$1
instanceKlass org/hl7/fhir/r4/model/Enumerations$PublicationStatusEnumFactory
instanceKlass org/hl7/fhir/r4/model/EnumFactory
instanceKlass org/hl7/fhir/r4/model/ICoding
instanceKlass org/hl7/fhir/r4/model/Base
instanceKlass org/hl7/fhir/r4/formats/JsonCreator
instanceKlass org/hl7/fhir/r4/formats/FormatUtilities
instanceKlass org/hl7/fhir/r4/formats/IParser
instanceKlass org/hl7/fhir/r5/conformance/ProfileUtilities$ExampleValueAccessor
instanceKlass org/hl7/fhir/r5/context/CanonicalResourceManager$MetadataResourceVersionComparator
instanceKlass org/hl7/fhir/r5/context/CanonicalResourceManager$CachedCanonicalResource
instanceKlass org/hl7/fhir/r5/context/BaseWorkerContext$ResourceProxy
instanceKlass java/text/CalendarBuilder
instanceKlass org/hl7/fhir/r5/context/IWorkerContext$PackageVersion
instanceKlass org/hl7/fhir/utilities/npm/NpmPackage$PackageResourceInformation
instanceKlass java/util/ResourceBundle$Control$2
instanceKlass java/util/ResourceBundle$CacheKeyReference
instanceKlass java/util/ResourceBundle$CacheKey
instanceKlass java/util/ImmutableCollections$Access$1
instanceKlass jdk/internal/access/JavaUtilCollectionAccess
instanceKlass java/util/ImmutableCollections$Access
instanceKlass java/util/ServiceLoader$ProviderSpliterator
instanceKlass java/util/spi/ResourceBundleControlProvider
instanceKlass java/util/ResourceBundle$ResourceBundleControlProviderHolder
instanceKlass org/hl7/fhir/r5/context/BaseWorkerContext$NullTranslator
instanceKlass org/hl7/fhir/r5/context/CanonicalResourceManager
instanceKlass org/hl7/fhir/utilities/ToolingClientLogger
instanceKlass org/hl7/fhir/r5/context/CanonicalResourceManager$CanonicalResourceProxy
instanceKlass org/hl7/fhir/utilities/TranslationServices
instanceKlass org/hl7/fhir/r5/context/SimpleWorkerContext$SimpleWorkerContextBuilder
instanceKlass org/hl7/fhir/convertors/loaders/loaderR5/BaseLoaderR5
instanceKlass org/hl7/fhir/r5/context/IWorkerContext$IContextResourceLoader
instanceKlass org/hl7/fhir/igtools/publisher/PublisherLoader
instanceKlass org/hl7/fhir/convertors/loaders/loaderR5/ILoaderKnowledgeProviderR5
instanceKlass org/hl7/fhir/utilities/MarkDownProcessor
instanceKlass java/awt/image/RenderedImage
instanceKlass org/hl7/fhir/utilities/xhtml/HierarchicalTableGenerator$Cell
instanceKlass org/hl7/fhir/utilities/TranslatingUtilities
instanceKlass org/hl7/fhir/igtools/publisher/SuppressedMessageInformation$SuppressedMessage
instanceKlass org/hl7/fhir/igtools/publisher/SuppressedMessageInformation$Category
instanceKlass org/hl7/fhir/utilities/validation/ValidationMessage
instanceKlass org/hl7/fhir/utilities/npm/PackageHacker
instanceKlass org/hl7/fhir/r5/model/ImplementationGuide$SPDXLicenseEnumFactory
instanceKlass org/apache/tools/ant/types/resources/LazyResourceCollectionWrapper$CachedIterator
instanceKlass org/apache/tools/ant/types/resources/LazyResourceCollectionWrapper$FilteringIterator
instanceKlass org/apache/tools/ant/types/resources/FileResourceIterator
instanceKlass org/apache/tools/ant/types/resources/Resources$MyCollection$MyIterator
instanceKlass org/apache/tools/ant/types/resources/FailFast
instanceKlass org/apache/tools/ant/types/resources/Resources$2
instanceKlass org/apache/tools/ant/types/resources/Resources$1
instanceKlass org/apache/tools/ant/IntrospectionHelper$MethodAndObject
instanceKlass org/apache/tools/ant/types/Parameter
instanceKlass org/apache/tools/ant/util/Tokenizer
instanceKlass org/apache/tools/ant/filters/TokenFilter$Filter
instanceKlass org/apache/tools/ant/filters/ChainableReader
instanceKlass org/apache/tools/ant/taskdefs/Concat$1
instanceKlass org/apache/tools/ant/types/resources/selectors/Not
instanceKlass org/apache/tools/ant/types/resources/selectors/Exists
instanceKlass org/apache/tools/ant/taskdefs/Concat$ReaderFactory
instanceKlass net/sf/saxon/expr/instruct/CallTemplate$CallTemplatePackage
instanceKlass net/sf/saxon/tree/iter/ListIterator
instanceKlass net/sf/saxon/tree/iter/ReverseListIterator
instanceKlass net/sf/saxon/expr/sort/DocumentOrderIterator
instanceKlass net/sf/saxon/expr/AxisAtomizingIterator
instanceKlass net/sf/saxon/om/LazySequence
instanceKlass net/sf/saxon/tree/iter/UntypedAtomizingIterator
instanceKlass net/sf/saxon/pattern/AnyChildNodeTest$1
instanceKlass net/sf/saxon/z/IntUnionPredicate
instanceKlass net/sf/saxon/tree/iter/AtomizingIterator
instanceKlass net/sf/saxon/tree/iter/PrependSequenceIterator
instanceKlass net/sf/saxon/expr/instruct/ParameterSet
instanceKlass net/sf/saxon/expr/FilterIterator
instanceKlass net/sf/saxon/tree/iter/ManualIterator$1
instanceKlass net/sf/saxon/tree/iter/ManualIterator
instanceKlass net/sf/saxon/expr/instruct/Bindery
instanceKlass net/sf/saxon/expr/sort/GlobalOrderComparer
instanceKlass net/sf/saxon/expr/UnionEnumeration
instanceKlass net/sf/saxon/expr/instruct/BlockIterator
instanceKlass net/sf/saxon/om/NameOfNode
instanceKlass net/sf/saxon/om/CodedName
instanceKlass net/sf/saxon/expr/ContextMappingIterator
instanceKlass net/sf/saxon/pattern/NameTest$1
instanceKlass net/sf/saxon/trans/rules/RuleSearchState
instanceKlass net/sf/saxon/om/InScopeNamespaces
instanceKlass net/sf/saxon/expr/XPathContextMinor$LastValue
instanceKlass net/sf/saxon/om/FocusTrackingIterator
instanceKlass net/sf/saxon/serialize/charcode/ISO88591CharacterSet
instanceKlass net/sf/saxon/serialize/charcode/ASCIICharacterSet
instanceKlass net/sf/saxon/serialize/charcode/UTF8CharacterSet
instanceKlass net/sf/saxon/serialize/charcode/CharacterSetFactory
instanceKlass net/sf/saxon/serialize/HexCharacterReferenceGenerator
instanceKlass net/sf/saxon/serialize/CharacterReferenceGenerator
instanceKlass net/sf/saxon/expr/StackFrame
instanceKlass net/sf/saxon/pattern/NodeKindTest$2
instanceKlass net/sf/saxon/z/IntPredicateTrue
instanceKlass net/sf/saxon/tree/iter/AxisIteratorImpl
instanceKlass net/sf/saxon/om/PrefixPool
instanceKlass net/sf/saxon/tree/tiny/LargeStringBuffer
instanceKlass net/sf/saxon/tree/tiny/NodeVectorTree
instanceKlass net/sf/saxon/om/AllElementsSpaceStrippingRule
instanceKlass javax/xml/transform/sax/SAXResult
instanceKlass net/sf/saxon/s9api/XdmDestination
instanceKlass javax/xml/transform/dom/DOMSource
instanceKlass net/sf/saxon/om/SequenceTool
instanceKlass net/sf/saxon/s9api/ItemType
instanceKlass net/sf/saxon/s9api/XsltExecutable$ParameterDetails
instanceKlass net/sf/saxon/s9api/QName
instanceKlass javax/xml/transform/stream/StreamResult
instanceKlass net/sf/saxon/expr/accum/AccumulatorData
instanceKlass net/sf/saxon/expr/accum/IAccumulatorData
instanceKlass net/sf/saxon/expr/accum/AccumulatorManager
instanceKlass net/sf/saxon/tree/wrapper/AbstractVirtualNode
instanceKlass net/sf/saxon/tree/wrapper/VirtualNode
instanceKlass net/sf/saxon/tree/wrapper/WrappingFunction
instanceKlass net/sf/saxon/expr/XPathContextMinor
instanceKlass net/sf/saxon/Controller
instanceKlass net/sf/saxon/s9api/XsltTransformer
instanceKlass org/xml/sax/XMLFilter
instanceKlass net/sf/saxon/s9api/SAXDestination
instanceKlass net/sf/saxon/s9api/Serializer
instanceKlass net/sf/saxon/s9api/Destination
instanceKlass net/sf/saxon/jaxp/TemplatesImpl
instanceKlass net/sf/saxon/s9api/XsltExecutable
instanceKlass net/sf/saxon/trans/SimpleMode$2
instanceKlass net/sf/saxon/expr/ComponentBinding
instanceKlass net/sf/saxon/functions/ExecutableFunctionLibrary
instanceKlass net/sf/saxon/expr/sort/GenericSorter
instanceKlass net/sf/saxon/z/IntHashMap$IntHashMapKeyIterator
instanceKlass net/sf/saxon/trans/SimpleMode$6
instanceKlass net/sf/saxon/trans/SimpleMode$RuleSorter
instanceKlass net/sf/saxon/expr/sort/Sortable
instanceKlass net/sf/saxon/expr/parser/ExpressionTool$2
instanceKlass net/sf/saxon/expr/sort/UntypedNumericComparer
instanceKlass net/sf/saxon/value/IntegerRange
instanceKlass java/util/Collections$1
instanceKlass net/sf/saxon/expr/parser/ExpressionTool$7
instanceKlass net/sf/saxon/expr/parser/LoopLifter$ExpInfo
instanceKlass net/sf/saxon/expr/parser/LoopLifter
instanceKlass net/sf/saxon/expr/parser/Optimizer
instanceKlass net/sf/saxon/expr/Assignation$1
instanceKlass net/sf/saxon/functions/Fold
instanceKlass net/sf/saxon/expr/instruct/WithParam
instanceKlass net/sf/saxon/expr/instruct/TailCall
instanceKlass net/sf/saxon/om/GenericTreeInfo
instanceKlass net/sf/saxon/expr/instruct/TemplateRule
instanceKlass net/sf/saxon/expr/parser/RebindingMap
instanceKlass net/sf/saxon/value/SequenceExtent
instanceKlass net/sf/saxon/tree/iter/SingletonIterator
instanceKlass net/sf/saxon/tree/iter/SingleAtomicIterator
instanceKlass net/sf/saxon/z/IntComplementSet
instanceKlass net/sf/saxon/z/IntEmptySet
instanceKlass net/sf/saxon/z/AbstractIntSet
instanceKlass net/sf/saxon/z/IntSingletonIterator
instanceKlass net/sf/saxon/z/IntUniversalSet
instanceKlass net/sf/saxon/z/IntSingletonSet
instanceKlass net/sf/saxon/expr/parser/ExpressionTool$5
instanceKlass net/sf/saxon/expr/sort/GenericAtomicComparer
instanceKlass net/sf/saxon/expr/EarlyEvaluationContext
instanceKlass net/sf/saxon/pattern/NodeTest$2
instanceKlass net/sf/saxon/expr/sort/LRUCache
instanceKlass net/sf/saxon/expr/AtomicSequenceConverter$ToStringMappingFunction
instanceKlass net/sf/saxon/expr/UnaryExpression$1
instanceKlass net/sf/saxon/expr/sort/CodepointCollator
instanceKlass net/sf/saxon/style/AttributeValueTemplate
instanceKlass net/sf/saxon/pattern/PatternMaker
instanceKlass net/sf/saxon/type/ExternalObjectType
instanceKlass net/sf/saxon/type/TypeHierarchy$ItemTypePair
instanceKlass net/sf/saxon/value/Cardinality
instanceKlass net/sf/saxon/type/PrimitiveUType$1
instanceKlass net/sf/saxon/expr/ItemMappingIterator
instanceKlass net/sf/saxon/type/TypeHierarchy$2
instanceKlass net/sf/saxon/type/TypeHierarchy$1
instanceKlass net/sf/saxon/type/TypeHierarchy
instanceKlass net/sf/saxon/expr/sort/LocalOrderComparer
instanceKlass net/sf/saxon/expr/sort/ItemOrderComparer
instanceKlass net/sf/saxon/expr/PairIterator
instanceKlass net/sf/saxon/expr/BinaryExpression$1
instanceKlass net/sf/saxon/expr/sort/AtomicComparer
instanceKlass net/sf/saxon/tree/tiny/TinyNodeImpl
instanceKlass net/sf/saxon/expr/parser/Token
instanceKlass net/sf/saxon/om/AxisInfo
instanceKlass net/sf/saxon/expr/parser/XPathParser$NestedLocation
instanceKlass net/sf/saxon/tree/AttributeLocation
instanceKlass net/sf/saxon/expr/parser/Tokenizer
instanceKlass net/sf/saxon/Configuration$2
instanceKlass net/sf/saxon/expr/parser/ParserExtension
instanceKlass net/sf/saxon/tree/iter/EmptyIterator
instanceKlass net/sf/saxon/om/AtomizedValueIterator
instanceKlass net/sf/saxon/tree/util/NamespaceIterator
instanceKlass net/sf/saxon/expr/instruct/SavedNamespaceContext
instanceKlass net/sf/saxon/style/ExpressionContext
instanceKlass net/sf/saxon/style/XSLTStaticContext
instanceKlass net/sf/saxon/expr/instruct/NamedTemplate$LocalParamInfo
instanceKlass net/sf/saxon/tree/linked/TreeEnumeration
instanceKlass net/sf/saxon/serialize/charcode/XMLCharacterData
instanceKlass net/sf/saxon/serialize/charcode/UTF16CharacterSet
instanceKlass net/sf/saxon/serialize/charcode/CharacterSet
instanceKlass net/sf/saxon/style/ComponentDeclaration
instanceKlass net/sf/saxon/tree/iter/ArrayIterator
instanceKlass net/sf/saxon/query/XQueryFunctionLibrary
instanceKlass net/sf/saxon/expr/UserFunctionResolvable
instanceKlass net/sf/saxon/style/PrincipalStylesheetModule$Action
instanceKlass net/sf/saxon/style/StylesheetFunctionLibrary
instanceKlass net/sf/saxon/trans/TypeAliasManager
instanceKlass net/sf/saxon/serialize/CharacterMapIndex
instanceKlass net/sf/saxon/trans/rules/RuleChain
instanceKlass net/sf/saxon/trans/rules/ShallowCopyRuleSet
instanceKlass net/sf/saxon/trans/TextOnlyCopyRuleSet
instanceKlass net/sf/saxon/trans/SimpleMode$RuleGroupAction
instanceKlass net/sf/saxon/trans/Mode$RuleAction
instanceKlass net/sf/saxon/trans/rules/BuiltInRuleSet
instanceKlass net/sf/saxon/trans/rules/Rule
instanceKlass net/sf/saxon/trans/Mode$RuleFilter
instanceKlass net/sf/saxon/trans/rules/RuleManager
instanceKlass net/sf/saxon/trans/KeyDefinitionSet
instanceKlass net/sf/saxon/trans/SymbolicName
instanceKlass net/sf/saxon/expr/parser/Evaluator
instanceKlass net/sf/saxon/expr/parser/ContextItemStaticInfo
instanceKlass net/sf/saxon/trans/DecimalSymbols
instanceKlass net/sf/saxon/trans/DecimalFormatManager
instanceKlass net/sf/saxon/expr/parser/RetainedStaticContext
instanceKlass net/sf/saxon/functions/registry/ConstructorFunctionLibrary
instanceKlass net/sf/saxon/ma/json/JsonReceiver
instanceKlass net/sf/saxon/s9api/XdmValue
instanceKlass net/sf/saxon/ma/map/MapItem
instanceKlass net/sf/saxon/functions/OptionsParameter
instanceKlass net/sf/saxon/query/AnnotationList
instanceKlass net/sf/saxon/ma/json/JsonHandler
instanceKlass net/sf/saxon/regex/UnicodeString
instanceKlass net/sf/saxon/functions/StatefulSystemFunction
instanceKlass net/sf/saxon/functions/registry/BuiltInFunctionSet$Entry
instanceKlass net/sf/saxon/functions/FunctionLibraryList
instanceKlass net/sf/saxon/query/XQueryFunctionBinder
instanceKlass net/sf/saxon/sxpath/AbstractStaticContext
instanceKlass net/sf/saxon/sxpath/XPathStaticContext
instanceKlass net/sf/saxon/expr/parser/ExpressionAction
instanceKlass net/sf/saxon/expr/parser/ExpressionTool$ExpressionSelector
instanceKlass net/sf/saxon/expr/parser/ExpressionTool$ExpressionPredicate
instanceKlass net/sf/saxon/expr/parser/ExpressionTool
instanceKlass net/sf/saxon/expr/OperandRole
instanceKlass net/sf/saxon/expr/Operand
instanceKlass net/sf/saxon/expr/oper/OperandArray
instanceKlass net/sf/saxon/lib/ExtensionFunctionCall
instanceKlass java/math/MutableBigInteger
instanceKlass jdk/internal/math/FDBigInteger
instanceKlass net/sf/saxon/expr/Negatable
instanceKlass net/sf/saxon/om/Function
instanceKlass java/lang/StrictMath
instanceKlass net/sf/saxon/expr/BindingReference
instanceKlass net/sf/saxon/expr/ItemMappingFunction
instanceKlass net/sf/saxon/expr/MappingFunction
instanceKlass net/sf/saxon/expr/parser/PathMap$PathMapNode
instanceKlass net/sf/saxon/om/FocusIterator
instanceKlass net/sf/saxon/trans/KeyIndex
instanceKlass net/sf/saxon/lib/ConversionRules
instanceKlass net/sf/saxon/trans/KeyManager
instanceKlass net/sf/saxon/expr/accum/AccumulatorRegistry
instanceKlass net/sf/saxon/style/StylesheetPackage$Action
instanceKlass net/sf/saxon/style/PackageVersion
instanceKlass net/sf/saxon/expr/Component
instanceKlass net/sf/saxon/trans/GlobalVariableManager
instanceKlass net/sf/saxon/om/ZeroOrOne
instanceKlass net/sf/saxon/tree/iter/SingleNodeIterator
instanceKlass net/sf/saxon/tree/iter/LookaheadIterator
instanceKlass net/sf/saxon/tree/iter/GroundedIterator
instanceKlass net/sf/saxon/expr/LastPositionFinder
instanceKlass net/sf/saxon/tree/iter/ReversibleIterator
instanceKlass net/sf/saxon/tree/util/Navigator
instanceKlass net/sf/saxon/expr/instruct/Executable
instanceKlass net/sf/saxon/expr/ComponentInvocation
instanceKlass net/sf/saxon/expr/instruct/ITemplateCall
instanceKlass net/sf/saxon/expr/sort/SortKeyEvaluator
instanceKlass net/sf/saxon/expr/ContextSwitchingExpression
instanceKlass net/sf/saxon/expr/ContextMappingFunction
instanceKlass net/sf/saxon/expr/parser/RoleDiagnostic
instanceKlass net/sf/saxon/type/AnyFunctionType
instanceKlass net/sf/saxon/type/FunctionItemType
instanceKlass net/sf/saxon/value/SequenceType
instanceKlass net/sf/saxon/expr/instruct/InstructionWithComplexContent
instanceKlass net/sf/saxon/expr/instruct/ValidatingInstruction
instanceKlass net/sf/saxon/style/SourceBinding
instanceKlass net/sf/saxon/expr/parser/ExpressionVisitor
instanceKlass net/sf/saxon/tree/tiny/CompressedWhitespace
instanceKlass net/sf/saxon/pattern/PatternWithPredicate
instanceKlass net/sf/saxon/expr/LocalBinding
instanceKlass net/sf/saxon/expr/instruct/TailCallReturner
instanceKlass net/sf/saxon/value/Whitespace
instanceKlass net/sf/saxon/type/ValidationFailure
instanceKlass net/sf/saxon/lib/Invalidity
instanceKlass net/sf/saxon/om/NoNamespaceName
instanceKlass net/sf/saxon/expr/MonoIterator
instanceKlass net/sf/saxon/lib/NamespaceConstant
instanceKlass net/sf/saxon/om/NameChecker
instanceKlass net/sf/saxon/tree/linked/LineNumberMap
instanceKlass net/sf/saxon/tree/linked/SystemIdMap
instanceKlass net/sf/saxon/tree/iter/AxisIterator
instanceKlass net/sf/saxon/event/ReceivingContentHandler$LocalLocator
instanceKlass net/sf/saxon/tree/tiny/CharSlice
instanceKlass net/sf/saxon/type/BuiltInListType
instanceKlass net/sf/saxon/type/ListType
instanceKlass net/sf/saxon/event/ReceivingContentHandler
instanceKlass net/sf/saxon/expr/parser/ExplicitLocation
instanceKlass net/sf/saxon/lib/StandardErrorHandler
instanceKlass net/sf/saxon/event/EventSource
instanceKlass net/sf/saxon/pull/PullSource
instanceKlass net/sf/saxon/pull/PullProvider
instanceKlass net/sf/saxon/event/Sender
instanceKlass net/sf/saxon/om/NoElementsSpaceStrippingRule
instanceKlass net/sf/saxon/lib/AugmentedSource
instanceKlass net/sf/saxon/tree/tiny/Statistics
instanceKlass net/sf/saxon/tree/util/FastStringBuffer
instanceKlass net/sf/saxon/tree/tiny/AppendableCharSequence
instanceKlass net/sf/saxon/event/Stripper$StripRuleTarget
instanceKlass net/sf/saxon/trans/rules/RuleTarget
instanceKlass net/sf/saxon/om/StylesheetSpaceStrippingRule
instanceKlass net/sf/saxon/tree/util/AttributeCollectionImpl
instanceKlass net/sf/saxon/om/AttributeCollection
instanceKlass javax/xml/datatype/XMLGregorianCalendar
instanceKlass net/sf/saxon/om/FingerprintedQName
instanceKlass net/sf/saxon/om/StandardNames
instanceKlass net/sf/saxon/type/NumericType
instanceKlass net/sf/saxon/type/UnionType
instanceKlass net/sf/saxon/type/Untyped
instanceKlass net/sf/saxon/type/AnyType
instanceKlass net/sf/saxon/type/ComplexType
instanceKlass net/sf/saxon/z/IntIterator
instanceKlass net/sf/saxon/z/IntHashMap
instanceKlass net/sf/saxon/type/BuiltInType
instanceKlass net/sf/saxon/type/UType
instanceKlass net/sf/saxon/z/IntSet
instanceKlass net/sf/saxon/pattern/QNameTest
instanceKlass net/sf/saxon/type/Type
instanceKlass net/sf/saxon/type/AnySimpleType
instanceKlass net/sf/saxon/tree/iter/AtomicIterator
instanceKlass net/sf/saxon/tree/iter/UnfailingIterator
instanceKlass net/sf/saxon/value/EmptySequence
instanceKlass net/sf/saxon/om/AbstractItem
instanceKlass net/sf/saxon/type/ConversionResult
instanceKlass net/sf/saxon/om/AtomicSequence
instanceKlass net/sf/saxon/om/NodeName
instanceKlass net/sf/saxon/style/StylesheetComponent
instanceKlass net/sf/saxon/style/StyleNodeFactory
instanceKlass net/sf/saxon/tree/linked/LinkedTreeBuilder$DefaultNodeFactory
instanceKlass net/sf/saxon/om/NamespaceBinding
instanceKlass net/sf/saxon/om/NamespaceBindingSet
instanceKlass net/sf/saxon/om/MutableDocumentInfo
instanceKlass net/sf/saxon/tree/linked/NodeImpl
instanceKlass net/sf/saxon/tree/wrapper/SiblingCountingNode
instanceKlass net/sf/saxon/tree/util/SteppingNode
instanceKlass net/sf/saxon/om/MutableNodeInfo
instanceKlass net/sf/saxon/event/PipelineConfiguration
instanceKlass net/sf/saxon/expr/instruct/SlotManager
instanceKlass net/sf/saxon/om/DocumentURI
instanceKlass net/sf/saxon/tree/linked/NodeFactory
instanceKlass net/sf/saxon/style/StylesheetModule
instanceKlass net/sf/saxon/om/QNameParser
instanceKlass net/sf/saxon/pattern/NodeTest
instanceKlass net/sf/saxon/expr/PackageData
instanceKlass net/sf/saxon/style/Compilation
instanceKlass net/sf/saxon/s9api/XsltCompiler
instanceKlass javax/xml/transform/sax/SAXSource
instanceKlass net/sf/saxon/lib/StandardErrorListener
instanceKlass net/sf/saxon/type/AnyItemType
instanceKlass net/sf/saxon/expr/instruct/Actor
instanceKlass net/sf/saxon/expr/ExpressionOwner
instanceKlass net/sf/saxon/trace/InstructionInfo
instanceKlass net/sf/saxon/query/Declaration
instanceKlass net/sf/saxon/expr/Binding
instanceKlass net/sf/saxon/query/StaticQueryContext
instanceKlass net/sf/saxon/lib/DelegatingErrorListener
instanceKlass net/sf/saxon/om/StructuredQName
instanceKlass net/sf/saxon/query/Annotation
instanceKlass net/sf/saxon/lib/XQueryFunctionAnnotationHandler$DisallowedCombination
instanceKlass net/sf/saxon/lib/XQueryFunctionAnnotationHandler
instanceKlass net/sf/saxon/resource/JSONResource$1
instanceKlass net/sf/saxon/resource/JSONResource
instanceKlass net/sf/saxon/resource/BinaryResource$1
instanceKlass net/sf/saxon/resource/BinaryResource
instanceKlass net/sf/saxon/resource/UnparsedTextResource$1
instanceKlass net/sf/saxon/resource/UnparsedTextResource
instanceKlass net/sf/saxon/resource/XmlResource$1
instanceKlass net/sf/saxon/lib/ResourceFactory
instanceKlass net/sf/saxon/resource/XmlResource
instanceKlass net/sf/saxon/lib/Resource
instanceKlass net/sf/saxon/lib/StandardEntityResolver
instanceKlass net/sf/saxon/event/Builder
instanceKlass net/sf/saxon/om/NodeInfo
instanceKlass net/sf/saxon/om/TreeInfo
instanceKlass net/sf/saxon/om/TreeModel
instanceKlass org/w3c/dom/Document
instanceKlass net/sf/saxon/expr/PJConverter
instanceKlass net/sf/saxon/expr/JPConverter
instanceKlass net/sf/saxon/om/Item
instanceKlass net/sf/saxon/dom/DOMEnvelope
instanceKlass net/sf/saxon/Configuration$1
instanceKlass net/sf/saxon/type/BuiltInAtomicType
instanceKlass net/sf/saxon/type/ItemType$WithSequenceTypeCache
instanceKlass net/sf/saxon/type/AtomicType
instanceKlass net/sf/saxon/type/PlainType
instanceKlass net/sf/saxon/type/ItemType
instanceKlass net/sf/saxon/om/GroundedValue
instanceKlass net/sf/saxon/expr/ComparisonExpression
instanceKlass net/sf/saxon/lib/StandardUnparsedTextResolver
instanceKlass net/sf/saxon/event/FilterFactory
instanceKlass net/sf/saxon/lib/StandardURIResolver
instanceKlass net/sf/saxon/trans/NonDelegatingURIResolver
instanceKlass net/sf/saxon/lib/StandardModuleURIResolver
instanceKlass net/sf/saxon/lib/ExternalObjectModel
instanceKlass net/sf/saxon/expr/sort/AtomicMatchKey
instanceKlass net/sf/saxon/regex/RegularExpression
instanceKlass net/sf/saxon/lib/ModuleURIResolver
instanceKlass net/sf/saxon/java/JavaPlatform
instanceKlass net/sf/saxon/Platform
instanceKlass net/sf/saxon/Version
instanceKlass java/util/concurrent/ConcurrentLinkedQueue$Node
instanceKlass javax/xml/transform/stax/StAXResult
instanceKlass net/sf/saxon/lib/TraceListener
instanceKlass net/sf/saxon/om/NamespaceResolver
instanceKlass net/sf/saxon/lib/SerializerFactory
instanceKlass net/sf/saxon/expr/parser/OptimizerOptions
instanceKlass net/sf/saxon/om/NamePool
instanceKlass net/sf/saxon/expr/Callable
instanceKlass net/sf/saxon/functions/IntegratedFunctionLibrary
instanceKlass net/sf/saxon/om/DocumentPool
instanceKlass net/sf/saxon/event/SequenceReceiver
instanceKlass net/sf/saxon/trans/DynamicLoader
instanceKlass net/sf/saxon/tree/util/DocumentNumberAllocator
instanceKlass net/sf/saxon/trans/packages/PackageLibrary
instanceKlass net/sf/saxon/expr/instruct/GlobalParameterSet
instanceKlass net/sf/saxon/lib/StandardOutputResolver
instanceKlass net/sf/saxon/lib/OutputURIResolver
instanceKlass net/sf/saxon/trans/CompilerInfo
instanceKlass net/sf/saxon/lib/StaticQueryContextFactory
instanceKlass javax/xml/transform/stream/StreamSource
instanceKlass net/sf/saxon/lib/ParseOptions
instanceKlass net/sf/saxon/lib/StandardEnvironmentVariableResolver
instanceKlass net/sf/saxon/lib/ResourceCollection
instanceKlass net/sf/saxon/resource/StandardCollectionFinder
instanceKlass net/sf/saxon/lib/StandardCollationURIResolver
instanceKlass org/xml/sax/ext/DeclHandler
instanceKlass net/sf/saxon/lib/UnparsedTextURIResolver
instanceKlass net/sf/saxon/lib/EnvironmentVariableResolver
instanceKlass net/sf/saxon/lib/CollationURIResolver
instanceKlass net/sf/saxon/lib/FunctionAnnotationHandler
instanceKlass net/sf/saxon/expr/Expression
instanceKlass net/sf/saxon/expr/ExportAgent
instanceKlass net/sf/saxon/om/IdentityComparable
instanceKlass net/sf/saxon/expr/StaticContext
instanceKlass net/sf/saxon/z/IntPredicate
instanceKlass net/sf/saxon/expr/parser/CodeInjector
instanceKlass net/sf/saxon/expr/XPathContext
instanceKlass net/sf/saxon/lib/CollectionFinder
instanceKlass net/sf/saxon/functions/registry/BuiltInFunctionSet
instanceKlass net/sf/saxon/functions/FunctionLibrary
instanceKlass net/sf/saxon/om/SpaceStrippingRule
instanceKlass net/sf/saxon/pattern/PatternParser
instanceKlass net/sf/saxon/expr/parser/XPathParser
instanceKlass net/sf/saxon/type/Converter
instanceKlass net/sf/saxon/lib/URIChecker
instanceKlass net/sf/saxon/lib/Logger
instanceKlass net/sf/saxon/lib/Numberer
instanceKlass net/sf/saxon/expr/parser/TypeChecker
instanceKlass net/sf/saxon/type/SimpleType
instanceKlass net/sf/saxon/type/SchemaType
instanceKlass net/sf/saxon/type/SchemaComponent
instanceKlass net/sf/saxon/value/Closure
instanceKlass net/sf/saxon/expr/ContextOriginator
instanceKlass net/sf/saxon/om/Sequence
instanceKlass net/sf/saxon/om/SequenceIterator
instanceKlass net/sf/saxon/lib/UnfailingErrorListener
instanceKlass net/sf/saxon/lib/ExtensionFunctionDefinition
instanceKlass net/sf/saxon/expr/sort/SimpleCollation
instanceKlass net/sf/saxon/lib/SubstringMatcher
instanceKlass net/sf/saxon/lib/StringCollator
instanceKlass net/sf/saxon/expr/parser/Location
instanceKlass javax/xml/transform/SourceLocator
instanceKlass net/sf/saxon/event/Receiver
instanceKlass net/sf/saxon/s9api/Processor
instanceKlass net/sf/saxon/Configuration
instanceKlass net/sf/saxon/om/NotationSet
instanceKlass net/sf/saxon/lib/SourceResolver
instanceKlass javax/xml/transform/sax/TransformerHandler
instanceKlass org/xml/sax/ext/LexicalHandler
instanceKlass javax/xml/transform/sax/TemplatesHandler
instanceKlass javax/xml/transform/Templates
instanceKlass javax/xml/transform/Transformer
instanceKlass javax/xml/transform/FactoryFinder$1
instanceKlass javax/xml/transform/FactoryFinder
instanceKlass javax/xml/transform/TransformerFactory
instanceKlass org/apache/tools/ant/taskdefs/XSLTProcess$1
instanceKlass javax/xml/xpath/XPathConstants
instanceKlass java/util/Spliterators$AbstractSpliterator
instanceKlass java/io/BufferedReader$1
instanceKlass java/util/stream/SliceOps
instanceKlass java/util/stream/StreamSpliterators$InfiniteSupplyingSpliterator
instanceKlass org/apache/tools/ant/taskdefs/optional/TraXLiaison
instanceKlass org/apache/tools/ant/taskdefs/XSLTLoggerAware
instanceKlass javax/xml/transform/ErrorListener
instanceKlass org/apache/tools/ant/taskdefs/XSLTLiaison4
instanceKlass org/apache/tools/ant/taskdefs/XSLTLiaison3
instanceKlass org/apache/tools/ant/taskdefs/XSLTLiaison2
instanceKlass org/apache/tools/ant/util/ContainerMapper
instanceKlass org/apache/tools/ant/taskdefs/XSLTProcess$Param
instanceKlass org/apache/tools/ant/types/Environment$Variable
instanceKlass org/apache/tools/ant/taskdefs/XSLTProcess$TraceConfiguration
instanceKlass org/apache/tools/ant/taskdefs/XSLTProcess$OutputProperty
instanceKlass org/apache/tools/ant/taskdefs/XSLTProcess$Factory
instanceKlass sun/invoke/util/VerifyAccess$1
instanceKlass javax/xml/namespace/QName
instanceKlass javax/xml/xpath/XPathVariableResolver
instanceKlass com/sun/org/apache/xpath/internal/jaxp/XPathImplUtil
instanceKlass javax/xml/xpath/XPath
instanceKlass jdk/xml/internal/JdkXmlFeatures
instanceKlass javax/xml/xpath/XPathFactoryFinder$2
instanceKlass javax/xml/xpath/XPathFactoryFinder
instanceKlass javax/xml/xpath/XPathFactory
instanceKlass org/apache/tools/ant/types/Environment
instanceKlass org/apache/tools/ant/types/XMLCatalog$CatalogResolver
instanceKlass javax/xml/transform/URIResolver
instanceKlass org/apache/tools/ant/taskdefs/XSLTLiaison
instanceKlass org/apache/tools/ant/taskdefs/XSLTLogger
instanceKlass java/util/HashMap$HashMapSpliterator
instanceKlass org/apache/tools/ant/types/selectors/TokenizedPattern
instanceKlass org/apache/tools/ant/types/selectors/SelectorUtils
instanceKlass org/apache/tools/ant/types/selectors/TokenizedPath
instanceKlass java/util/stream/Nodes$ArrayNode
instanceKlass java/util/stream/Node$Builder
instanceKlass java/util/stream/Node$OfDouble
instanceKlass java/util/stream/Node$OfLong
instanceKlass java/util/stream/Node$OfInt
instanceKlass java/util/stream/Node$OfPrimitive
instanceKlass java/util/stream/Nodes$EmptyNode
instanceKlass java/util/stream/Node
instanceKlass java/util/stream/Nodes
instanceKlass org/apache/tools/ant/DynamicObjectAttribute
instanceKlass org/apache/tools/ant/DynamicAttributeNS
instanceKlass org/apache/tools/ant/types/selectors/modifiedselector/Algorithm
instanceKlass org/apache/tools/ant/types/selectors/modifiedselector/Cache
instanceKlass org/apache/tools/ant/util/FileNameMapper
instanceKlass org/apache/tools/ant/types/selectors/WritableSelector
instanceKlass org/apache/tools/ant/types/selectors/SymlinkSelector
instanceKlass org/apache/tools/ant/types/selectors/ReadableSelector
instanceKlass org/apache/tools/ant/types/selectors/ExecutableSelector
instanceKlass org/apache/tools/ant/types/selectors/OwnedBySelector
instanceKlass org/apache/tools/ant/types/selectors/PosixGroupSelector
instanceKlass org/apache/tools/ant/types/selectors/PosixPermissionsSelector
instanceKlass org/apache/tools/ant/DirectoryScanner
instanceKlass org/apache/tools/ant/types/selectors/SelectorScanner
instanceKlass org/apache/tools/ant/types/selectors/ExtendFileSelector
instanceKlass org/apache/tools/ant/types/Parameterizable
instanceKlass org/apache/tools/ant/types/PatternSet$NameEntry
instanceKlass org/apache/tools/ant/FileScanner
instanceKlass org/apache/tools/ant/types/selectors/FileSelector
instanceKlass org/apache/tools/ant/types/resources/selectors/ResourceSelector
instanceKlass org/apache/tools/ant/types/selectors/SelectorContainer
instanceKlass java/util/Vector$Itr
instanceKlass org/hl7/fhir/r5/formats/JsonCreatorDirect
instanceKlass ca/uhn/fhir/util/ElementUtil
instanceKlass org/hl7/fhir/r5/model/ExtensionHelper
instanceKlass org/hl7/fhir/utilities/xml/XMLNamespace
instanceKlass org/hl7/fhir/utilities/xml/XMLWriterState
instanceKlass org/w3c/dom/Node
instanceKlass org/hl7/fhir/utilities/xml/XMLUtil
instanceKlass org/hl7/fhir/utilities/xml/XMLWriterStateStack
instanceKlass org/hl7/fhir/igtools/publisher/Publisher$PreProcessInfo
instanceKlass org/apache/tools/ant/Main
instanceKlass org/apache/tools/ant/launch/AntMain
instanceKlass org/apache/tools/ant/util/StringUtils
instanceKlass org/apache/tools/ant/DefaultLogger
instanceKlass org/apache/tools/ant/BuildLogger
instanceKlass org/apache/tools/ant/DynamicConfigurator
instanceKlass org/apache/tools/ant/taskdefs/optional/script/ScriptDef$NestedElement
instanceKlass org/apache/tools/ant/taskdefs/optional/script/ScriptDef$Attribute
instanceKlass org/apache/tools/ant/util/ScriptRunnerHelper
instanceKlass org/apache/tools/ant/IntrospectionHelper$Creator
instanceKlass org/apache/tools/ant/taskdefs/MacroDef$NestedSequential
instanceKlass org/apache/tools/ant/taskdefs/MacroDef$Attribute
instanceKlass org/apache/tools/ant/taskdefs/MacroDef$TemplateElement
instanceKlass org/apache/tools/ant/taskdefs/MacroDef$Text
instanceKlass org/apache/tools/ant/dispatch/Dispatchable
instanceKlass org/apache/tools/ant/dispatch/DispatchUtils
instanceKlass jdk/internal/reflect/ClassDefiner$1
instanceKlass jdk/internal/reflect/ClassDefiner
instanceKlass jdk/internal/reflect/MethodAccessorGenerator$1
instanceKlass jdk/internal/reflect/Label$PatchInfo
instanceKlass jdk/internal/reflect/Label
instanceKlass jdk/internal/reflect/UTF8
instanceKlass jdk/internal/reflect/ClassFileAssembler
instanceKlass jdk/internal/reflect/ByteVectorImpl
instanceKlass jdk/internal/reflect/ByteVector
instanceKlass jdk/internal/reflect/ByteVectorFactory
instanceKlass jdk/internal/reflect/AccessorGenerator
instanceKlass jdk/internal/reflect/ClassFileConstants
instanceKlass org/apache/tools/ant/DynamicAttribute
instanceKlass org/apache/tools/ant/Evaluable
instanceKlass org/apache/tools/ant/RuntimeConfigurable$AttributeComponentInformation
instanceKlass org/apache/tools/ant/types/resources/AppendableResourceCollection
instanceKlass org/apache/tools/ant/types/Reference
instanceKlass org/apache/tools/ant/DynamicElementNS
instanceKlass org/apache/tools/ant/DynamicElement
instanceKlass org/apache/tools/ant/IntrospectionHelper$AttributeSetter
instanceKlass org/apache/tools/ant/IntrospectionHelper$NestedCreator
instanceKlass org/apache/tools/ant/IntrospectionHelper
instanceKlass org/apache/tools/zip/ZipFile$NameAndComment
instanceKlass org/apache/tools/zip/ZipEightByteInteger
instanceKlass org/apache/tools/zip/Zip64ExtendedInformationExtraField
instanceKlass org/apache/tools/zip/CentralDirectoryParsingZipExtraField
instanceKlass org/apache/tools/zip/JarMarker
instanceKlass org/apache/tools/zip/AsiExtraField
instanceKlass org/apache/tools/zip/UnixStat
instanceKlass org/apache/tools/zip/ExtraFieldUtils
instanceKlass org/apache/tools/zip/ExtraFieldUtils$UnparseableExtraField
instanceKlass java/time/zone/ZoneOffsetTransitionRule$1
instanceKlass java/time/chrono/AbstractChronology
instanceKlass java/time/chrono/Chronology
instanceKlass java/time/LocalDate$1
instanceKlass java/time/temporal/TemporalAdjusters
instanceKlass java/time/LocalDate
instanceKlass java/time/chrono/ChronoLocalDate
instanceKlass java/time/zone/ZoneOffsetTransition
instanceKlass java/time/temporal/ValueRange
instanceKlass java/time/temporal/TemporalField
instanceKlass java/time/LocalTime
instanceKlass java/time/LocalDateTime
instanceKlass java/time/chrono/ChronoLocalDateTime
instanceKlass java/time/zone/ZoneOffsetTransitionRule
instanceKlass java/time/zone/ZoneRules
instanceKlass java/time/zone/Ser
instanceKlass java/time/zone/ZoneRulesProvider$1
instanceKlass java/time/zone/ZoneRulesProvider
instanceKlass java/time/ZoneId
instanceKlass java/time/Instant
instanceKlass java/time/temporal/TemporalAdjuster
instanceKlass java/time/temporal/Temporal
instanceKlass java/time/temporal/TemporalAccessor
instanceKlass org/apache/tools/zip/AbstractUnicodeExtraField
instanceKlass org/apache/tools/zip/ZipUtil
instanceKlass org/apache/tools/zip/ZipShort
instanceKlass org/apache/tools/zip/GeneralPurposeBit
instanceKlass org/apache/tools/zip/ZipFile$OffsetEntry
instanceKlass org/apache/tools/zip/FallbackZipEncoding
instanceKlass org/apache/tools/zip/ZipEncodingHelper$SimpleEncodingHolder
instanceKlass org/apache/tools/zip/ZipEncoding
instanceKlass org/apache/tools/zip/ZipEncodingHelper
instanceKlass org/apache/tools/ant/types/resources/URLProvider
instanceKlass java/util/Collections$3
instanceKlass java/util/stream/Streams$2
instanceKlass java/util/stream/Streams$ConcatSpliterator
instanceKlass java/util/stream/MatchOps$BooleanTerminalSink
instanceKlass java/util/stream/MatchOps$MatchOp
instanceKlass java/util/stream/MatchOps
instanceKlass java/util/Vector$VectorSpliterator
instanceKlass org/apache/tools/ant/AntClassLoader$ResourceEnumeration
instanceKlass java/util/function/IntFunction
instanceKlass java/util/Spliterators$IntArraySpliterator
instanceKlass org/apache/tools/ant/util/DeweyDecimal
instanceKlass org/apache/tools/ant/util/JavaEnvUtils
instanceKlass org/apache/tools/ant/util/ClasspathUtils$Delegate
instanceKlass org/apache/tools/ant/SubBuildListener
instanceKlass org/apache/tools/ant/util/ClasspathUtils
instanceKlass org/apache/tools/ant/DefaultDefinitions
instanceKlass org/apache/tools/ant/TypeAdapter
instanceKlass org/apache/tools/ant/AntTypeDefinition
instanceKlass java/util/concurrent/ConcurrentHashMap$MapEntry
instanceKlass java/util/Collections$SynchronizedCollection
instanceKlass java/util/Properties$EntrySet
instanceKlass java/util/LinkedList$ListItr
instanceKlass org/apache/tools/ant/ComponentHelper
instanceKlass org/apache/tools/ant/property/LocalPropertyStack
instanceKlass org/apache/tools/ant/PropertyHelper$PropertyEnumerator
instanceKlass org/apache/tools/zip/ZipLong
instanceKlass org/apache/tools/zip/ZipExtraField
instanceKlass org/apache/tools/zip/ZipFile
instanceKlass org/apache/tools/ant/RuntimeConfigurable
instanceKlass org/apache/tools/ant/PropertyHelper$PropertySetter
instanceKlass java/text/CharacterIterator
instanceKlass org/apache/tools/ant/launch/Locator
instanceKlass org/apache/tools/ant/util/JAXPUtils
instanceKlass org/apache/tools/ant/helper/AntXMLContext
instanceKlass java/util/ArrayList$ArrayListSpliterator
instanceKlass org/apache/tools/ant/property/ParseProperties
instanceKlass org/apache/tools/ant/PropertyHelper$2
instanceKlass org/apache/tools/ant/property/ParseNextProperty
instanceKlass java/text/ParsePosition
instanceKlass org/apache/tools/ant/property/PropertyExpander
instanceKlass org/apache/tools/ant/PropertyHelper$1
instanceKlass org/apache/tools/ant/PropertyHelper$PropertyEvaluator
instanceKlass org/apache/tools/ant/PropertyHelper$Delegate
instanceKlass org/apache/tools/ant/PropertyHelper
instanceKlass org/apache/tools/ant/property/GetProperty
instanceKlass java/util/EventObject
instanceKlass org/apache/tools/ant/Target
instanceKlass org/apache/tools/ant/TaskContainer
instanceKlass java/util/function/BooleanSupplier
instanceKlass java/util/stream/StreamSpliterators
instanceKlass java/util/stream/AbstractSpinedBuffer
instanceKlass java/util/Spliterators$IteratorSpliterator
instanceKlass org/apache/tools/ant/util/StreamUtils
instanceKlass java/util/stream/StreamSpliterators$AbstractWrappingSpliterator
instanceKlass java/util/stream/Streams
instanceKlass java/util/stream/Stream$Builder
instanceKlass java/util/stream/Streams$AbstractStreamBuilderImpl
instanceKlass org/apache/tools/ant/helper/ProjectHelper2$AntHandler
instanceKlass org/apache/tools/ant/util/LoaderUtils
instanceKlass org/apache/tools/ant/ProjectHelperRepository
instanceKlass org/apache/tools/ant/ProjectHelper
instanceKlass org/apache/tools/ant/input/DefaultInputHandler
instanceKlass org/apache/tools/ant/types/FilterSetCollection
instanceKlass org/apache/tools/ant/types/EnumeratedAttribute
instanceKlass org/apache/tools/ant/Location
instanceKlass java/nio/file/attribute/PosixFilePermissions$1
instanceKlass java/nio/file/attribute/PosixFilePermissions
instanceKlass org/apache/tools/ant/taskdefs/condition/Os
instanceKlass org/apache/tools/ant/taskdefs/condition/Condition
instanceKlass org/apache/tools/ant/util/FileUtils
instanceKlass org/apache/tools/ant/types/resources/Appendable
instanceKlass org/apache/tools/ant/types/resources/FileProvider
instanceKlass org/apache/tools/ant/types/resources/Touchable
instanceKlass org/apache/tools/ant/ProjectComponent
instanceKlass org/apache/tools/ant/types/ResourceCollection
instanceKlass org/apache/tools/ant/input/InputHandler
instanceKlass org/apache/tools/ant/Project
instanceKlass org/apache/tools/ant/types/ResourceFactory
instanceKlass jdk/internal/access/foreign/MemorySegmentProxy
instanceKlass org/apache/tools/ant/BuildListener
instanceKlass java/util/EventListener
instanceKlass org/hl7/fhir/igtools/templates/Template
instanceKlass sun/nio/fs/WindowsChannelFactory$2
instanceKlass java/io/FileOutputStream$1
instanceKlass org/hl7/fhir/utilities/npm/PackageGenerator$1
instanceKlass java/math/MathContext
instanceKlass org/hl7/fhir/utilities/json/JsonTrackingParser$1
instanceKlass org/hl7/fhir/utilities/json/JsonTrackingParser$State
instanceKlass org/hl7/fhir/utilities/json/JsonTrackingParser$LocationData
instanceKlass org/hl7/fhir/utilities/json/JsonTrackingParser$Lexer
instanceKlass org/hl7/fhir/utilities/json/JsonTrackingParser
instanceKlass org/hl7/fhir/utilities/npm/NpmPackage$NpmPackageFolder
instanceKlass org/apache/commons/compress/utils/InputStreamStatistics
instanceKlass org/apache/commons/compress/archivers/ArchiveEntry
instanceKlass java/util/TimSort
instanceKlass java/util/Collections$ReverseComparator
instanceKlass org/hl7/fhir/utilities/VersionUtilities
instanceKlass org/hl7/fhir/utilities/json/JSONUtil
instanceKlass org/hl7/fhir/utilities/npm/PackageInfo
instanceKlass com/google/gson/internal/LinkedTreeMap$LinkedTreeMapIterator
instanceKlass com/google/gson/internal/$Gson$Preconditions
instanceKlass com/google/gson/internal/LinkedTreeMap$Node
instanceKlass com/google/gson/internal/LinkedTreeMap$1
instanceKlass com/google/gson/internal/bind/TypeAdapters$36
instanceKlass com/google/gson/internal/bind/TypeAdapters$30
instanceKlass com/google/gson/internal/bind/TypeAdapters$34
instanceKlass com/google/gson/internal/bind/TypeAdapters$26
instanceKlass java/util/Currency
instanceKlass java/util/UUID
instanceKlass com/google/gson/internal/bind/TypeAdapters$35
instanceKlass java/util/concurrent/atomic/AtomicIntegerArray
instanceKlass com/google/gson/internal/bind/TypeAdapters$33
instanceKlass java/util/BitSet
instanceKlass com/google/gson/internal/bind/TypeAdapters$32
instanceKlass com/google/gson/stream/JsonWriter
instanceKlass com/google/gson/TypeAdapterFactory
instanceKlass com/google/gson/TypeAdapter
instanceKlass com/google/gson/internal/bind/TypeAdapters
instanceKlass com/google/gson/internal/Streams
instanceKlass com/google/gson/internal/JsonReaderInternalAccess
instanceKlass com/google/gson/stream/JsonReader
instanceKlass com/google/gson/JsonParser
instanceKlass sun/net/www/http/KeepAliveEntry
instanceKlass sun/net/www/http/KeepAliveCache$1
instanceKlass org/hl7/fhir/utilities/SimpleHTTPClient$HTTPResult
instanceKlass sun/net/www/http/Hurryable
instanceKlass sun/net/www/protocol/http/AuthCacheImpl
instanceKlass sun/net/www/protocol/http/AuthCache
instanceKlass sun/net/www/protocol/http/AuthCacheValue
instanceKlass sun/net/DefaultProgressMeteringPolicy
instanceKlass sun/net/ProgressMeteringPolicy
instanceKlass sun/net/ProgressMonitor
instanceKlass sun/net/www/protocol/http/AuthenticatorKeys
instanceKlass sun/nio/ch/ExtendedSocketOption$1
instanceKlass sun/nio/ch/ExtendedSocketOption
instanceKlass sun/nio/ch/OptionKey
instanceKlass sun/nio/ch/SocketOptionRegistry$LazyInitialization
instanceKlass sun/nio/ch/SocketOptionRegistry$RegistryKey
instanceKlass sun/nio/ch/SocketOptionRegistry
instanceKlass java/net/NetworkInterface
instanceKlass java/net/StandardSocketOptions$StdSocketOption
instanceKlass java/net/StandardSocketOptions
instanceKlass sun/net/NetHooks
instanceKlass jdk/net/ExtendedSocketOptions$PlatformSocketOptions$1
instanceKlass jdk/net/ExtendedSocketOptions$PlatformSocketOptions
instanceKlass jdk/net/ExtendedSocketOptions$ExtSocketOption
instanceKlass java/net/SocketOption
instanceKlass jdk/net/ExtendedSocketOptions
instanceKlass sun/net/ext/ExtendedSocketOptions
instanceKlass sun/nio/ch/Net$1
instanceKlass java/net/ProtocolFamily
instanceKlass sun/nio/ch/Net
instanceKlass java/net/InetSocketAddress$InetSocketAddressHolder
instanceKlass java/util/concurrent/atomic/Striped64$1
instanceKlass jdk/internal/util/random/RandomSupport
instanceKlass java/util/Random
instanceKlass java/util/random/RandomGenerator
instanceKlass java/lang/invoke/VarHandle$AccessDescriptor
instanceKlass java/net/InetAddress$CachedAddresses
instanceKlass sun/net/InetAddressCachePolicy$2
instanceKlass sun/net/InetAddressCachePolicy$1
instanceKlass sun/net/InetAddressCachePolicy
instanceKlass java/net/Inet6Address$Inet6AddressHolder
instanceKlass java/net/InetAddress$NameServiceAddresses
instanceKlass java/net/InetAddress$Addresses
instanceKlass java/util/concurrent/ConcurrentSkipListMap$Iter
instanceKlass java/net/InetAddress$PlatformNameService
instanceKlass java/net/InetAddress$NameService
instanceKlass java/net/Inet6AddressImpl
instanceKlass java/net/InetAddressImpl
instanceKlass java/net/InetAddressImplFactory
instanceKlass java/util/concurrent/ConcurrentSkipListMap$Node
instanceKlass java/util/concurrent/ConcurrentSkipListMap$Index
instanceKlass java/util/concurrent/ConcurrentNavigableMap
instanceKlass java/net/InetAddress$InetAddressHolder
instanceKlass java/net/InetAddress$1
instanceKlass jdk/internal/access/JavaNetInetAddressAccess
instanceKlass java/net/InetAddress
instanceKlass java/net/SocketAddress
instanceKlass sun/net/PlatformSocketImpl
instanceKlass java/net/SocketImpl
instanceKlass java/net/SocketOptions
instanceKlass java/net/Socket
instanceKlass sun/net/www/http/HttpCapture$1
instanceKlass sun/net/www/http/HttpCapture
instanceKlass sun/net/www/http/KeepAliveKey
instanceKlass sun/net/NetworkClient$1
instanceKlass sun/net/NetworkClient
instanceKlass sun/net/spi/DefaultProxySelector$3
instanceKlass sun/net/spi/DefaultProxySelector$NonProxyInfo
instanceKlass sun/util/logging/PlatformLogger$ConfigurableBridge$LoggerConfiguration
instanceKlass jdk/internal/logger/BootstrapLogger$RedirectedLoggers
instanceKlass sun/net/spi/DefaultProxySelector$1
instanceKlass java/net/Proxy
instanceKlass java/net/ProxySelector
instanceKlass sun/net/www/protocol/http/HttpURLConnection$7
instanceKlass java/net/ResponseCache
instanceKlass sun/net/www/protocol/http/HttpURLConnection$3
instanceKlass java/net/CookieHandler
instanceKlass sun/net/www/protocol/http/HttpURLConnection$2
instanceKlass jdk/internal/logger/LazyLoggers$LazyLoggerAccessor
instanceKlass jdk/internal/logger/LazyLoggers$LoggerAccessor
instanceKlass jdk/internal/logger/AbstractLoggerWrapper
instanceKlass sun/util/logging/internal/LoggingProviderImpl$LogManagerAccess
instanceKlass jdk/internal/misc/ScopedMemoryAccess$Scope
instanceKlass java/lang/System$LoggerFinder
instanceKlass jdk/internal/logger/BootstrapLogger$DetectBackend$1
instanceKlass jdk/internal/logger/BootstrapLogger$DetectBackend
instanceKlass jdk/internal/logger/BootstrapLogger
instanceKlass sun/util/logging/PlatformLogger$ConfigurableBridge
instanceKlass sun/util/logging/PlatformLogger$Bridge
instanceKlass java/lang/System$Logger
instanceKlass jdk/internal/logger/LazyLoggers$LazyLoggerFactories
instanceKlass jdk/internal/logger/LazyLoggers$1
instanceKlass jdk/internal/logger/LazyLoggers
instanceKlass sun/util/logging/PlatformLogger
instanceKlass sun/net/NetProperties$1
instanceKlass sun/net/NetProperties
instanceKlass sun/security/action/GetIntegerAction
instanceKlass java/net/spi/URLStreamHandlerProvider
instanceKlass java/net/URL$1
instanceKlass java/net/URL$2
instanceKlass org/hl7/fhir/utilities/SimpleHTTPClient
instanceKlass sun/nio/fs/BasicFileAttributesHolder
instanceKlass java/nio/file/Files$3
instanceKlass java/nio/file/FileTreeWalker$Event
instanceKlass sun/nio/fs/WindowsDirectoryStream$WindowsDirectoryIterator
instanceKlass java/nio/file/FileTreeWalker$DirectoryNode
instanceKlass sun/nio/fs/WindowsDirectoryStream
instanceKlass java/nio/file/DirectoryStream
instanceKlass java/nio/file/Files$AcceptAllFilter
instanceKlass java/nio/file/DirectoryStream$Filter
instanceKlass java/util/RegularEnumSet$EnumSetIterator
instanceKlass java/nio/file/FileTreeWalker
instanceKlass java/nio/file/SimpleFileVisitor
instanceKlass org/apache/commons/io/file/Counters$LongCounter
instanceKlass org/apache/commons/io/file/Counters$AbstractPathCounters
instanceKlass org/apache/commons/io/file/Counters$Counter
instanceKlass org/apache/commons/io/file/Counters$PathCounters
instanceKlass org/apache/commons/io/file/Counters
instanceKlass org/apache/commons/io/file/DeleteOption
instanceKlass java/nio/file/FileVisitor
instanceKlass org/apache/commons/io/file/PathUtils
instanceKlass org/apache/commons/io/filefilter/IOFileFilter
instanceKlass java/io/FileFilter
instanceKlass org/apache/commons/io/FileUtils
instanceKlass org/hl7/fhir/r5/model/ImplementationGuide$GuidePageGenerationEnumFactory
instanceKlass org/hl7/fhir/r5/model/Enumerations$FHIRVersionEnumFactory
instanceKlass org/hl7/fhir/r5/model/ContactPoint$ContactPointSystemEnumFactory
instanceKlass org/hl7/fhir/r5/model/Enumerations$PublicationStatusEnumFactory
instanceKlass ca/uhn/fhir/rest/gclient/UriClientParam$IUriMatch
instanceKlass ca/uhn/fhir/rest/gclient/StringClientParam$IStringMatch
instanceKlass ca/uhn/fhir/rest/gclient/DateClientParam$IDateSpecifier
instanceKlass ca/uhn/fhir/rest/gclient/ICompositeWithLeft
instanceKlass ca/uhn/fhir/rest/gclient/NumberClientParam$IMatches
instanceKlass ca/uhn/fhir/model/api/Include
instanceKlass ca/uhn/fhir/rest/gclient/TokenClientParam$IMatches
instanceKlass ca/uhn/fhir/rest/gclient/ICriterion
instanceKlass ca/uhn/fhir/rest/gclient/BaseClientParam
instanceKlass ca/uhn/fhir/rest/gclient/IParam
instanceKlass java/util/Hashtable$Enumerator
instanceKlass org/xmlpull/mxp1/MXParser
instanceKlass org/xmlpull/v1/XmlPullParser
instanceKlass org/xmlpull/v1/XmlSerializer
instanceKlass org/xmlpull/v1/XmlPullParserFactory
instanceKlass org/hl7/fhir/r5/test/utils/ClassesLoadedFlags
instanceKlass org/hl7/fhir/instance/model/api/IBaseConformance
instanceKlass org/hl7/fhir/instance/model/api/IBaseEnumeration
instanceKlass org/hl7/fhir/instance/model/api/IBaseDatatypeElement
instanceKlass org/hl7/fhir/r5/model/EnumFactory
instanceKlass org/hl7/fhir/instance/model/api/IBaseEnumFactory
instanceKlass org/hl7/fhir/instance/model/api/INarrative
instanceKlass org/hl7/fhir/instance/model/api/IBaseMetaType
instanceKlass org/hl7/fhir/instance/model/api/IBaseDecimalDatatype
instanceKlass org/hl7/fhir/instance/model/api/IBaseIntegerDatatype
instanceKlass org/hl7/fhir/instance/model/api/IBaseBooleanDatatype
instanceKlass org/hl7/fhir/r5/formats/IParser
instanceKlass org/hl7/fhir/r5/formats/FormatUtilities
instanceKlass org/hl7/fhir/utilities/TextFile
instanceKlass org/apache/http/client/HttpClient
instanceKlass org/apache/http/client/methods/HttpUriRequest
instanceKlass org/apache/http/HttpRequest
instanceKlass org/apache/http/HttpMessage
instanceKlass org/apache/http/HttpEntity
instanceKlass org/hl7/fhir/igtools/publisher/ExtensionTracker
instanceKlass org/hl7/fhir/igtools/publisher/IGPublisherLiquidTemplateServices
instanceKlass org/hl7/fhir/igtools/templates/TemplateManager
instanceKlass org/hl7/fhir/utilities/IniFile$INIProperty
instanceKlass org/hl7/fhir/utilities/IniFile$INISection
instanceKlass org/hl7/fhir/utilities/npm/PackageClient
instanceKlass org/hl7/fhir/utilities/TimeTracker
instanceKlass sun/util/locale/provider/TimeZoneNameUtility$TimeZoneNameGetter
instanceKlass sun/util/locale/provider/TimeZoneNameUtility
instanceKlass java/text/DontCareFieldPosition$1
instanceKlass java/text/Format$FieldDelegate
instanceKlass java/util/Formattable
instanceKlass java/util/Formatter$FixedString
instanceKlass java/util/Formatter$Flags
instanceKlass java/util/Formatter$FormatSpecifier
instanceKlass java/util/Formatter$FormatString
instanceKlass java/util/Formatter$Conversion
instanceKlass java/util/Formatter
instanceKlass org/hl7/fhir/r5/model/InstantType$1
instanceKlass org/apache/commons/lang3/time/FastDatePrinter$TwoDigitNumberField
instanceKlass org/apache/commons/lang3/time/FastDatePrinter$TwelveHourField
instanceKlass sun/util/locale/provider/CalendarNameProviderImpl$LengthBasedComparator
instanceKlass sun/util/resources/provider/NonBaseLocaleDataMetaInfo
instanceKlass sun/util/locale/provider/BaseLocaleDataMetaInfo
instanceKlass sun/util/locale/provider/CalendarDataUtility$CalendarFieldValueNamesMapGetter
instanceKlass org/apache/commons/lang3/time/FastDateParser$StrategyAndWidth
instanceKlass org/apache/commons/lang3/time/FastDateParser$StrategyParser
instanceKlass sun/util/locale/Extension
instanceKlass java/lang/Character$CharacterCache
instanceKlass sun/util/locale/LocaleExtensions
instanceKlass org/apache/commons/lang3/time/FastDateParser$Strategy
instanceKlass org/apache/commons/lang3/time/FastDateParser
instanceKlass org/apache/commons/lang3/time/FastDatePrinter$PaddedNumberField
instanceKlass org/apache/commons/lang3/time/FastDatePrinter$StringLiteral
instanceKlass org/apache/commons/lang3/time/FastDatePrinter$UnpaddedNumberField
instanceKlass org/apache/commons/lang3/time/FastDatePrinter$CharacterLiteral
instanceKlass org/apache/commons/lang3/time/FastDatePrinter$TextField
instanceKlass org/apache/commons/lang3/time/FastDatePrinter$NumberRule
instanceKlass org/apache/commons/lang3/time/FastDatePrinter$Rule
instanceKlass org/apache/commons/lang3/time/FastDatePrinter
instanceKlass org/apache/commons/lang3/Validate
instanceKlass org/apache/commons/lang3/time/FormatCache$MultipartKey
instanceKlass org/apache/commons/lang3/time/FormatCache
instanceKlass org/apache/commons/lang3/time/DatePrinter
instanceKlass org/apache/commons/lang3/time/DateParser
instanceKlass org/apache/commons/lang3/StringUtils
instanceKlass ch/qos/logback/classic/util/LoggerNameUtil
instanceKlass ch/qos/logback/classic/selector/DefaultContextSelector
instanceKlass ch/qos/logback/core/util/StatusPrinter
instanceKlass ch/qos/logback/core/status/StatusUtil
instanceKlass ch/qos/logback/core/spi/AppenderAttachableImpl
instanceKlass ch/qos/logback/core/util/EnvUtil
instanceKlass ch/qos/logback/classic/pattern/TargetLengthBasedClassNameAbbreviator
instanceKlass java/text/DigitList
instanceKlass java/text/FieldPosition
instanceKlass java/lang/StringUTF16$CharsSpliterator
instanceKlass java/util/stream/Sink$ChainedInt
instanceKlass java/util/function/Predicate
instanceKlass java/util/OptionalInt
instanceKlass java/util/stream/FindOps$FindOp
instanceKlass java/util/stream/Sink$OfInt
instanceKlass java/util/function/IntConsumer
instanceKlass java/util/stream/FindOps$FindSink
instanceKlass java/util/stream/FindOps
instanceKlass java/util/function/IntPredicate
instanceKlass java/util/stream/IntStream
instanceKlass java/lang/StringLatin1$CharsSpliterator
instanceKlass java/text/DecimalFormatSymbols
instanceKlass java/text/DateFormatSymbols
instanceKlass java/text/AttributedCharacterIterator$Attribute
instanceKlass ch/qos/logback/core/util/CachingDateFormatter
instanceKlass ch/qos/logback/core/pattern/ConverterUtil
instanceKlass ch/qos/logback/classic/pattern/Abbreviator
instanceKlass ch/qos/logback/core/pattern/FormatInfo
instanceKlass ch/qos/logback/core/pattern/util/AsIsEscapeUtil
instanceKlass ch/qos/logback/core/pattern/parser/OptionTokenizer
instanceKlass ch/qos/logback/core/pattern/parser/TokenStream$1
instanceKlass ch/qos/logback/core/pattern/util/RestrictedEscapeUtil
instanceKlass ch/qos/logback/core/pattern/parser/TokenStream
instanceKlass ch/qos/logback/core/pattern/util/RegularEscapeUtil
instanceKlass ch/qos/logback/classic/pattern/EnsureExceptionHandling
instanceKlass ch/qos/logback/core/pattern/Converter
instanceKlass ch/qos/logback/core/pattern/parser/Token
instanceKlass ch/qos/logback/core/pattern/parser/Node
instanceKlass ch/qos/logback/core/pattern/util/IEscapeUtil
instanceKlass ch/qos/logback/core/pattern/PostCompileProcessor
instanceKlass ch/qos/logback/core/CoreConstants
instanceKlass java/lang/Class$AnnotationData
instanceKlass ch/qos/logback/core/joran/spi/NoAutoStart
instanceKlass ch/qos/logback/core/joran/spi/NoAutoStartUtil
instanceKlass ch/qos/logback/core/joran/action/IADataForBasicProperty
instanceKlass ch/qos/logback/core/joran/action/NestedBasicPropertyIA$1
instanceKlass jdk/internal/loader/BootLoader$PackageHelper
instanceKlass ch/qos/logback/core/joran/action/IADataForComplexProperty
instanceKlass ch/qos/logback/core/joran/action/NestedComplexPropertyIA$1
instanceKlass ch/qos/logback/core/joran/util/PropertySetter$1
instanceKlass java/util/stream/Sink$ChainedReference
instanceKlass java/util/stream/ReduceOps$AccumulatingSink
instanceKlass java/util/stream/TerminalSink
instanceKlass java/util/stream/Sink
instanceKlass java/util/stream/ReduceOps$Box
instanceKlass java/util/stream/ReduceOps$ReduceOp
instanceKlass java/util/stream/TerminalOp
instanceKlass java/util/stream/ReduceOps
instanceKlass java/util/function/BinaryOperator
instanceKlass java/util/function/BiConsumer
instanceKlass java/util/StringJoiner
instanceKlass java/util/stream/Collectors$CollectorImpl
instanceKlass java/util/stream/Collector
instanceKlass java/util/stream/Collectors
instanceKlass ch/qos/logback/core/joran/util/StringToObjectConverter
instanceKlass ch/qos/logback/core/joran/util/beans/BeanDescription
instanceKlass ch/qos/logback/core/joran/util/beans/BeanUtil
instanceKlass java/util/LinkedHashMap$LinkedHashIterator
instanceKlass java/lang/PublicMethods
instanceKlass java/util/concurrent/locks/AbstractQueuedSynchronizer$Node
instanceKlass java/util/concurrent/ForkJoinPool$ManagedBlocker
instanceKlass java/util/concurrent/atomic/AtomicBoolean
instanceKlass ch/qos/logback/core/util/COWArrayList
instanceKlass ch/qos/logback/core/spi/FilterAttachableImpl
instanceKlass java/time/Duration
instanceKlass java/time/temporal/TemporalAmount
instanceKlass java/time/temporal/TemporalUnit
instanceKlass ch/qos/logback/classic/util/EnvUtil
instanceKlass java/util/concurrent/TimeUnit$1
instanceKlass java/util/concurrent/Executors$RunnableAdapter
instanceKlass java/util/concurrent/Callable
instanceKlass java/util/concurrent/FutureTask$WaitNode
instanceKlass java/lang/invoke/VarForm
instanceKlass java/lang/invoke/VarHandleGuards
instanceKlass jdk/internal/util/Preconditions$1
instanceKlass java/lang/invoke/VarHandle$1
instanceKlass java/lang/ClassValue$Version
instanceKlass java/lang/ClassValue$Identity
instanceKlass java/lang/ClassValue
instanceKlass java/lang/invoke/VarHandles
instanceKlass java/util/concurrent/FutureTask
instanceKlass jdk/internal/math/FloatingDecimal$ASCIIToBinaryBuffer
instanceKlass jdk/internal/math/FloatingDecimal$PreparedASCIIToBinaryBuffer
instanceKlass jdk/internal/math/FloatingDecimal$ASCIIToBinaryConverter
instanceKlass jdk/internal/math/FloatingDecimal$BinaryToASCIIBuffer
instanceKlass jdk/internal/math/FloatingDecimal$ExceptionalBinaryToASCIIBuffer
instanceKlass jdk/internal/math/FloatingDecimal$BinaryToASCIIConverter
instanceKlass jdk/internal/math/FloatingDecimal
instanceKlass java/util/regex/Pattern$1
instanceKlass java/util/regex/IntHashSet
instanceKlass java/util/regex/Matcher
instanceKlass java/util/regex/MatchResult
instanceKlass java/util/regex/Pattern$TreeInfo
instanceKlass java/util/regex/ASCII
instanceKlass java/util/regex/CharPredicates
instanceKlass java/util/regex/Pattern$BitClass
instanceKlass java/util/regex/Pattern$BmpCharPredicate
instanceKlass java/util/regex/Pattern$CharPredicate
instanceKlass java/util/regex/Pattern$Node
instanceKlass java/util/regex/Pattern
instanceKlass ch/qos/logback/core/util/Duration
instanceKlass java/util/concurrent/RunnableScheduledFuture
instanceKlass java/util/concurrent/ScheduledFuture
instanceKlass java/util/concurrent/Delayed
instanceKlass java/util/concurrent/RunnableFuture
instanceKlass java/util/concurrent/Future
instanceKlass java/util/concurrent/ThreadPoolExecutor$AbortPolicy
instanceKlass java/util/concurrent/RejectedExecutionHandler
instanceKlass java/util/concurrent/AbstractExecutorService
instanceKlass java/util/concurrent/Executors$DefaultThreadFactory
instanceKlass java/util/concurrent/Executors
instanceKlass ch/qos/logback/core/util/ExecutorServiceUtil$1
instanceKlass java/util/concurrent/ScheduledExecutorService
instanceKlass ch/qos/logback/core/util/ExecutorServiceUtil
instanceKlass ch/qos/logback/core/subst/NodeToStringTransformer$1
instanceKlass ch/qos/logback/core/subst/Node
instanceKlass ch/qos/logback/core/subst/Parser$1
instanceKlass ch/qos/logback/core/subst/Parser
instanceKlass ch/qos/logback/core/subst/Token
instanceKlass ch/qos/logback/core/subst/Tokenizer$1
instanceKlass ch/qos/logback/core/subst/Tokenizer
instanceKlass ch/qos/logback/core/subst/NodeToStringTransformer
instanceKlass ch/qos/logback/core/net/ssl/SecureRandomFactoryBean
instanceKlass ch/qos/logback/core/net/ssl/TrustManagerFactoryFactoryBean
instanceKlass ch/qos/logback/core/net/ssl/KeyManagerFactoryFactoryBean
instanceKlass ch/qos/logback/core/net/ssl/KeyStoreFactoryBean
instanceKlass ch/qos/logback/core/net/ssl/SSLContextFactoryBean
instanceKlass ch/qos/logback/core/net/ssl/SSLComponent
instanceKlass ch/qos/logback/core/net/ssl/SSLNestedComponentRegistryRules
instanceKlass ch/qos/logback/core/boolex/EventEvaluator
instanceKlass ch/qos/logback/core/encoder/Encoder
instanceKlass ch/qos/logback/core/joran/spi/HostClassAndPropertyDouble
instanceKlass ch/qos/logback/core/Layout
instanceKlass ch/qos/logback/classic/util/DefaultNestedComponentRules
instanceKlass ch/qos/logback/core/joran/spi/EventPlayer
instanceKlass ch/qos/logback/core/joran/spi/DefaultNestedComponentRegistry
instanceKlass ch/qos/logback/core/joran/spi/Interpreter
instanceKlass ch/qos/logback/core/Appender
instanceKlass ch/qos/logback/core/spi/FilterAttachable
instanceKlass com/sun/jmx/mbeanserver/Util
instanceKlass javax/management/ObjectName$Property
instanceKlass com/sun/jmx/mbeanserver/GetPropertyAction
instanceKlass javax/management/ObjectName
instanceKlass javax/management/QueryExp
instanceKlass ch/qos/logback/classic/spi/PlatformInfo
instanceKlass ch/qos/logback/core/sift/AppenderFactory
instanceKlass org/xml/sax/helpers/AttributesImpl
instanceKlass org/xml/sax/helpers/LocatorImpl
instanceKlass ch/qos/logback/core/joran/event/SaxEvent
instanceKlass com/sun/org/apache/xerces/internal/impl/Constants$ArrayEnumeration
instanceKlass com/sun/org/apache/xerces/internal/impl/Constants
instanceKlass com/sun/org/apache/xerces/internal/util/XMLChar
instanceKlass com/sun/org/apache/xerces/internal/parsers/AbstractSAXParser$LocatorProxy
instanceKlass org/xml/sax/ext/Locator2
instanceKlass org/xml/sax/Locator
instanceKlass com/sun/org/apache/xerces/internal/util/XMLSymbols
instanceKlass com/sun/xml/internal/stream/Entity
instanceKlass com/sun/xml/internal/stream/util/BufferAllocator
instanceKlass com/sun/xml/internal/stream/util/ThreadLocalBufferAllocator
instanceKlass com/sun/org/apache/xerces/internal/impl/XMLEntityManager$EncodingInfo
instanceKlass com/sun/org/apache/xerces/internal/util/URI
instanceKlass com/sun/org/apache/xerces/internal/utils/XMLLimitAnalyzer
instanceKlass com/sun/org/apache/xerces/internal/xni/parser/XMLInputSource
instanceKlass com/sun/org/apache/xerces/internal/util/ErrorHandlerWrapper
instanceKlass com/sun/org/apache/xerces/internal/xni/parser/XMLErrorHandler
instanceKlass com/sun/org/apache/xerces/internal/impl/ExternalSubsetResolver
instanceKlass com/sun/org/apache/xerces/internal/util/EntityResolverWrapper
instanceKlass org/xml/sax/ext/EntityResolver2
instanceKlass com/sun/org/apache/xerces/internal/parsers/AbstractSAXParser$AttributesProxy
instanceKlass org/xml/sax/ext/Attributes2
instanceKlass org/xml/sax/Attributes
instanceKlass org/xml/sax/AttributeList
instanceKlass com/sun/org/apache/xerces/internal/util/FeatureState
instanceKlass com/sun/org/apache/xerces/internal/util/PropertyState
instanceKlass com/sun/org/apache/xerces/internal/impl/msg/XMLMessageFormatter
instanceKlass com/sun/org/apache/xerces/internal/util/MessageFormatter
instanceKlass com/sun/org/apache/xerces/internal/impl/XMLVersionDetector
instanceKlass com/sun/org/apache/xerces/internal/impl/validation/ValidationManager
instanceKlass com/sun/org/apache/xerces/internal/impl/dv/dtd/NMTOKENDatatypeValidator
instanceKlass com/sun/org/apache/xerces/internal/impl/dv/dtd/NOTATIONDatatypeValidator
instanceKlass com/sun/org/apache/xerces/internal/impl/dv/dtd/ENTITYDatatypeValidator
instanceKlass com/sun/org/apache/xerces/internal/impl/dv/dtd/ListDatatypeValidator
instanceKlass com/sun/org/apache/xerces/internal/impl/dv/dtd/IDREFDatatypeValidator
instanceKlass com/sun/org/apache/xerces/internal/impl/dv/dtd/IDDatatypeValidator
instanceKlass com/sun/org/apache/xerces/internal/impl/dv/dtd/StringDatatypeValidator
instanceKlass com/sun/org/apache/xerces/internal/impl/dv/DatatypeValidator
instanceKlass com/sun/org/apache/xerces/internal/impl/dv/DTDDVFactory
instanceKlass com/sun/org/apache/xerces/internal/impl/dtd/DTDGrammarBucket
instanceKlass com/sun/org/apache/xerces/internal/impl/dtd/XMLAttributeDecl
instanceKlass com/sun/org/apache/xerces/internal/impl/dtd/XMLSimpleType
instanceKlass com/sun/org/apache/xerces/internal/impl/dtd/XMLElementDecl
instanceKlass com/sun/org/apache/xerces/internal/impl/validation/ValidationState
instanceKlass com/sun/org/apache/xerces/internal/impl/dv/ValidationContext
instanceKlass com/sun/org/apache/xerces/internal/impl/dtd/XMLDTDValidator
instanceKlass com/sun/org/apache/xerces/internal/impl/RevalidationHandler
instanceKlass com/sun/org/apache/xerces/internal/impl/dtd/XMLDTDValidatorFilter
instanceKlass com/sun/org/apache/xerces/internal/xni/parser/XMLDocumentFilter
instanceKlass com/sun/org/apache/xerces/internal/impl/dtd/XMLEntityDecl
instanceKlass com/sun/org/apache/xerces/internal/impl/dtd/XMLDTDProcessor
instanceKlass com/sun/org/apache/xerces/internal/xni/parser/XMLDTDContentModelFilter
instanceKlass com/sun/org/apache/xerces/internal/xni/parser/XMLDTDFilter
instanceKlass com/sun/org/apache/xerces/internal/xni/parser/XMLDTDScanner
instanceKlass com/sun/org/apache/xerces/internal/xni/parser/XMLDTDContentModelSource
instanceKlass com/sun/org/apache/xerces/internal/xni/parser/XMLDTDSource
instanceKlass com/sun/org/apache/xerces/internal/xni/grammars/XMLDTDDescription
instanceKlass com/sun/org/apache/xerces/internal/xni/grammars/XMLGrammarDescription
instanceKlass com/sun/org/apache/xerces/internal/impl/XMLDocumentScannerImpl$TrailingMiscDriver
instanceKlass com/sun/org/apache/xerces/internal/impl/XMLDocumentScannerImpl$PrologDriver
instanceKlass com/sun/org/apache/xerces/internal/impl/XMLDocumentScannerImpl$XMLDeclDriver
instanceKlass com/sun/org/apache/xerces/internal/util/NamespaceSupport
instanceKlass com/sun/org/apache/xerces/internal/xni/NamespaceContext
instanceKlass com/sun/org/apache/xerces/internal/util/XMLAttributesImpl$Attribute
instanceKlass com/sun/org/apache/xerces/internal/util/XMLAttributesImpl
instanceKlass com/sun/org/apache/xerces/internal/xni/XMLAttributes
instanceKlass com/sun/org/apache/xerces/internal/impl/XMLDocumentFragmentScannerImpl$FragmentContentDriver
instanceKlass com/sun/org/apache/xerces/internal/impl/XMLDocumentFragmentScannerImpl$Driver
instanceKlass com/sun/org/apache/xerces/internal/impl/XMLDocumentFragmentScannerImpl$ElementStack2
instanceKlass com/sun/org/apache/xerces/internal/xni/QName
instanceKlass com/sun/org/apache/xerces/internal/impl/XMLDocumentFragmentScannerImpl$ElementStack
instanceKlass com/sun/org/apache/xerces/internal/xni/XMLString
instanceKlass com/sun/org/apache/xerces/internal/impl/XMLScanner
instanceKlass com/sun/xml/internal/stream/XMLBufferListener
instanceKlass com/sun/org/apache/xerces/internal/impl/XMLEntityHandler
instanceKlass com/sun/org/apache/xerces/internal/xni/parser/XMLDocumentScanner
instanceKlass com/sun/org/apache/xerces/internal/xni/parser/XMLDocumentSource
instanceKlass com/sun/org/apache/xerces/internal/impl/XMLErrorReporter
instanceKlass com/sun/org/apache/xerces/internal/impl/XMLEntityScanner
instanceKlass com/sun/org/apache/xerces/internal/xni/XMLLocator
instanceKlass com/sun/xml/internal/stream/XMLEntityStorage
instanceKlass com/sun/org/apache/xerces/internal/util/AugmentationsImpl$AugmentationsItemsContainer
instanceKlass com/sun/org/apache/xerces/internal/util/AugmentationsImpl
instanceKlass com/sun/org/apache/xerces/internal/xni/Augmentations
instanceKlass com/sun/org/apache/xerces/internal/util/XMLResourceIdentifierImpl
instanceKlass com/sun/org/apache/xerces/internal/xni/XMLResourceIdentifier
instanceKlass com/sun/org/apache/xerces/internal/impl/XMLEntityManager
instanceKlass com/sun/org/apache/xerces/internal/xni/parser/XMLEntityResolver
instanceKlass com/sun/org/apache/xerces/internal/xni/parser/XMLComponent
instanceKlass com/sun/org/apache/xerces/internal/util/SymbolTable$Entry
instanceKlass com/sun/org/apache/xerces/internal/util/SymbolTable
instanceKlass jdk/xml/internal/JdkConstants
instanceKlass jdk/xml/internal/JdkXmlUtils
instanceKlass com/sun/org/apache/xerces/internal/util/ParserConfigurationSettings
instanceKlass com/sun/org/apache/xerces/internal/parsers/XML11Configurable
instanceKlass com/sun/org/apache/xerces/internal/xni/parser/XMLPullParserConfiguration
instanceKlass com/sun/org/apache/xerces/internal/xni/parser/XMLParserConfiguration
instanceKlass com/sun/org/apache/xerces/internal/xni/parser/XMLComponentManager
instanceKlass com/sun/org/apache/xerces/internal/parsers/XMLParser
instanceKlass com/sun/org/apache/xerces/internal/xni/XMLDTDContentModelHandler
instanceKlass com/sun/org/apache/xerces/internal/xni/XMLDTDHandler
instanceKlass com/sun/org/apache/xerces/internal/xni/XMLDocumentHandler
instanceKlass org/xml/sax/XMLReader
instanceKlass org/xml/sax/Parser
instanceKlass com/sun/org/apache/xerces/internal/utils/XMLSecurityPropertyManager
instanceKlass com/sun/org/apache/xerces/internal/utils/XMLSecurityManager
instanceKlass javax/xml/parsers/SAXParser
instanceKlass com/sun/org/apache/xerces/internal/xs/PSVIProvider
instanceKlass com/sun/org/apache/xerces/internal/jaxp/JAXPConstants
instanceKlass java/util/Spliterators$1Adapter
instanceKlass java/util/function/Consumer
instanceKlass sun/reflect/annotation/AnnotationParser
instanceKlass java/lang/Class$3
instanceKlass java/util/EnumMap$1
instanceKlass java/util/stream/StreamOpFlag$MaskBuilder
instanceKlass java/util/stream/Stream
instanceKlass java/util/stream/BaseStream
instanceKlass java/util/stream/PipelineHelper
instanceKlass java/util/stream/StreamSupport
instanceKlass java/util/Spliterators$ArraySpliterator
instanceKlass java/util/Spliterator$OfDouble
instanceKlass java/util/Spliterator$OfLong
instanceKlass java/util/Spliterator$OfInt
instanceKlass java/util/Spliterator$OfPrimitive
instanceKlass java/util/Spliterator
instanceKlass java/util/Spliterators$EmptySpliterator
instanceKlass java/util/Spliterators
instanceKlass javax/xml/parsers/FactoryFinder$1
instanceKlass java/lang/invoke/LambdaFormEditor$1
instanceKlass java/lang/invoke/MethodHandles$1
instanceKlass java/lang/Long$LongCache
instanceKlass jdk/internal/org/objectweb/asm/ClassReader
instanceKlass jdk/xml/internal/SecuritySupport
instanceKlass javax/xml/parsers/FactoryFinder
instanceKlass javax/xml/parsers/SAXParserFactory
instanceKlass ch/qos/logback/core/spi/ContextAwareImpl
instanceKlass ch/qos/logback/core/joran/spi/ElementPath
instanceKlass org/xml/sax/helpers/DefaultHandler
instanceKlass org/xml/sax/ErrorHandler
instanceKlass org/xml/sax/ContentHandler
instanceKlass org/xml/sax/DTDHandler
instanceKlass org/xml/sax/EntityResolver
instanceKlass org/xml/sax/InputSource
instanceKlass sun/net/www/protocol/jar/JarFileFactory
instanceKlass sun/net/www/protocol/jar/URLJarFile$URLJarFileCloseController
instanceKlass ch/qos/logback/core/joran/util/ConfigurationWatchListUtil
instanceKlass ch/qos/logback/core/joran/event/InPlayListener
instanceKlass ch/qos/logback/core/joran/spi/RuleStore
instanceKlass ch/qos/logback/core/spi/ContextAwareBase
instanceKlass ch/qos/logback/core/spi/ContextAware
instanceKlass ch/qos/logback/core/status/StatusBase
instanceKlass java/security/PermissionsEnumerator
instanceKlass java/io/FilePermissionCollection$1
instanceKlass sun/net/www/MessageHeader
instanceKlass java/net/URLConnection
instanceKlass java/util/PropertyPermissionCollection$1
instanceKlass java/net/SocketPermissionCollection$1
instanceKlass java/util/function/BiFunction
instanceKlass sun/security/provider/PolicyFile$8
instanceKlass sun/security/provider/PolicyFile$6
instanceKlass sun/security/util/PolicyUtil
instanceKlass sun/security/provider/PolicyFile$4
instanceKlass sun/security/util/SecurityProperties
instanceKlass sun/security/util/FilePermCompat
instanceKlass java/io/FilePermission$1
instanceKlass jdk/internal/access/JavaIOFilePermissionAccess
instanceKlass java/util/ComparableTimSort
instanceKlass java/util/Arrays$LegacyMergeSort
instanceKlass java/net/HostPortrange
instanceKlass java/net/URLPermission$Authority
instanceKlass sun/security/util/SecurityConstants
instanceKlass sun/security/provider/PolicyFile$PolicyEntry
instanceKlass java/util/Vector$1
instanceKlass sun/security/util/PropertyExpander
instanceKlass sun/security/provider/PolicyParser$PermissionEntry
instanceKlass sun/security/provider/PolicyParser$GrantEntry
instanceKlass sun/nio/ch/IOStatus
instanceKlass java/nio/DirectByteBuffer$Deallocator
instanceKlass sun/nio/ch/Util$BufferCache
instanceKlass sun/nio/ch/Util
instanceKlass sun/nio/ch/NativeThread
instanceKlass java/nio/charset/CoderResult
instanceKlass java/io/StreamTokenizer
instanceKlass sun/security/provider/PolicyParser
instanceKlass java/nio/channels/Channels
instanceKlass sun/nio/ch/FileChannelImpl$Closer
instanceKlass sun/nio/ch/NativeDispatcher
instanceKlass sun/nio/ch/NativeThreadSet
instanceKlass sun/nio/ch/IOUtil
instanceKlass java/nio/channels/spi/AbstractInterruptibleChannel
instanceKlass java/nio/channels/InterruptibleChannel
instanceKlass java/nio/channels/ScatteringByteChannel
instanceKlass java/nio/channels/GatheringByteChannel
instanceKlass java/nio/channels/SeekableByteChannel
instanceKlass java/nio/channels/ByteChannel
instanceKlass java/nio/channels/WritableByteChannel
instanceKlass sun/nio/fs/WindowsChannelFactory$Flags
instanceKlass sun/nio/fs/WindowsChannelFactory$1
instanceKlass sun/nio/fs/WindowsChannelFactory
instanceKlass sun/nio/fs/WindowsSecurityDescriptor
instanceKlass java/nio/file/attribute/FileAttribute
instanceKlass sun/security/provider/PolicyFile$2
instanceKlass java/security/ProtectionDomain$JavaSecurityAccessImpl$1
instanceKlass jdk/internal/access/JavaSecurityAccess$ProtectionDomainCache
instanceKlass java/util/Collections$SynchronizedMap
instanceKlass sun/security/provider/PolicyFile$PolicyInfo
instanceKlass sun/security/provider/PolicyFile$1
instanceKlass java/util/Properties$LineReader
instanceKlass java/security/Security$1
instanceKlass java/security/Security
instanceKlass java/security/Policy$1
instanceKlass java/security/Policy$PolicyInfo
instanceKlass java/security/Policy
instanceKlass ch/qos/logback/core/util/Loader$1
instanceKlass ch/qos/logback/core/util/Loader
instanceKlass ch/qos/logback/core/util/OptionHelper
instanceKlass ch/qos/logback/core/status/StatusListener
instanceKlass ch/qos/logback/core/util/StatusListenerConfigHelper
instanceKlass ch/qos/logback/classic/util/ContextInitializer
instanceKlass ch/qos/logback/classic/selector/ContextSelector
instanceKlass ch/qos/logback/classic/util/ContextSelectorStaticBinder
instanceKlass ch/qos/logback/classic/Level
instanceKlass ch/qos/logback/classic/spi/ILoggingEvent
instanceKlass ch/qos/logback/core/spi/DeferredProcessingAware
instanceKlass ch/qos/logback/classic/Logger
instanceKlass ch/qos/logback/core/spi/AppenderAttachable
instanceKlass org/slf4j/spi/LocationAwareLogger
instanceKlass ch/qos/logback/classic/spi/LoggerContextVO
instanceKlass ch/qos/logback/core/spi/LogbackLock
instanceKlass ch/qos/logback/core/helpers/CyclicBuffer
instanceKlass ch/qos/logback/core/BasicStatusManager
instanceKlass ch/qos/logback/core/status/Status
instanceKlass java/util/concurrent/ExecutorService
instanceKlass java/util/concurrent/Executor
instanceKlass ch/qos/logback/core/status/StatusManager
instanceKlass ch/qos/logback/core/ContextBase
instanceKlass ch/qos/logback/core/spi/LifeCycle
instanceKlass ch/qos/logback/core/Context
instanceKlass ch/qos/logback/core/spi/PropertyContainer
instanceKlass org/slf4j/impl/StaticLoggerBinder
instanceKlass org/slf4j/spi/LoggerFactoryBinder
instanceKlass jdk/internal/loader/URLClassPath$1
instanceKlass java/lang/CompoundEnumeration
instanceKlass jdk/internal/loader/BuiltinClassLoader$1
instanceKlass java/util/Collections$EmptyEnumeration
instanceKlass jdk/internal/loader/BuiltinClassLoader$2
instanceKlass jdk/internal/module/Resources
instanceKlass org/slf4j/helpers/Util
instanceKlass org/slf4j/helpers/NOPLoggerFactory
instanceKlass java/util/concurrent/LinkedBlockingQueue$Node
instanceKlass java/util/concurrent/locks/AbstractQueuedSynchronizer$ConditionObject
instanceKlass java/util/concurrent/locks/Condition
instanceKlass java/util/concurrent/BlockingQueue
instanceKlass org/slf4j/Logger
instanceKlass org/slf4j/helpers/SubstituteLoggerFactory
instanceKlass org/slf4j/event/LoggingEvent
instanceKlass org/slf4j/ILoggerFactory
instanceKlass org/slf4j/LoggerFactory
instanceKlass ca/uhn/fhir/util/VersionUtil
instanceKlass org/hl7/fhir/igtools/publisher/IGVersionUtil
instanceKlass org/hl7/fhir/igtools/publisher/utils/PublisherConsoleLogger
instanceKlass java/lang/ProcessEnvironment$CheckedEntry
instanceKlass java/lang/ProcessEnvironment$CheckedEntrySet$1
instanceKlass java/lang/ProcessEnvironment$EntryComparator
instanceKlass java/lang/ProcessEnvironment$NameComparator
instanceKlass java/lang/Process
instanceKlass java/lang/ProcessBuilder
instanceKlass java/util/Date
instanceKlass org/hl7/fhir/utilities/IniFile
instanceKlass org/hl7/fhir/utilities/ToolGlobalSettings
instanceKlass java/util/DualPivotQuicksort
instanceKlass java/io/FilenameFilter
instanceKlass java/nio/channels/ReadableByteChannel
instanceKlass java/nio/channels/Channel
instanceKlass org/hl7/fhir/utilities/Utilities
instanceKlass sun/util/calendar/CalendarUtils
instanceKlass sun/util/calendar/CalendarDate
instanceKlass sun/util/resources/Bundles$CacheKeyReference
instanceKlass java/util/ResourceBundle$ResourceBundleProviderHelper
instanceKlass java/util/Collections$EmptyIterator
instanceKlass sun/util/resources/Bundles$CacheKey
instanceKlass java/util/ResourceBundle$1
instanceKlass jdk/internal/access/JavaUtilResourceBundleAccess
instanceKlass sun/util/resources/Bundles
instanceKlass sun/util/resources/LocaleData$LocaleDataStrategy
instanceKlass sun/util/resources/Bundles$Strategy
instanceKlass sun/util/resources/LocaleData$1
instanceKlass sun/util/resources/LocaleData
instanceKlass sun/util/locale/provider/LocaleResources
instanceKlass java/util/LinkedList$Node
instanceKlass java/util/ResourceBundle
instanceKlass java/util/ResourceBundle$Control
instanceKlass sun/util/locale/provider/CalendarDataUtility$CalendarWeekParameterGetter
instanceKlass sun/util/locale/provider/LocaleServiceProviderPool$LocalizedObjectGetter
instanceKlass sun/util/locale/provider/LocaleServiceProviderPool
instanceKlass java/util/Locale$Builder
instanceKlass sun/util/locale/provider/CalendarDataUtility
instanceKlass sun/util/calendar/CalendarSystem
instanceKlass java/util/Calendar$Builder
instanceKlass sun/util/locale/provider/AvailableLanguageTags
instanceKlass java/util/ServiceLoader$ProviderImpl
instanceKlass java/util/ServiceLoader$Provider
instanceKlass java/util/ServiceLoader$1
instanceKlass sun/util/resources/cldr/provider/CLDRLocaleDataMetaInfo
instanceKlass jdk/internal/jimage/ImageLocation
instanceKlass jdk/internal/jimage/decompressor/Decompressor
instanceKlass jdk/internal/jimage/ImageStringsReader
instanceKlass jdk/internal/jimage/ImageStrings
instanceKlass jdk/internal/jimage/ImageHeader
instanceKlass jdk/internal/jimage/NativeImageBuffer$1
instanceKlass jdk/internal/jimage/NativeImageBuffer
instanceKlass jdk/internal/jimage/BasicImageReader$1
instanceKlass jdk/internal/jimage/BasicImageReader
instanceKlass jdk/internal/jimage/ImageReader
instanceKlass jdk/internal/jimage/ImageReaderFactory$1
instanceKlass java/nio/file/Paths
instanceKlass jdk/internal/jimage/ImageReaderFactory
instanceKlass jdk/internal/module/SystemModuleFinders$SystemImage
instanceKlass jdk/internal/module/ModulePatcher$PatchedModuleReader
instanceKlass jdk/internal/module/SystemModuleFinders$SystemModuleReader
instanceKlass java/lang/module/ModuleReader
instanceKlass jdk/internal/loader/BuiltinClassLoader$5
instanceKlass java/util/ServiceLoader$3
instanceKlass java/util/ServiceLoader$2
instanceKlass java/util/ServiceLoader$LazyClassPathLookupIterator
instanceKlass java/util/concurrent/CopyOnWriteArrayList$COWIterator
instanceKlass java/util/ServiceLoader$ModuleServicesLookupIterator
instanceKlass java/util/ServiceLoader
instanceKlass java/lang/invoke/MethodHandles$Lookup$ClassDefiner
instanceKlass java/lang/invoke/MethodHandles$Lookup$ClassFile
instanceKlass jdk/internal/org/objectweb/asm/Handler
instanceKlass jdk/internal/org/objectweb/asm/Attribute
instanceKlass jdk/internal/org/objectweb/asm/FieldVisitor
instanceKlass java/lang/invoke/InvokerBytecodeGenerator$ClassData
instanceKlass jdk/internal/org/objectweb/asm/AnnotationVisitor
instanceKlass jdk/internal/org/objectweb/asm/Frame
instanceKlass jdk/internal/org/objectweb/asm/Label
instanceKlass jdk/internal/org/objectweb/asm/MethodVisitor
instanceKlass java/lang/invoke/LambdaFormBuffer
instanceKlass java/lang/invoke/LambdaFormEditor$TransformKey
instanceKlass java/lang/invoke/LambdaFormEditor
instanceKlass sun/invoke/util/Wrapper$1
instanceKlass java/lang/invoke/DelegatingMethodHandle$Holder
instanceKlass java/lang/invoke/DirectMethodHandle$2
instanceKlass sun/invoke/empty/Empty
instanceKlass sun/invoke/util/VerifyType
instanceKlass java/lang/invoke/ClassSpecializer$Factory
instanceKlass java/lang/invoke/ClassSpecializer$SpeciesData
instanceKlass java/lang/invoke/ClassSpecializer$1
instanceKlass java/lang/invoke/ClassSpecializer
instanceKlass java/lang/invoke/InnerClassLambdaMetafactory$1
instanceKlass java/lang/invoke/LambdaProxyClassArchive
instanceKlass jdk/internal/org/objectweb/asm/ByteVector
instanceKlass jdk/internal/org/objectweb/asm/Symbol
instanceKlass jdk/internal/org/objectweb/asm/SymbolTable
instanceKlass jdk/internal/org/objectweb/asm/ClassVisitor
instanceKlass java/lang/invoke/InfoFromMemberName
instanceKlass java/lang/invoke/MethodHandleInfo
instanceKlass jdk/internal/org/objectweb/asm/ConstantDynamic
instanceKlass sun/invoke/util/BytecodeDescriptor
instanceKlass jdk/internal/org/objectweb/asm/Handle
instanceKlass sun/security/action/GetBooleanAction
instanceKlass jdk/internal/org/objectweb/asm/Type
instanceKlass java/lang/invoke/AbstractValidatingLambdaMetafactory
instanceKlass java/lang/invoke/MethodHandleImpl$1
instanceKlass jdk/internal/access/JavaLangInvokeAccess
instanceKlass java/lang/invoke/Invokers$Holder
instanceKlass java/lang/invoke/BootstrapMethodInvoker
instanceKlass java/lang/invoke/InvokerBytecodeGenerator$2
instanceKlass java/lang/invoke/InvokerBytecodeGenerator
instanceKlass java/lang/invoke/LambdaForm$Holder
instanceKlass java/lang/invoke/LambdaForm$Name
instanceKlass java/lang/invoke/Invokers
instanceKlass java/lang/invoke/MethodHandleImpl
instanceKlass sun/invoke/util/ValueConversions
instanceKlass java/lang/invoke/DirectMethodHandle$Holder
instanceKlass java/lang/invoke/LambdaForm$NamedFunction
instanceKlass sun/invoke/util/Wrapper$Format
instanceKlass java/lang/invoke/MethodTypeForm
instanceKlass java/lang/invoke/MethodType$ConcurrentWeakInternSet
instanceKlass java/lang/invoke/LambdaMetafactory
instanceKlass sun/util/locale/LocaleObjectCache
instanceKlass sun/util/locale/BaseLocale$Key
instanceKlass sun/util/locale/InternalLocaleBuilder$CaseInsensitiveChar
instanceKlass sun/util/locale/InternalLocaleBuilder
instanceKlass sun/util/locale/StringTokenIterator
instanceKlass sun/util/locale/ParseStatus
instanceKlass sun/util/locale/LanguageTag
instanceKlass sun/util/cldr/CLDRBaseLocaleDataMetaInfo
instanceKlass sun/util/locale/provider/LocaleDataMetaInfo
instanceKlass sun/util/locale/provider/ResourceBundleBasedAdapter
instanceKlass sun/util/locale/provider/LocaleProviderAdapter$1
instanceKlass java/util/Collections$UnmodifiableCollection$1
instanceKlass sun/util/locale/provider/LocaleProviderAdapter
instanceKlass java/util/spi/LocaleServiceProvider
instanceKlass sun/util/calendar/ZoneInfoFile$ZoneOffsetTransitionRule
instanceKlass java/io/FileInputStream$1
instanceKlass sun/util/calendar/ZoneInfoFile$1
instanceKlass sun/util/calendar/ZoneInfoFile
instanceKlass java/util/TimeZone
instanceKlass java/util/Calendar
instanceKlass org/hl7/fhir/igtools/publisher/SimpleFetcher
instanceKlass org/hl7/fhir/igtools/publisher/SuppressedMessageInformation
instanceKlass java/lang/Void
instanceKlass java/lang/PublicMethods$Key
instanceKlass java/lang/PublicMethods$MethodList
instanceKlass org/hl7/fhir/utilities/npm/NpmPackage
instanceKlass org/hl7/fhir/igtools/publisher/SpecMapManager
instanceKlass org/hl7/fhir/igtools/publisher/ZipFetcher
instanceKlass org/hl7/fhir/utilities/i18n/I18nBase
instanceKlass org/hl7/fhir/igtools/publisher/IGKnowledgeProvider
instanceKlass org/hl7/fhir/r5/utils/client/FHIRToolingClient
instanceKlass org/hl7/fhir/igtools/publisher/Publisher$ContainedResourceDetails
instanceKlass org/hl7/fhir/igtools/publisher/FetchedResource
instanceKlass org/hl7/fhir/igtools/publisher/FetchedFile
instanceKlass org/hl7/fhir/r5/renderers/utils/Resolver$ResourceWithReference
instanceKlass org/hl7/fhir/r5/renderers/utils/RenderingContext
instanceKlass org/hl7/fhir/r5/utils/validation/IValidationPolicyAdvisor
instanceKlass org/hl7/fhir/r5/utils/validation/IValidatorResourceFetcher
instanceKlass org/hl7/fhir/r5/utils/FHIRPathEngine$IEvaluationContext
instanceKlass org/hl7/fhir/r5/renderers/utils/RenderingContext$ITypeParser
instanceKlass java/text/Format
instanceKlass org/hl7/fhir/instance/model/api/IBaseParameters
instanceKlass org/hl7/fhir/r5/formats/JsonCreator
instanceKlass org/hl7/fhir/utilities/xml/IXMLWriter
instanceKlass org/hl7/fhir/r5/elementmodel/ParserBase$ILinkResolver
instanceKlass org/hl7/fhir/instance/model/api/IBaseExtension
instanceKlass org/apache/commons/exec/ExecuteStreamHandler
instanceKlass org/hl7/fhir/r5/utils/structuremap/ITransformerServices
instanceKlass org/hl7/fhir/instance/model/api/IIdType
instanceKlass org/hl7/fhir/convertors/advisors/interfaces/BaseAdvisor
instanceKlass org/hl7/fhir/instance/model/api/IBaseOperationOutcome
instanceKlass com/google/gson/JsonElement
instanceKlass org/hl7/fhir/instance/model/api/IBaseCoding
instanceKlass org/hl7/fhir/instance/model/api/IBaseBinary
instanceKlass org/hl7/fhir/igtools/publisher/realm/RealmBusinessRules
instanceKlass org/hl7/fhir/r5/model/ICoding
instanceKlass org/hl7/fhir/utilities/npm/BasePackageCacheManager
instanceKlass org/hl7/fhir/utilities/npm/IPackageCacheManager
instanceKlass org/hl7/fhir/r5/renderers/utils/BaseWrappers$ResourceWrapper
instanceKlass org/hl7/fhir/r5/renderers/utils/BaseWrappers$WrapperBase
instanceKlass org/hl7/fhir/r5/renderers/utils/BaseWrappers$RendererWrapper
instanceKlass org/hl7/fhir/instance/model/api/IBaseBackboneElement
instanceKlass javax/xml/transform/Result
instanceKlass javax/xml/transform/Source
instanceKlass java/io/Externalizable
instanceKlass org/hl7/fhir/instance/model/api/IPrimitiveType
instanceKlass org/hl7/fhir/r5/conformance/ProfileUtilities$ProfileKnowledgeProvider
instanceKlass org/hl7/fhir/r5/renderers/utils/RenderingContext$ILiquidTemplateProvider
instanceKlass org/hl7/fhir/r5/context/IWorkerContext
instanceKlass org/hl7/fhir/instance/model/api/IBaseReference
instanceKlass org/hl7/fhir/instance/model/api/ICompositeType
instanceKlass org/hl7/fhir/instance/model/api/IBaseElement
instanceKlass org/hl7/fhir/instance/model/api/IBaseDatatype
instanceKlass org/hl7/fhir/igtools/publisher/CqlSubSystem$ILibraryReader
instanceKlass org/hl7/fhir/instance/model/api/IBaseBundle
instanceKlass org/hl7/fhir/r5/model/Base
instanceKlass org/hl7/fhir/instance/model/api/IDomainResource
instanceKlass org/hl7/fhir/instance/model/api/IAnyResource
instanceKlass org/hl7/fhir/instance/model/api/IBaseResource
instanceKlass ca/uhn/fhir/model/api/IElement
instanceKlass org/hl7/fhir/instance/model/api/IBaseHasModifierExtensions
instanceKlass org/hl7/fhir/instance/model/api/IBaseHasExtensions
instanceKlass org/hl7/fhir/instance/model/api/IBase
instanceKlass java/io/Reader
instanceKlass java/lang/Readable
instanceKlass org/hl7/fhir/igtools/publisher/IFetchFile
instanceKlass org/hl7/fhir/igtools/publisher/Publisher
instanceKlass org/hl7/fhir/r5/utils/validation/IValidationProfileUsageTracker
instanceKlass org/hl7/fhir/r5/renderers/utils/Resolver$IReferenceResolver
instanceKlass org/hl7/fhir/r5/context/IWorkerContext$ILoggingService
instanceKlass java/security/SecureClassLoader$DebugHolder
instanceKlass java/security/PermissionCollection
instanceKlass java/security/SecureClassLoader$1
instanceKlass java/security/SecureClassLoader$CodeSourceKey
instanceKlass java/util/zip/Checksum$1
instanceKlass java/util/zip/CRC32
instanceKlass java/util/zip/Checksum
instanceKlass sun/nio/ByteBuffered
instanceKlass java/lang/Package$VersionInfo
instanceKlass java/lang/NamedPackage
instanceKlass sun/security/util/ManifestEntryVerifier
instanceKlass java/util/ArrayList$Itr
instanceKlass jdk/internal/loader/Resource
instanceKlass java/util/StringTokenizer
instanceKlass jdk/internal/util/jar/JarIndex
instanceKlass jdk/internal/loader/FileURLMapper
instanceKlass jdk/internal/loader/URLClassPath$JarLoader$1
instanceKlass jdk/internal/loader/URLClassPath$Loader
instanceKlass jdk/internal/loader/URLClassPath$3
instanceKlass java/security/PrivilegedExceptionAction
instanceKlass sun/net/util/URLUtil
instanceKlass java/io/RandomAccessFile$1
instanceKlass java/util/jar/Attributes$Name
instanceKlass java/util/jar/Attributes
instanceKlass java/security/CodeSigner
instanceKlass sun/security/util/Debug
instanceKlass java/util/jar/JarVerifier
instanceKlass java/util/zip/ZipFile$InflaterCleanupAction
instanceKlass java/util/zip/Inflater$InflaterZStreamRef
instanceKlass java/util/zip/Inflater
instanceKlass java/util/zip/ZipEntry
instanceKlass java/nio/Bits$1
instanceKlass jdk/internal/misc/VM$BufferPool
instanceKlass java/nio/Bits
instanceKlass sun/nio/ch/DirectBuffer
instanceKlass jdk/internal/perf/PerfCounter$CoreCounters
instanceKlass jdk/internal/perf/Perf
instanceKlass jdk/internal/perf/Perf$GetPerfAction
instanceKlass jdk/internal/perf/PerfCounter
instanceKlass sun/util/locale/LocaleUtils
instanceKlass sun/util/locale/BaseLocale
instanceKlass java/util/Locale
instanceKlass java/nio/file/attribute/FileTime
instanceKlass java/util/TreeMap$PrivateEntryIterator
instanceKlass java/util/TreeMap$Entry
instanceKlass java/util/NavigableMap
instanceKlass java/util/SortedMap
instanceKlass java/util/NavigableSet
instanceKlass java/util/SortedSet
instanceKlass java/util/zip/ZipUtils
instanceKlass java/util/zip/ZipFile$Source$End
instanceKlass java/io/RandomAccessFile$2
instanceKlass jdk/internal/access/JavaIORandomAccessFileAccess
instanceKlass java/io/RandomAccessFile
instanceKlass java/io/DataInput
instanceKlass java/io/DataOutput
instanceKlass sun/nio/fs/WindowsNativeDispatcher$CompletionStatus
instanceKlass sun/nio/fs/WindowsNativeDispatcher$AclInformation
instanceKlass sun/nio/fs/WindowsNativeDispatcher$Account
instanceKlass sun/nio/fs/WindowsNativeDispatcher$DiskFreeSpace
instanceKlass sun/nio/fs/WindowsNativeDispatcher$VolumeInformation
instanceKlass sun/nio/fs/WindowsNativeDispatcher$FirstStream
instanceKlass sun/nio/fs/WindowsNativeDispatcher$FirstFile
instanceKlass java/util/Enumeration
instanceKlass java/util/concurrent/ConcurrentHashMap$Traverser
instanceKlass java/util/concurrent/ConcurrentHashMap$CollectionView
instanceKlass jdk/internal/loader/NativeLibraries$NativeLibraryImpl
instanceKlass jdk/internal/loader/NativeLibrary
instanceKlass java/util/ArrayDeque$DeqIterator
instanceKlass jdk/internal/loader/NativeLibraries$1
instanceKlass jdk/internal/loader/ClassLoaderHelper
instanceKlass jdk/internal/loader/NativeLibraries$LibraryPaths
instanceKlass sun/nio/fs/WindowsNativeDispatcher
instanceKlass sun/nio/fs/NativeBuffer$Deallocator
instanceKlass sun/nio/fs/NativeBuffer
instanceKlass java/lang/ThreadLocal$ThreadLocalMap
instanceKlass sun/nio/fs/NativeBuffers
instanceKlass sun/nio/fs/WindowsFileAttributes
instanceKlass java/nio/file/attribute/DosFileAttributes
instanceKlass sun/nio/fs/AbstractBasicFileAttributeView
instanceKlass sun/nio/fs/DynamicFileAttributeView
instanceKlass sun/nio/fs/WindowsFileAttributeViews
instanceKlass sun/nio/fs/Util
instanceKlass java/nio/file/attribute/BasicFileAttributeView
instanceKlass java/nio/file/attribute/FileAttributeView
instanceKlass java/nio/file/attribute/AttributeView
instanceKlass java/nio/file/Files
instanceKlass java/nio/file/CopyOption
instanceKlass java/nio/file/attribute/BasicFileAttributes
instanceKlass sun/nio/fs/WindowsPath
instanceKlass java/nio/file/Path
instanceKlass java/nio/file/Watchable
instanceKlass java/net/URI$Parser
instanceKlass sun/nio/fs/WindowsPathParser$Result
instanceKlass sun/nio/fs/WindowsPathParser
instanceKlass java/util/Collections$UnmodifiableCollection
instanceKlass java/util/Arrays$ArrayItr
instanceKlass java/nio/file/FileSystem
instanceKlass java/nio/file/OpenOption
instanceKlass java/nio/file/spi/FileSystemProvider
instanceKlass sun/nio/fs/DefaultFileSystemProvider
instanceKlass java/nio/file/FileSystems$DefaultFileSystemHolder$1
instanceKlass java/nio/file/FileSystems$DefaultFileSystemHolder
instanceKlass java/nio/file/FileSystems
instanceKlass java/util/zip/ZipFile$Source$Key
instanceKlass java/util/zip/ZipFile$Source
instanceKlass java/lang/ref/Cleaner$Cleanable
instanceKlass jdk/internal/ref/CleanerImpl
instanceKlass java/lang/ref/Cleaner$1
instanceKlass java/lang/ref/Cleaner
instanceKlass jdk/internal/ref/CleanerFactory$1
instanceKlass java/util/concurrent/ThreadFactory
instanceKlass jdk/internal/ref/CleanerFactory
instanceKlass java/util/zip/ZipCoder
instanceKlass java/util/zip/ZipFile$CleanableResource
instanceKlass java/lang/Runtime$Version
instanceKlass java/util/jar/JavaUtilJarAccessImpl
instanceKlass jdk/internal/access/JavaUtilJarAccess
instanceKlass java/util/zip/ZipFile$1
instanceKlass jdk/internal/access/JavaUtilZipFileAccess
instanceKlass java/util/zip/ZipFile
instanceKlass java/util/zip/ZipConstants
instanceKlass java/lang/StringCoding
instanceKlass sun/nio/cs/MS1252$Holder
instanceKlass sun/nio/cs/ArrayDecoder
instanceKlass java/nio/charset/CharsetDecoder
instanceKlass sun/launcher/LauncherHelper
instanceKlass java/lang/reflect/Array
instanceKlass java/lang/invoke/StringConcatFactory$3
instanceKlass java/lang/invoke/StringConcatFactory$2
instanceKlass java/lang/invoke/StringConcatFactory$1
instanceKlass java/lang/invoke/StringConcatFactory
instanceKlass java/lang/ModuleLayer$Controller
instanceKlass java/util/concurrent/CopyOnWriteArrayList
instanceKlass jdk/internal/module/ServicesCatalog$ServiceProvider
instanceKlass jdk/internal/loader/AbstractClassLoaderValue$Memoizer
instanceKlass java/util/ImmutableCollections$ListItr
instanceKlass java/util/ListIterator
instanceKlass java/lang/ModuleLayer
instanceKlass jdk/internal/module/ModuleLoaderMap$Modules
instanceKlass jdk/internal/module/ModuleLoaderMap$Mapper
instanceKlass java/util/function/Function
instanceKlass jdk/internal/module/ModuleLoaderMap
instanceKlass java/util/ImmutableCollections$Set12$1
instanceKlass java/util/AbstractMap$1$1
instanceKlass java/lang/module/ResolvedModule
instanceKlass java/lang/module/Configuration
instanceKlass java/util/ImmutableCollections$SetN$SetNIterator
instanceKlass jdk/internal/loader/BuiltinClassLoader$LoadedModule
instanceKlass jdk/internal/loader/AbstractClassLoaderValue
instanceKlass jdk/internal/module/ServicesCatalog
instanceKlass jdk/internal/util/Preconditions
instanceKlass sun/net/util/IPAddressUtil
instanceKlass java/net/URLStreamHandler
instanceKlass java/util/HexFormat
instanceKlass sun/net/www/ParseUtil
instanceKlass java/net/URL$3
instanceKlass jdk/internal/access/JavaNetURLAccess
instanceKlass java/net/URL$DefaultFactory
instanceKlass java/net/URLStreamHandlerFactory
instanceKlass jdk/internal/loader/URLClassPath
instanceKlass java/security/Principal
instanceKlass java/security/ProtectionDomain$Key
instanceKlass java/security/ProtectionDomain$JavaSecurityAccessImpl
instanceKlass jdk/internal/access/JavaSecurityAccess
instanceKlass java/lang/ClassLoader$ParallelLoaders
instanceKlass java/security/cert/Certificate
instanceKlass jdk/internal/loader/ArchivedClassLoaders
instanceKlass java/util/Deque
instanceKlass java/util/Queue
instanceKlass jdk/internal/loader/NativeLibraries
instanceKlass jdk/internal/loader/BootLoader
instanceKlass java/util/Optional
instanceKlass jdk/internal/module/SystemModuleFinders$SystemModuleFinder
instanceKlass java/lang/module/ModuleFinder
instanceKlass jdk/internal/module/SystemModuleFinders$3
instanceKlass jdk/internal/module/ModuleHashes$HashSupplier
instanceKlass jdk/internal/module/SystemModuleFinders$2
instanceKlass java/util/function/Supplier
instanceKlass java/lang/module/ModuleReference
instanceKlass jdk/internal/module/ModuleResolution
instanceKlass java/util/Collections$UnmodifiableMap
instanceKlass jdk/internal/module/ModuleHashes$Builder
instanceKlass jdk/internal/module/ModuleHashes
instanceKlass jdk/internal/module/ModuleTarget
instanceKlass java/lang/Enum
instanceKlass java/lang/module/ModuleDescriptor$Version
instanceKlass java/lang/module/ModuleDescriptor$Provides
instanceKlass java/lang/module/ModuleDescriptor$Opens
instanceKlass java/lang/module/ModuleDescriptor$Exports
instanceKlass java/lang/module/ModuleDescriptor$Requires
instanceKlass jdk/internal/module/Builder
instanceKlass jdk/internal/module/SystemModules$default
instanceKlass jdk/internal/module/SystemModules
instanceKlass jdk/internal/module/SystemModulesMap
instanceKlass java/net/URI$1
instanceKlass jdk/internal/access/JavaNetUriAccess
instanceKlass java/net/URI
instanceKlass jdk/internal/module/SystemModuleFinders
instanceKlass jdk/internal/module/ArchivedModuleGraph
instanceKlass jdk/internal/module/ArchivedBootLayer
instanceKlass jdk/internal/module/ModuleBootstrap$Counters
instanceKlass jdk/internal/module/ModulePatcher
instanceKlass java/io/FileSystem
instanceKlass java/io/DefaultFileSystem
instanceKlass java/io/File
instanceKlass java/lang/module/ModuleDescriptor$1
instanceKlass jdk/internal/access/JavaLangModuleAccess
instanceKlass sun/invoke/util/VerifyAccess
instanceKlass java/lang/module/ModuleDescriptor
instanceKlass jdk/internal/module/ModuleBootstrap
instanceKlass sun/security/action/GetPropertyAction
instanceKlass java/lang/invoke/MethodHandleStatics
instanceKlass java/util/Collections
instanceKlass sun/io/Win32ErrorMode
instanceKlass jdk/internal/misc/OSEnvironment
instanceKlass jdk/internal/misc/Signal$NativeHandler
instanceKlass java/util/Hashtable$Entry
instanceKlass jdk/internal/misc/Signal
instanceKlass java/lang/Terminator$1
instanceKlass jdk/internal/misc/Signal$Handler
instanceKlass java/lang/Terminator
instanceKlass java/nio/ByteOrder
instanceKlass java/nio/Buffer$1
instanceKlass jdk/internal/access/JavaNioAccess
instanceKlass jdk/internal/misc/ScopedMemoryAccess
instanceKlass java/nio/charset/CodingErrorAction
instanceKlass sun/nio/cs/SingleByte
instanceKlass java/lang/StringUTF16
instanceKlass sun/nio/cs/IBM437$Holder
instanceKlass sun/nio/cs/ArrayEncoder
instanceKlass java/nio/charset/CharsetEncoder
instanceKlass java/io/Writer
instanceKlass java/lang/reflect/Modifier
instanceKlass java/lang/Class$1
instanceKlass java/lang/Class$Atomic
instanceKlass java/lang/Class$ReflectionData
instanceKlass jdk/internal/util/ArraysSupport
instanceKlass java/nio/charset/StandardCharsets
instanceKlass sun/nio/cs/HistoricallyNamedCharset
instanceKlass java/lang/ThreadLocal
instanceKlass java/nio/charset/spi/CharsetProvider
instanceKlass java/nio/charset/Charset
instanceKlass java/io/OutputStream
instanceKlass java/io/Flushable
instanceKlass java/io/FileDescriptor$1
instanceKlass jdk/internal/access/JavaIOFileDescriptorAccess
instanceKlass java/io/FileDescriptor
instanceKlass jdk/internal/util/StaticProperty
instanceKlass java/util/HashMap$HashIterator
instanceKlass java/lang/Integer$IntegerCache
instanceKlass java/lang/CharacterData
instanceKlass java/util/Arrays
instanceKlass java/lang/VersionProps
instanceKlass java/lang/StringConcatHelper
instanceKlass jdk/internal/misc/VM
instanceKlass jdk/internal/util/SystemProps$Raw
instanceKlass jdk/internal/util/SystemProps
instanceKlass java/lang/System$2
instanceKlass jdk/internal/access/JavaLangAccess
instanceKlass java/lang/ref/Reference$1
instanceKlass jdk/internal/access/JavaLangRefAccess
instanceKlass java/lang/ref/ReferenceQueue$Lock
instanceKlass java/lang/ref/ReferenceQueue
instanceKlass jdk/internal/reflect/ReflectionFactory
instanceKlass jdk/internal/reflect/ReflectionFactory$GetReflectionFactoryAction
instanceKlass java/security/PrivilegedAction
instanceKlass java/util/concurrent/locks/LockSupport
instanceKlass java/util/concurrent/ConcurrentHashMap$Node
instanceKlass java/util/concurrent/ConcurrentHashMap$CounterCell
instanceKlass java/util/concurrent/locks/ReentrantLock
instanceKlass java/util/concurrent/locks/Lock
instanceKlass java/lang/Runtime
instanceKlass java/util/HashMap$Node
instanceKlass java/util/KeyValueHolder
instanceKlass java/util/Map$Entry
instanceKlass java/util/ImmutableCollections$MapN$MapNIterator
instanceKlass java/lang/Math
instanceKlass jdk/internal/reflect/Reflection
instanceKlass java/lang/invoke/MethodHandles$Lookup
instanceKlass java/lang/StringLatin1
instanceKlass java/security/Permission
instanceKlass java/security/Guard
instanceKlass java/lang/invoke/MemberName$Factory
instanceKlass java/lang/invoke/MethodHandles
instanceKlass jdk/internal/access/SharedSecrets
instanceKlass java/lang/reflect/ReflectAccess
instanceKlass jdk/internal/access/JavaLangReflectAccess
instanceKlass java/util/ImmutableCollections
instanceKlass java/util/Objects
instanceKlass java/util/Set
instanceKlass jdk/internal/misc/CDS
instanceKlass java/lang/Module$ArchivedData
instanceKlass java/lang/String$CaseInsensitiveComparator
instanceKlass java/util/Comparator
instanceKlass java/io/ObjectStreamField
instanceKlass jdk/internal/vm/vector/VectorSupport$VectorPayload
instanceKlass jdk/internal/vm/vector/VectorSupport
instanceKlass java/lang/reflect/RecordComponent
instanceKlass java/util/Iterator
instanceKlass java/lang/Number
instanceKlass java/lang/Character
instanceKlass java/lang/Boolean
instanceKlass java/util/concurrent/locks/AbstractOwnableSynchronizer
instanceKlass java/lang/LiveStackFrame
instanceKlass java/lang/StackFrameInfo
instanceKlass java/lang/StackWalker$StackFrame
instanceKlass java/lang/StackStreamFactory$AbstractStackWalker
instanceKlass java/lang/StackWalker
instanceKlass java/nio/Buffer
instanceKlass java/lang/StackTraceElement
instanceKlass java/util/RandomAccess
instanceKlass java/util/List
instanceKlass java/util/AbstractCollection
instanceKlass java/util/Collection
instanceKlass java/lang/Iterable
instanceKlass java/util/concurrent/ConcurrentMap
instanceKlass java/util/AbstractMap
instanceKlass java/security/CodeSource
instanceKlass jdk/internal/loader/ClassLoaders
instanceKlass java/util/jar/Manifest
instanceKlass java/net/URL
instanceKlass java/io/InputStream
instanceKlass java/io/Closeable
instanceKlass java/lang/AutoCloseable
instanceKlass jdk/internal/module/Modules
instanceKlass jdk/internal/misc/Unsafe
instanceKlass jdk/internal/misc/UnsafeConstants
instanceKlass java/lang/AbstractStringBuilder
instanceKlass java/lang/Appendable
instanceKlass java/lang/AssertionStatusDirectives
instanceKlass java/lang/invoke/MethodHandleNatives$CallSiteContext
instanceKlass jdk/internal/invoke/NativeEntryPoint
instanceKlass java/lang/invoke/CallSite
instanceKlass java/lang/invoke/MethodType
instanceKlass java/lang/invoke/TypeDescriptor$OfMethod
instanceKlass java/lang/invoke/LambdaForm
instanceKlass java/lang/invoke/MethodHandleNatives
instanceKlass java/lang/invoke/ResolvedMethodName
instanceKlass java/lang/invoke/MemberName
instanceKlass java/lang/invoke/VarHandle
instanceKlass java/lang/invoke/MethodHandle
instanceKlass jdk/internal/reflect/CallerSensitive
instanceKlass java/lang/annotation/Annotation
instanceKlass jdk/internal/reflect/FieldAccessor
instanceKlass jdk/internal/reflect/ConstantPool
instanceKlass jdk/internal/reflect/ConstructorAccessor
instanceKlass jdk/internal/reflect/MethodAccessor
instanceKlass jdk/internal/reflect/MagicAccessorImpl
instanceKlass java/lang/reflect/Parameter
instanceKlass java/lang/reflect/Member
instanceKlass java/lang/reflect/AccessibleObject
instanceKlass java/lang/Module
instanceKlass java/util/Map
instanceKlass java/util/Dictionary
instanceKlass java/lang/ThreadGroup
instanceKlass java/lang/Thread$UncaughtExceptionHandler
instanceKlass java/lang/Thread
instanceKlass java/lang/Runnable
instanceKlass java/lang/ref/Reference
instanceKlass java/lang/Record
instanceKlass java/security/AccessController
instanceKlass java/security/AccessControlContext
instanceKlass java/security/ProtectionDomain
instanceKlass java/lang/SecurityManager
instanceKlass java/lang/Throwable
instanceKlass java/lang/System
instanceKlass java/lang/ClassLoader
instanceKlass java/lang/Cloneable
instanceKlass java/lang/Class
instanceKlass java/lang/invoke/TypeDescriptor$OfField
instanceKlass java/lang/invoke/TypeDescriptor
instanceKlass java/lang/reflect/Type
instanceKlass java/lang/reflect/GenericDeclaration
instanceKlass java/lang/reflect/AnnotatedElement
instanceKlass java/lang/String
instanceKlass java/lang/constant/ConstantDesc
instanceKlass java/lang/constant/Constable
instanceKlass java/lang/CharSequence
instanceKlass java/lang/Comparable
instanceKlass java/io/Serializable
ciInstanceKlass java/lang/Object 1 1 92 100 1 10 12 1 1 10 7 12 1 1 1 10 100 12 1 1 1 10 12 1 1 8 1 10 12 1 1 10 100 12 1 1 1 10 12 1 10 12 1 1 100 1 8 1 10 12 1 3 8 1 100 1 5 0 1 1 1 1 1 1 1 1 1 1 1 1 1 1 1 1 100 1 1 1 7 1 1 1 1 1 1 1 100 1 1 1 1 1 1 1
ciInstanceKlass java/lang/Class 1 1 1611 10 7 12 1 1 1 9 7 12 1 1 1 9 12 1 1 7 1 10 10 12 1 1 8 1 10 12 1 8 1 8 1 10 12 1 1 10 12 1 1 10 12 1 10 10 12 1 10 12 1 1 10 12 1 1 10 7 12 1 1 10 12 1 10 12 1 10 12 1 8 1 10 12 1 8 1 10 12 1 8 1 8 1 10 12 1 1 10 7 12 1 1 1 18 12 1 1 11 7 12 1 1 1 8 1 8 1 8 1 10 7 12 1 1 1 11 12 1 1 7 1 8 1 10 12 1 11 100 12 1 1 1 10 12 1 1 11 8 1 18 8 1 10 12 1 10 7 12 1 1 10 7 12 1 1 1 10 12 1 1 10 7 12 1 1 1 9 100 12 1 1 1 10 100 12 1 1 1 10 7 12 1 1 1 10 12 1 1 18 12 1 1 10 7 12 1 1 1 10 7 12 1 1 10 12 1 1 10 7 1 100 1 10 12 1 1 9 12 1 1 100 1 8 1 10 12 1 10 12 1 1 10 12 1 1 10 7 12 1 1 1 7 1 10 12 1 7 1 100 1 10 10 12 1 1 10 12 1 1 100 1 10 100 12 1 1 1 10 12 1 1 10 12 1 1 9 12 1 1 10 12 1 10 12 1 10 12 1 1 9 12 1 1 9 12 1 1 10 12 1 1 10 100 1 10 12 1 10 12 1 10 12 1 1 10 9 12 1 10 12 1 8 1 10 12 1 1 10 12 1 1 10 12 1 10 12 1 1 10 12 1 1 10 12 1 1 9 7 12 1 1 1 10 7 12 1 1 10 12 10 12 1 10 12 1 1 10 100 12 1 1 10 12 1 10 12 1 1 10 100 12 1 1 1 10 12 1 10 12 1 1 10 12 1 10 12 1 10 12 1 1 10 7 1 10 10 10 12 1 1 10 12 1 1 10 12 10 12 1 1 100 1 8 1 10 10 12 1 1 10 12 1 100 1 11 12 1 10 100 12 1 1 10 12 1 10 12 1 10 100 12 1 1 10 10 12 1 1 8 1 10 12 1 10 12 1 1 8 1 9 12 1 10 12 1 10 12 1 10 12 1 10 12 100 1 9 12 1 10 12 1 9 12 1 10 12 1 10 12 1 10 12 1 10 10 12 1 10 12 1 10 12 1 10 12 1 10 12 1 10 12 1 100 1 10 12 1 10 12 1 1 10 12 1 1 10 12 1 1 10 12 1 1 10 12 1 1 10 12 1 1 7 1 10 10 12 1 1 10 12 1 1 10 12 1 1 10 10 12 1 10 12 1 1 10 12 1 1 10 12 1 1 10 12 1 1 7 1 10 10 12 11 100 12 1 1 10 12 1 1 10 12 1 10 100 12 1 1 1 10 12 1 1 10 10 12 1 1 100 1 10 10 12 1 1 10 100 12 1 1 1 100 1 100 1 10 12 1 1 10 12 1 10 10 12 1 1 10 12 1 10 12 1 10 12 1 10 100 12 1 1 1 11 7 12 1 1 10 12 1 10 12 1 9 12 1 10 12 1 1 10 12 1 9 12 1 1 100 1 10 9 12 1 1 10 12 100 1 10 12 1 9 12 1 10 100 12 1 1 1 10 12 1 10 12 1 10 100 12 1 1 1 10 12 1 10 12 10 12 1 1 100 1 10 8 1 10 12 1 11 11 12 1 1 11 7 12 1 1 11 12 1 8 1 10 12 1 10 12 1 1 9 12 1 9 12 1 1 10 7 12 1 1 9 12 1 10 12 1 1 10 10 12 1 10 7 12 1 1 1 10 100 12 1 1 10 100 12 1 1 9 12 1 1 10 12 1 9 12 1 10 12 1 10 12 1 1 9 12 1 1 9 12 1 10 12 1 10 12 1 1 9 12 1 100 1 10 10 12 1 1 7 1 10 12 1 1 100 11 100 1 9 12 1 1 9 12 1 7 1 10 12 1 9 12 1 1 9 12 1 10 12 1 10 12 1 1 9 12 1 7 1 10 10 12 1 1 10 10 12 1 1 10 12 10 10 12 1 9 12 1 10 12 1 1 10 7 12 1 1 1 10 12 1 1 10 12 1 8 10 7 8 1 18 8 1 8 1 10 12 1 9 12 1 9 12 1 1 10 12 1 7 1 100 1 10 12 1 9 12 1 1 7 1 10 10 12 1 10 7 1 9 12 1 8 1 10 12 1 7 1 10 12 1 10 12 1 1 9 12 1 100 1 8 1 10 7 1 4 10 10 12 11 7 12 1 1 1 10 12 1 100 1 10 12 1 1 10 8 1 8 1 10 12 1 1 9 7 12 1 1 11 12 100 1 11 100 12 1 1 9 12 1 10 100 12 1 1 1 10 7 12 1 1 10 12 1 1 9 12 1 9 10 12 1 1 10 12 1 1 10 12 1 1 10 12 1 1 10 12 1 1 11 12 1 100 1 11 12 1 10 100 12 1 1 1 10 12 1 100 1 11 12 1 10 100 12 1 1 1 10 12 1 10 11 12 1 11 12 1 1 10 12 1 10 12 1 1 9 12 1 1 9 100 12 1 1 10 12 1 10 100 12 1 1 1 10 12 1 1 10 12 1 10 12 1 10 12 1 10 7 12 1 1 1 10 12 1 8 1 10 12 1 10 12 1 10 12 1 10 100 12 1 1 1 11 100 12 1 1 1 10 12 1 1 10 12 1 18 12 1 1 11 12 1 1 18 11 12 1 18 12 1 11 12 1 10 12 1 1 10 12 1 10 12 1 10 12 10 12 1 8 1 10 12 1 7 1 9 12 1 1 100 1 100 1 100 1 100 1 100 1 1 1 3 1 3 1 3 1 1 1 1 1 1 1 5 0 1 1 1 1 1 1 1 1 1 1 1 1 1 1 1 1 1 1 1 1 1 1 1 100 1 1 1 1 1 1 1 100 1 1 1 1 1 1 100 1 1 1 1 1 1 1 1 1 1 1 1 1 1 1 1 1 1 1 1 1 1 1 1 1 1 1 1 1 1 1 1 1 1 1 1 1 1 100 1 1 1 1 1 1 1 1 1 1 1 1 1 1 1 1 1 1 1 1 1 1 1 1 1 1 1 1 100 1 1 1 1 1 1 1 1 1 1 1 1 1 1 1 1 1 1 1 1 1 1 1 1 1 1 1 1 1 1 1 1 1 1 1 1 1 1 1 1 1 1 1 1 1 1 1 1 1 1 1 1 1 100 1 100 1 1 1 1 1 1 1 1 1 1 1 1 1 1 1 1 1 1 1 1 1 1 1 1 1 1 1 1 1 1 1 1 1 1 1 1 1 1 1 1 1 1 1 1 1 1 1 1 1 1 1 1 1 1 1 1 1 1 1 1 1 1 1 100 1 1 1 1 1 1 1 1 1 1 1 1 1 1 1 1 1 1 1 1 1 1 1 1 1 1 1 1 1 1 1 1 1 1 1 1 1 1 1 1 1 1 1 1 1 1 1 1 1 1 1 1 1 1 1 1 1 1 1 1 1 1 1 1 1 1 1 1 15 10 7 12 1 1 1 16 15 10 12 16 15 11 12 16 1 16 15 16 15 10 12 16 16 15 10 12 16 15 16 1 15 10 12 16 1 1 1 1 1 1 1 1 100 1 1 100 1 100 1 1 100 1 100 1 1
staticfield java/lang/Class EMPTY_CLASS_ARRAY [Ljava/lang/Class; 0 [Ljava/lang/Class;
staticfield java/lang/Class serialPersistentFields [Ljava/io/ObjectStreamField; 0 [Ljava/io/ObjectStreamField;
ciInstanceKlass java/io/Serializable 1 0 7 100 1 100 1 1 1
instanceKlass jdk/internal/vm/vector/VectorSupport$VectorShuffle
instanceKlass jdk/internal/vm/vector/VectorSupport$VectorMask
instanceKlass jdk/internal/vm/vector/VectorSupport$Vector
ciInstanceKlass jdk/internal/vm/vector/VectorSupport$VectorPayload 0 0 32 10 100 12 1 1 1 9 100 12 1 1 1 10 100 12 1 1 1 1 1 1 1 1 1 1 1 1 1 1 1 1
ciInstanceKlass jdk/internal/vm/vector/VectorSupport$VectorShuffle 0 0 28 10 100 12 1 1 1 100 1 1 1 1 1 1 1 1 1 1 1 1 1 1 1 100 1 1 1 1
ciInstanceKlass jdk/internal/vm/vector/VectorSupport$VectorMask 0 0 28 10 100 12 1 1 1 100 1 1 1 1 1 1 1 1 1 1 1 1 1 1 1 100 1 1 1 1
ciInstanceKlass jdk/internal/vm/vector/VectorSupport$Vector 0 0 28 10 100 12 1 1 1 100 1 1 1 1 1 1 1 1 1 1 1 1 1 1 1 100 1 1 1 1
ciInstanceKlass jdk/internal/vm/vector/VectorSupport 0 0 487 100 1 10 100 12 1 1 1 9 12 1 1 10 12 1 1 100 1 10 12 1 11 100 12 1 1 1 11 100 12 1 1 1 11 100 12 1 1 11 100 12 1 1 1 11 100 1 100 1 10 12 1 1 11 100 12 1 1 11 100 12 1 1 100 1 11 100 12 1 1 11 100 12 1 1 11 100 12 1 1 1 11 100 12 1 1 1 11 100 12 1 1 1 11 100 12 1 1 1 100 1 10 12 1 1 11 100 12 1 1 100 1 11 100 12 1 1 11 100 12 1 1 11 100 12 1 1 11 100 1 100 1 9 12 1 1 10 100 12 1 1 11 100 12 1 1 10 12 1 1 10 100 12 1 1 1 10 12 1 10 12 1 1 10 12 1 1 1 1 1 3 1 3 1 3 1 3 1 3 1 3 1 3 1 3 1 3 1 3 1 3 1 3 1 3 1 3 1 3 1 3 1 3 1 3 1 3 1 3 1 3 1 3 1 3 1 3 1 3 1 3 1 3 1 3 1 3 1 3 1 3 1 3 1 3 1 3 1 3 1 3 1 3 1 3 1 3 1 1 1 1 1 3 1 1 1 1 1 1 3 1 1 1 1 1 1 1 1 1 1 1 1 1 1 1 1 1 1 1 1 1 1 1 1 1 1 1 1 1 1 1 1 1 1 1 1 1 1 1 1 1 1 1 1 1 1 1 1 1 1 1 1 1 1 1 1 1 1 1 1 1 1 1 1 1 1 1 1 1 1 1 1 1 1 1 1 1 1 1 1 1 1 1 1 1 1 1 1 1 1 1 1 1 1 1 1 1 1 1 1 1 1 1 1 1 1 1 1 1 1 1 1 1 1 1 1 1 1 1 1 1 1 1 1 1 1 1 1 1 1 1 1 1 1 1 1 1 1 1 1 1 1 1 1 1 1 1 1 1 1 1 1 1 1 1 1 1 1 1 1 1 1 1 1 1 1 1 1 1 1 1 1 1 1 1 1 1 1 1 1 1 1 1 1 1 1 1 1 1 1 1 1 1 1 1 1 1 1 1 100 1 100 1 1 1 1 1 1 1 1 1 1 1 1 1 1 1 1 1 1 1 1 1 1 1 1
ciInstanceKlass java/lang/reflect/RecordComponent 0 0 196 10 100 12 1 1 1 9 100 12 1 1 1 9 12 1 1 9 12 1 10 12 1 1 10 12 1 1 10 100 12 1 1 1 10 12 1 1 9 12 1 1 10 12 1 1 10 12 1 1 10 12 1 10 100 12 1 1 10 100 12 1 1 9 12 1 1 10 100 12 1 1 1 11 100 12 1 1 1 10 9 100 12 1 1 1 10 100 12 1 1 1 9 12 1 1 10 100 12 1 1 1 10 12 1 1 11 100 12 1 1 10 100 12 1 1 100 1 9 12 1 9 12 1 1 9 12 1 10 100 12 1 1 1 10 12 1 1 10 12 1 1 100 1 10 10 12 1 10 12 1 1 8 1 10 12 1 10 12 1 9 12 1 100 1 1 1 1 1 1 1 1 1 1 1 1 1 1 1 1 1 1 1 1 1 1 100 1 1 1 1 1 1 100 1 1
ciInstanceKlass java/util/Iterator 1 1 53 100 1 8 1 10 12 1 1 10 7 12 1 1 1 11 7 12 1 1 1 11 12 1 1 11 7 12 1 1 1 100 1 1 1 1 1 1 1 1 1 1 1 1 1 1 1 1 1 1 1 1 1
instanceKlass org/hl7/fhir/r4/formats/XmlParserBase$XmlVersion
instanceKlass org/hl7/fhir/igtools/publisher/FetchedFile$FetchedBundleType
instanceKlass java/time/format/TextStyle
instanceKlass java/time/format/DateTimeFormatterBuilder$SettingsParser
instanceKlass java/time/format/ResolverStyle
instanceKlass java/time/format/SignStyle
instanceKlass java/time/temporal/JulianFields$Field
instanceKlass java/time/temporal/IsoFields$Unit
instanceKlass java/time/temporal/IsoFields$Field
instanceKlass org/hl7/fhir/r5/utils/NPMPackageGenerator$Category
instanceKlass com/google/gson/FieldNamingPolicy
instanceKlass com/google/gson/LongSerializationPolicy
instanceKlass org/hl7/fhir/r5/elementmodel/Element$SpecialElement
instanceKlass org/hl7/fhir/r5/elementmodel/ParserBase$ValidationPolicy
instanceKlass org/hl7/fhir/r4/model/ImplementationGuide$GuideParameterCode
instanceKlass org/hl7/fhir/r5/utils/GuideParameterCode
instanceKlass org/hl7/fhir/validation/cli/utils/ValidationLevel
instanceKlass org/hl7/fhir/utilities/xhtml/NodeType
instanceKlass org/hl7/fhir/utilities/xhtml/XhtmlParser$ParserSecurityPolicy
instanceKlass org/hl7/fhir/r5/utils/client/ResourceFormat
instanceKlass org/hl7/fhir/r5/renderers/utils/RenderingContext$QuestionnaireRendererMode
instanceKlass org/hl7/fhir/r5/renderers/utils/RenderingContext$ResourceRendererMode
instanceKlass java/lang/constant/DirectMethodHandleDesc$Kind
instanceKlass java/lang/invoke/VarHandle$VarHandleDesc$Kind
instanceKlass java/security/DrbgParameters$Capability
instanceKlass sun/security/util/KnownOIDs
instanceKlass org/hl7/fhir/utilities/Utilities$DecimalStatus
instanceKlass org/hl7/fhir/r5/utils/FHIRPathEngine$Equality
instanceKlass org/hl7/fhir/r5/model/ExpressionNode$Function
instanceKlass org/hl7/fhir/r5/model/ExpressionNode$Kind
instanceKlass org/hl7/fhir/r5/model/ExpressionNode$Operation
instanceKlass org/hl7/fhir/utilities/validation/ValidationOptions$ValueSetMode
instanceKlass org/hl7/fhir/convertors/context/ConversionContext40_50
instanceKlass org/hl7/fhir/r4/formats/IParser$OutputStyle
instanceKlass org/hl7/fhir/r4/model/VisionPrescription$VisionEyes
instanceKlass org/hl7/fhir/r4/model/RequestGroup$ActionRelationshipType
instanceKlass org/hl7/fhir/r4/model/StructureDefinition$ExtensionContextType
instanceKlass org/hl7/fhir/r4/model/SpecimenDefinition$SpecimenContainedPreference
instanceKlass org/hl7/fhir/r4/model/PlanDefinition$ActionRelationshipType
instanceKlass org/hl7/fhir/r4/model/OperationDefinition$OperationParameterUse
instanceKlass org/hl7/fhir/r4/model/PractitionerRole$DaysOfWeek
instanceKlass org/hl7/fhir/r4/model/PlanDefinition$ActionParticipantType
instanceKlass org/hl7/fhir/r4/model/PlanDefinition$ActionConditionKind
instanceKlass org/hl7/fhir/r4/model/MolecularSequence$RepositoryType
instanceKlass org/hl7/fhir/r4/model/MolecularSequence$StrandType
instanceKlass org/hl7/fhir/r4/model/MolecularSequence$OrientationType
instanceKlass org/hl7/fhir/r4/model/ImplementationGuide$GuidePageGeneration
instanceKlass org/hl7/fhir/r4/model/HealthcareService$DaysOfWeek
instanceKlass org/hl7/fhir/r4/model/EvidenceVariable$GroupMeasure
instanceKlass org/hl7/fhir/r4/model/GraphDefinition$GraphCompartmentRule
instanceKlass org/hl7/fhir/r4/model/GraphDefinition$CompartmentCode
instanceKlass org/hl7/fhir/r4/model/GraphDefinition$GraphCompartmentUse
instanceKlass org/hl7/fhir/r4/model/DocumentReference$DocumentRelationshipType
instanceKlass org/hl7/fhir/r4/model/CapabilityStatement$DocumentMode
instanceKlass org/hl7/fhir/r4/model/CapabilityStatement$ReferenceHandlingPolicy
instanceKlass org/hl7/fhir/r4/model/CapabilityStatement$ConditionalDeleteStatus
instanceKlass org/hl7/fhir/r4/model/CapabilityStatement$ConditionalReadStatus
instanceKlass org/hl7/fhir/r4/model/CapabilityStatement$ResourceVersionPolicy
instanceKlass org/hl7/fhir/r4/model/AllergyIntolerance$AllergyIntoleranceSeverity
instanceKlass org/hl7/fhir/r4/model/ActivityDefinition$ActivityParticipantType
instanceKlass org/hl7/fhir/r4/model/TestReport$TestReportParticipantType
instanceKlass org/hl7/fhir/r4/model/RequestGroup$ActionConditionKind
instanceKlass org/hl7/fhir/r4/model/StructureMap$StructureMapGroupTypeMode
instanceKlass org/hl7/fhir/r4/model/StructureMap$StructureMapSourceListMode
instanceKlass org/hl7/fhir/r4/model/StructureMap$StructureMapInputMode
instanceKlass org/hl7/fhir/r4/model/StructureMap$StructureMapModelMode
instanceKlass org/hl7/fhir/r4/model/Subscription$SubscriptionChannelType
instanceKlass org/hl7/fhir/r4/model/StructureMap$StructureMapTransform
instanceKlass org/hl7/fhir/r4/model/StructureMap$StructureMapTargetListMode
instanceKlass org/hl7/fhir/r4/model/StructureMap$StructureMapContextType
instanceKlass org/hl7/fhir/r4/model/OperationOutcome$IssueType
instanceKlass org/hl7/fhir/r4/model/OperationOutcome$IssueSeverity
instanceKlass org/hl7/fhir/r4/model/Questionnaire$EnableWhenBehavior
instanceKlass org/hl7/fhir/r4/model/Questionnaire$QuestionnaireItemType
instanceKlass org/hl7/fhir/r4/model/PlanDefinition$ActionCardinalityBehavior
instanceKlass org/hl7/fhir/r4/model/PlanDefinition$ActionPrecheckBehavior
instanceKlass org/hl7/fhir/r4/model/PlanDefinition$ActionRequiredBehavior
instanceKlass org/hl7/fhir/r4/model/PlanDefinition$ActionSelectionBehavior
instanceKlass org/hl7/fhir/r4/model/PlanDefinition$ActionGroupingBehavior
instanceKlass org/hl7/fhir/r4/model/PlanDefinition$RequestPriority
instanceKlass org/hl7/fhir/r4/model/RequestGroup$ActionCardinalityBehavior
instanceKlass org/hl7/fhir/r4/model/RequestGroup$ActionPrecheckBehavior
instanceKlass org/hl7/fhir/r4/model/RequestGroup$ActionRequiredBehavior
instanceKlass org/hl7/fhir/r4/model/RequestGroup$ActionSelectionBehavior
instanceKlass org/hl7/fhir/r4/model/RequestGroup$ActionGroupingBehavior
instanceKlass org/hl7/fhir/r4/model/Questionnaire$QuestionnaireItemOperator
instanceKlass org/hl7/fhir/r4/model/MolecularSequence$QualityType
instanceKlass org/hl7/fhir/r4/model/MessageHeader$ResponseType
instanceKlass org/hl7/fhir/r4/model/NamingSystem$NamingSystemIdentifierType
instanceKlass org/hl7/fhir/r4/model/Location$DaysOfWeek
instanceKlass org/hl7/fhir/r4/model/Invoice$InvoicePriceComponentType
instanceKlass org/hl7/fhir/r4/model/ExampleScenario$FHIRResourceType
instanceKlass org/hl7/fhir/r4/model/ExampleScenario$ExampleScenarioActorType
instanceKlass org/hl7/fhir/r4/model/DeviceDefinition$DeviceNameType
instanceKlass org/hl7/fhir/r4/model/ConceptMap$ConceptMapGroupUnmappedMode
instanceKlass org/hl7/fhir/r4/model/Composition$DocumentRelationshipType
instanceKlass org/hl7/fhir/r4/model/DeviceMetric$DeviceMetricCalibrationState
instanceKlass org/hl7/fhir/r4/model/DeviceMetric$DeviceMetricCalibrationType
instanceKlass org/hl7/fhir/r4/model/CatalogEntry$CatalogEntryRelationType
instanceKlass org/hl7/fhir/r4/model/CapabilityStatement$RestfulCapabilityMode
instanceKlass org/hl7/fhir/r4/model/CarePlan$CarePlanActivityStatus
instanceKlass org/hl7/fhir/r4/model/CarePlan$CarePlanActivityKind
instanceKlass org/hl7/fhir/r4/model/Composition$CompositionAttestationMode
instanceKlass org/hl7/fhir/r4/model/ElementDefinition$SlicingRules
instanceKlass org/hl7/fhir/r4/model/Enumerations$BindingStrength
instanceKlass org/hl7/fhir/r4/model/AuditEvent$AuditEventAgentNetworkType
instanceKlass org/hl7/fhir/r4/model/Appointment$ParticipationStatus
instanceKlass org/hl7/fhir/r4/model/Appointment$ParticipantRequired
instanceKlass org/hl7/fhir/r4/model/DataRequirement$SortDirection
instanceKlass org/hl7/fhir/r4/model/ElementDefinition$ReferenceVersionRules
instanceKlass org/hl7/fhir/r4/model/ElementDefinition$AggregationMode
instanceKlass org/hl7/fhir/r4/model/Media$MediaStatus
instanceKlass org/hl7/fhir/r4/model/MedicationStatement$MedicationStatementStatus
instanceKlass org/hl7/fhir/r4/model/DeviceUseStatement$DeviceUseStatementStatus
instanceKlass org/hl7/fhir/r4/model/CoverageEligibilityRequest$EligibilityRequestPurpose
instanceKlass org/hl7/fhir/r4/model/CoverageEligibilityRequest$EligibilityRequestStatus
instanceKlass org/hl7/fhir/r4/model/Contract$ContractPublicationStatus
instanceKlass org/hl7/fhir/r4/model/CoverageEligibilityResponse$EligibilityResponsePurpose
instanceKlass org/hl7/fhir/r4/model/CoverageEligibilityResponse$EligibilityResponseStatus
instanceKlass org/hl7/fhir/r4/model/CompartmentDefinition$CompartmentType
instanceKlass org/hl7/fhir/r4/model/CodeSystem$PropertyType
instanceKlass org/hl7/fhir/r4/model/BiologicallyDerivedProduct$BiologicallyDerivedProductStatus
instanceKlass org/hl7/fhir/r4/model/BiologicallyDerivedProduct$BiologicallyDerivedProductCategory
instanceKlass org/hl7/fhir/r4/model/CommunicationRequest$CommunicationPriority
instanceKlass org/hl7/fhir/r4/model/CommunicationRequest$CommunicationRequestStatus
instanceKlass org/hl7/fhir/r4/model/Enumerations$ConceptMapEquivalence
instanceKlass org/hl7/fhir/r4/model/Composition$SectionMode
instanceKlass org/hl7/fhir/r4/model/ResearchElementDefinition$GroupMeasure
instanceKlass org/hl7/fhir/r4/model/ObservationDefinition$ObservationRangeCategory
instanceKlass org/hl7/fhir/r4/model/BiologicallyDerivedProduct$BiologicallyDerivedProductStorageScale
instanceKlass org/hl7/fhir/r4/model/ChargeItemDefinition$ChargeItemDefinitionPriceComponentType
instanceKlass org/hl7/fhir/r4/model/CapabilityStatement$EventCapabilityMode
instanceKlass org/hl7/fhir/r4/model/EffectEvidenceSynthesis$ExposureState
instanceKlass org/hl7/fhir/r4/model/TestScript$AssertionResponseTypes
instanceKlass org/hl7/fhir/r4/model/TestScript$TestScriptRequestMethodCode
instanceKlass org/hl7/fhir/r4/model/TestScript$AssertionOperatorType
instanceKlass org/hl7/fhir/r4/model/TestScript$AssertionDirectionType
instanceKlass org/hl7/fhir/r4/model/TestReport$TestReportActionResult
instanceKlass org/hl7/fhir/r4/model/CapabilityStatement$SystemRestfulInteraction
instanceKlass org/hl7/fhir/r4/model/CapabilityStatement$TypeRestfulInteraction
instanceKlass org/hl7/fhir/r4/model/Person$IdentityAssuranceLevel
instanceKlass org/hl7/fhir/r4/model/ResearchElementDefinition$VariableType
instanceKlass org/hl7/fhir/r4/model/ResearchElementDefinition$ResearchElementType
instanceKlass org/hl7/fhir/r4/model/Patient$LinkType
instanceKlass org/hl7/fhir/r4/model/Provenance$ProvenanceEntityRole
instanceKlass org/hl7/fhir/r4/model/Linkage$LinkageType
instanceKlass org/hl7/fhir/r4/model/Consent$ConsentProvisionType
instanceKlass org/hl7/fhir/r4/model/Device$UDIEntryType
instanceKlass org/hl7/fhir/r4/model/Encounter$EncounterLocationStatus
instanceKlass org/hl7/fhir/r4/model/Device$DeviceNameType
instanceKlass org/hl7/fhir/r4/model/Consent$ConsentDataMeaning
instanceKlass org/hl7/fhir/r4/model/Bundle$SearchEntryMode
instanceKlass org/hl7/fhir/r4/model/Bundle$HTTPVerb
instanceKlass org/hl7/fhir/r4/model/CodeSystem$FilterOperator
instanceKlass org/hl7/fhir/r4/model/Timing$EventTiming
instanceKlass org/hl7/fhir/r4/model/Timing$DayOfWeek
instanceKlass org/hl7/fhir/r4/model/Timing$UnitsOfTime
instanceKlass org/hl7/fhir/r4/model/ElementDefinition$ConstraintSeverity
instanceKlass org/hl7/fhir/r4/model/ElementDefinition$DiscriminatorType
instanceKlass org/hl7/fhir/r4/model/MedicationAdministration$MedicationAdministrationStatus
instanceKlass org/hl7/fhir/r4/model/ImmunizationEvaluation$ImmunizationEvaluationStatus
instanceKlass org/hl7/fhir/r4/model/ExplanationOfBenefit$RemittanceOutcome
instanceKlass org/hl7/fhir/r4/model/ExplanationOfBenefit$Use
instanceKlass org/hl7/fhir/r4/model/ExplanationOfBenefit$ExplanationOfBenefitStatus
instanceKlass org/hl7/fhir/r4/model/ValueSet$FilterOperator
instanceKlass org/hl7/fhir/r4/model/TerminologyCapabilities$CodeSearchSupport
instanceKlass org/hl7/fhir/r4/model/TerminologyCapabilities$CapabilityStatementKind
instanceKlass org/hl7/fhir/r4/model/VisionPrescription$VisionBase
instanceKlass org/hl7/fhir/r4/model/ObservationDefinition$ObservationDataType
instanceKlass org/hl7/fhir/r4/model/Enumerations$NoteType
instanceKlass org/hl7/fhir/r4/model/QuestionnaireResponse$QuestionnaireResponseStatus
instanceKlass org/hl7/fhir/r4/model/PaymentReconciliation$PaymentReconciliationStatus
instanceKlass org/hl7/fhir/r4/model/StructureDefinition$TypeDerivationRule
instanceKlass org/hl7/fhir/r4/model/StructureDefinition$StructureDefinitionKind
instanceKlass org/hl7/fhir/r4/model/Substance$FHIRSubstanceStatus
instanceKlass org/hl7/fhir/r4/model/VisionPrescription$VisionStatus
instanceKlass org/hl7/fhir/r4/model/Slot$SlotStatus
instanceKlass org/hl7/fhir/r4/model/SupplyRequest$RequestPriority
instanceKlass org/hl7/fhir/r4/model/SupplyRequest$SupplyRequestStatus
instanceKlass org/hl7/fhir/r4/model/Specimen$SpecimenStatus
instanceKlass org/hl7/fhir/r4/model/Task$TaskPriority
instanceKlass org/hl7/fhir/r4/model/Task$TaskIntent
instanceKlass org/hl7/fhir/r4/model/Task$TaskStatus
instanceKlass org/hl7/fhir/r4/model/VerificationResult$Status
instanceKlass org/hl7/fhir/r4/model/SupplyDelivery$SupplyDeliveryStatus
instanceKlass org/hl7/fhir/r4/model/Subscription$SubscriptionStatus
instanceKlass org/hl7/fhir/r4/model/TestReport$TestReportResult
instanceKlass org/hl7/fhir/r4/model/TestReport$TestReportStatus
instanceKlass org/hl7/fhir/r4/model/OperationDefinition$OperationKind
instanceKlass org/hl7/fhir/r4/model/NutritionOrder$NutritiionOrderIntent
instanceKlass org/hl7/fhir/r4/model/NutritionOrder$NutritionOrderStatus
instanceKlass org/hl7/fhir/r4/model/MedicationKnowledge$MedicationKnowledgeStatus
instanceKlass org/hl7/fhir/r4/model/Invoice$InvoiceStatus
instanceKlass org/hl7/fhir/r4/model/Flag$FlagStatus
instanceKlass org/hl7/fhir/r4/model/EpisodeOfCare$EpisodeOfCareStatus
instanceKlass org/hl7/fhir/r4/model/ServiceRequest$ServiceRequestPriority
instanceKlass org/hl7/fhir/r4/model/ServiceRequest$ServiceRequestIntent
instanceKlass org/hl7/fhir/r4/model/ServiceRequest$ServiceRequestStatus
instanceKlass org/hl7/fhir/r4/model/SearchParameter$SearchModifierCode
instanceKlass org/hl7/fhir/r4/model/SearchParameter$SearchComparator
instanceKlass org/hl7/fhir/r4/model/SearchParameter$XPathUsageType
instanceKlass org/hl7/fhir/r4/model/Enumerations$SearchParamType
instanceKlass org/hl7/fhir/r4/model/RiskAssessment$RiskAssessmentStatus
instanceKlass org/hl7/fhir/r4/model/RequestGroup$RequestPriority
instanceKlass org/hl7/fhir/r4/model/RequestGroup$RequestIntent
instanceKlass org/hl7/fhir/r4/model/RequestGroup$RequestStatus
instanceKlass org/hl7/fhir/r4/model/Medication$MedicationStatus
instanceKlass org/hl7/fhir/r4/model/MessageDefinition$MessageheaderResponseRequest
instanceKlass org/hl7/fhir/r4/model/MessageDefinition$MessageSignificanceCategory
instanceKlass org/hl7/fhir/r4/model/EvidenceVariable$EvidenceVariableType
instanceKlass org/hl7/fhir/r4/model/ResearchStudy$ResearchStudyStatus
instanceKlass org/hl7/fhir/r4/model/Procedure$ProcedureStatus
instanceKlass org/hl7/fhir/r4/model/Group$GroupType
instanceKlass org/hl7/fhir/r4/model/ImplementationGuide$SPDXLicense
instanceKlass org/hl7/fhir/r4/model/PaymentNotice$PaymentNoticeStatus
instanceKlass org/hl7/fhir/r4/model/MolecularSequence$SequenceType
instanceKlass org/hl7/fhir/r4/model/Observation$ObservationStatus
instanceKlass org/hl7/fhir/r4/model/NamingSystem$NamingSystemType
instanceKlass org/hl7/fhir/r4/model/MedicationRequest$MedicationRequestPriority
instanceKlass org/hl7/fhir/r4/model/MedicationRequest$MedicationRequestIntent
instanceKlass org/hl7/fhir/r4/model/MedicationRequest$MedicationRequestStatus
instanceKlass org/hl7/fhir/r4/model/MedicationDispense$MedicationDispenseStatus
instanceKlass org/hl7/fhir/r4/model/Immunization$ImmunizationStatus
instanceKlass org/hl7/fhir/r4/model/GuidanceResponse$GuidanceResponseStatus
instanceKlass org/hl7/fhir/r4/model/FamilyMemberHistory$FamilyHistoryStatus
instanceKlass org/hl7/fhir/r4/model/MeasureReport$MeasureReportType
instanceKlass org/hl7/fhir/r4/model/MeasureReport$MeasureReportStatus
instanceKlass org/hl7/fhir/r4/model/ImagingStudy$ImagingStudyStatus
instanceKlass org/hl7/fhir/r4/model/ListResource$ListMode
instanceKlass org/hl7/fhir/r4/model/ListResource$ListStatus
instanceKlass org/hl7/fhir/r4/model/ResearchSubject$ResearchSubjectStatus
instanceKlass org/hl7/fhir/r4/model/Goal$GoalLifecycleStatus
instanceKlass org/hl7/fhir/r4/model/Enumerations$AdministrativeGender
instanceKlass org/hl7/fhir/r4/model/Location$LocationMode
instanceKlass org/hl7/fhir/r4/model/Location$LocationStatus
instanceKlass org/hl7/fhir/r4/model/Encounter$EncounterStatus
instanceKlass org/hl7/fhir/r4/model/DocumentReference$ReferredDocumentStatus
instanceKlass org/hl7/fhir/r4/model/Device$FHIRDeviceStatus
instanceKlass org/hl7/fhir/r4/model/Quantity$QuantityComparator
instanceKlass org/hl7/fhir/r4/model/AdverseEvent$AdverseEventActuality
instanceKlass org/hl7/fhir/r4/model/Consent$ConsentState
instanceKlass org/hl7/fhir/r4/model/TriggerDefinition$TriggerType
instanceKlass org/hl7/fhir/r4/model/CodeSystem$CodeSystemContentMode
instanceKlass org/hl7/fhir/r4/model/CodeSystem$CodeSystemHierarchyMeaning
instanceKlass org/hl7/fhir/r4/model/Account$AccountStatus
instanceKlass org/hl7/fhir/r4/model/Contract$ContractStatus
instanceKlass org/hl7/fhir/r4/model/CarePlan$CarePlanIntent
instanceKlass org/hl7/fhir/r4/model/CarePlan$CarePlanStatus
instanceKlass org/hl7/fhir/r4/model/Claim$Use
instanceKlass org/hl7/fhir/r4/model/Claim$ClaimStatus
instanceKlass org/hl7/fhir/r4/model/CareTeam$CareTeamStatus
instanceKlass org/hl7/fhir/r4/model/Enumerations$RemittanceOutcome
instanceKlass org/hl7/fhir/r4/model/EnrollmentResponse$EnrollmentResponseStatus
instanceKlass org/hl7/fhir/r4/model/DetectedIssue$DetectedIssueSeverity
instanceKlass org/hl7/fhir/r4/model/DetectedIssue$DetectedIssueStatus
instanceKlass org/hl7/fhir/r4/model/Communication$CommunicationPriority
instanceKlass org/hl7/fhir/r4/model/Communication$CommunicationStatus
instanceKlass org/hl7/fhir/r4/model/ClinicalImpression$ClinicalImpressionStatus
instanceKlass org/hl7/fhir/r4/model/Endpoint$EndpointStatus
instanceKlass org/hl7/fhir/r4/model/DiagnosticReport$DiagnosticReportStatus
instanceKlass org/hl7/fhir/r4/model/AppointmentResponse$ParticipantStatus
instanceKlass org/hl7/fhir/r4/model/Appointment$AppointmentStatus
instanceKlass org/hl7/fhir/r4/model/DeviceMetric$DeviceMetricCategory
instanceKlass org/hl7/fhir/r4/model/DeviceMetric$DeviceMetricColor
instanceKlass org/hl7/fhir/r4/model/DeviceMetric$DeviceMetricOperationalStatus
instanceKlass org/hl7/fhir/r4/model/ClaimResponse$RemittanceOutcome
instanceKlass org/hl7/fhir/r4/model/ClaimResponse$Use
instanceKlass org/hl7/fhir/r4/model/ClaimResponse$ClaimResponseStatus
instanceKlass org/hl7/fhir/r4/model/ActivityDefinition$RequestPriority
instanceKlass org/hl7/fhir/r4/model/ActivityDefinition$RequestIntent
instanceKlass org/hl7/fhir/r4/model/ActivityDefinition$ActivityDefinitionKind
instanceKlass org/hl7/fhir/r4/model/RelatedArtifact$RelatedArtifactType
instanceKlass org/hl7/fhir/r4/model/Coverage$CoverageStatus
instanceKlass org/hl7/fhir/r4/model/ChargeItem$ChargeItemStatus
instanceKlass org/hl7/fhir/r4/model/Composition$DocumentConfidentiality
instanceKlass org/hl7/fhir/r4/model/Composition$CompositionStatus
instanceKlass org/hl7/fhir/r4/model/AuditEvent$AuditEventOutcome
instanceKlass org/hl7/fhir/r4/model/AuditEvent$AuditEventAction
instanceKlass org/hl7/fhir/r4/model/Bundle$BundleType
instanceKlass org/hl7/fhir/r4/model/EnrollmentRequest$EnrollmentRequestStatus
instanceKlass org/hl7/fhir/r4/model/Enumerations$DocumentReferenceStatus
instanceKlass org/hl7/fhir/r4/model/DeviceRequest$RequestPriority
instanceKlass org/hl7/fhir/r4/model/DeviceRequest$RequestIntent
instanceKlass org/hl7/fhir/r4/model/DeviceRequest$DeviceRequestStatus
instanceKlass org/hl7/fhir/r4/model/AllergyIntolerance$AllergyIntoleranceCriticality
instanceKlass org/hl7/fhir/r4/model/AllergyIntolerance$AllergyIntoleranceCategory
instanceKlass org/hl7/fhir/r4/model/AllergyIntolerance$AllergyIntoleranceType
instanceKlass org/hl7/fhir/r4/model/HumanName$NameUse
instanceKlass org/hl7/fhir/r4/model/ElementDefinition$PropertyRepresentation
instanceKlass org/hl7/fhir/r4/model/Address$AddressType
instanceKlass org/hl7/fhir/r4/model/Address$AddressUse
instanceKlass org/hl7/fhir/r4/model/Contributor$ContributorType
instanceKlass org/hl7/fhir/r4/model/ContactPoint$ContactPointUse
instanceKlass org/hl7/fhir/r4/model/ContactPoint$ContactPointSystem
instanceKlass org/hl7/fhir/r4/model/Identifier$IdentifierUse
instanceKlass org/hl7/fhir/r4/model/ParameterDefinition$ParameterUse
instanceKlass org/hl7/fhir/r4/model/Narrative$NarrativeStatus
instanceKlass org/hl7/fhir/r4/model/Enumerations$FHIRVersion
instanceKlass org/hl7/fhir/r4/model/CapabilityStatement$CapabilityStatementKind
instanceKlass org/hl7/fhir/r4/model/Enumerations$PublicationStatus
instanceKlass org/hl7/fhir/utilities/MarkDownProcessor$Dialect
instanceKlass org/hl7/fhir/utilities/validation/ValidationMessage$IssueType
instanceKlass org/hl7/fhir/utilities/validation/ValidationMessage$Source
instanceKlass org/hl7/fhir/r5/model/FhirPublication
instanceKlass org/hl7/fhir/igtools/publisher/Publisher$GenerationTool
instanceKlass net/sf/saxon/s9api/ValidationMode
instanceKlass net/sf/saxon/s9api/Serializer$Property
instanceKlass net/sf/saxon/expr/OperandUsage
instanceKlass net/sf/saxon/trans/Visibility
instanceKlass net/sf/saxon/type/PrimitiveUType
instanceKlass org/apache/tools/ant/taskdefs/XSLTProcess$ParamType
instanceKlass jdk/xml/internal/JdkProperty$ImplPropMap
instanceKlass jdk/xml/internal/JdkXmlFeatures$XmlFeature
instanceKlass org/hl7/fhir/igtools/publisher/IFetchFile$FetchState
instanceKlass java/time/temporal/ChronoField
instanceKlass java/time/zone/ZoneOffsetTransitionRule$TimeDefinition
instanceKlass java/time/DayOfWeek
instanceKlass java/time/Month
instanceKlass java/util/stream/MatchOps$MatchKind
instanceKlass java/nio/file/attribute/PosixFilePermission
instanceKlass org/hl7/fhir/utilities/npm/PackageGenerator$PackageType
instanceKlass org/hl7/fhir/utilities/json/JsonTrackingParser$TokenType
instanceKlass org/hl7/fhir/utilities/json/JsonTrackingParser$ItemType
instanceKlass com/google/gson/stream/JsonToken
instanceKlass java/net/StandardProtocolFamily
instanceKlass java/net/Proxy$Type
instanceKlass sun/net/www/protocol/http/HttpURLConnection$TunnelState
instanceKlass jdk/internal/logger/BootstrapLogger$LoggingBackend
instanceKlass java/lang/System$Logger$Level
instanceKlass sun/util/logging/PlatformLogger$Level
instanceKlass java/nio/file/FileVisitResult
instanceKlass java/nio/file/FileTreeWalker$EventType
instanceKlass org/apache/commons/io/file/StandardDeleteOption
instanceKlass java/nio/file/FileVisitOption
instanceKlass org/hl7/fhir/r5/formats/IParser$OutputStyle
instanceKlass org/hl7/fhir/r5/model/TestScript$AssertionResponseTypes
instanceKlass org/hl7/fhir/r5/model/TestScript$AssertionOperatorType
instanceKlass org/hl7/fhir/r5/model/TestScript$AssertionDirectionType
instanceKlass org/hl7/fhir/r5/model/VisionPrescription$VisionBase
instanceKlass org/hl7/fhir/r5/model/TestReport$TestReportParticipantType
instanceKlass org/hl7/fhir/r5/model/TerminologyCapabilities$CodeSearchSupport
instanceKlass org/hl7/fhir/r5/model/Task$TaskIntent
instanceKlass org/hl7/fhir/r5/model/Task$TaskStatus
instanceKlass org/hl7/fhir/r5/model/Slot$SlotStatus
instanceKlass org/hl7/fhir/r5/model/VisionPrescription$VisionEyes
instanceKlass org/hl7/fhir/r5/model/TestScript$TestScriptRequestMethodCode
instanceKlass org/hl7/fhir/r5/model/TestScript$FHIRDefinedType
instanceKlass org/hl7/fhir/r5/model/TestReport$TestReportActionResult
instanceKlass org/hl7/fhir/r5/model/SubscriptionTopic$InteractionTrigger
instanceKlass org/hl7/fhir/r5/model/Enumerations$ActionRelationshipType
instanceKlass org/hl7/fhir/r5/model/SubscriptionTopic$CriteriaNotExistsBehavior
instanceKlass org/hl7/fhir/r5/model/ObservationDefinition$ObservationRangeCategory
instanceKlass org/hl7/fhir/r5/model/ImplementationGuide$GuidePageGeneration
instanceKlass org/hl7/fhir/r5/model/Provenance$ProvenanceEntityRole
instanceKlass org/hl7/fhir/r5/model/Questionnaire$QuestionnaireItemOperator
instanceKlass org/hl7/fhir/r5/model/Questionnaire$QuestionnaireAnswerConstraint
instanceKlass org/hl7/fhir/r5/model/Questionnaire$QuestionnaireItemDisabledDisplay
instanceKlass org/hl7/fhir/r5/model/Questionnaire$EnableWhenBehavior
instanceKlass org/hl7/fhir/r5/model/Questionnaire$QuestionnaireItemType
instanceKlass org/hl7/fhir/r5/model/Enumerations$ActionConditionKind
instanceKlass org/hl7/fhir/r5/model/OperationOutcome$IssueType
instanceKlass org/hl7/fhir/r5/model/OperationOutcome$IssueSeverity
instanceKlass org/hl7/fhir/r5/model/Enumerations$ActionCardinalityBehavior
instanceKlass org/hl7/fhir/r5/model/Enumerations$ActionPrecheckBehavior
instanceKlass org/hl7/fhir/r5/model/Enumerations$ActionRequiredBehavior
instanceKlass org/hl7/fhir/r5/model/Enumerations$ActionSelectionBehavior
instanceKlass org/hl7/fhir/r5/model/Enumerations$ActionGroupingBehavior
instanceKlass org/hl7/fhir/r5/model/MessageHeader$ResponseType
instanceKlass org/hl7/fhir/r5/model/MolecularSequence$QualityType
instanceKlass org/hl7/fhir/r5/model/NamingSystem$NamingSystemIdentifierType
instanceKlass org/hl7/fhir/r5/model/MolecularSequence$StrandType
instanceKlass org/hl7/fhir/r5/model/MolecularSequence$OrientationType
instanceKlass org/hl7/fhir/r5/model/MolecularSequence$RepositoryType
instanceKlass org/hl7/fhir/r5/model/MedicationAdministration$MedicationAdministrationStatusCodes
instanceKlass org/hl7/fhir/r5/model/ImagingSelection$ImagingSelectionCoordinateType
instanceKlass org/hl7/fhir/r5/model/ImagingSelection$ImagingSelectionGraphicType
instanceKlass org/hl7/fhir/r5/model/ExampleScenario$ExampleScenarioActorType
instanceKlass org/hl7/fhir/r5/model/DeviceMetric$DeviceMetricCalibrationState
instanceKlass org/hl7/fhir/r5/model/DeviceMetric$DeviceMetricCalibrationType
instanceKlass org/hl7/fhir/r5/model/Encounter$EncounterLocationStatus
instanceKlass org/hl7/fhir/r5/model/DocumentReference$DocumentAttestationMode
instanceKlass org/hl7/fhir/r5/model/EvidenceReport$ReportRelationshipType
instanceKlass org/hl7/fhir/r5/model/StructureMap$StructureMapInputMode
instanceKlass org/hl7/fhir/r5/model/StructureMap$StructureMapModelMode
instanceKlass org/hl7/fhir/r5/model/StructureDefinition$ExtensionContextType
instanceKlass org/hl7/fhir/r5/model/StructureMap$StructureMapGroupTypeMode
instanceKlass org/hl7/fhir/r5/model/StructureMap$StructureMapTransform
instanceKlass org/hl7/fhir/r5/model/StructureMap$StructureMapTargetListMode
instanceKlass org/hl7/fhir/r5/model/Enumerations$SubscriptionSearchModifier
instanceKlass org/hl7/fhir/r5/model/SpecimenDefinition$SpecimenContainedPreference
instanceKlass org/hl7/fhir/r5/model/StructureMap$StructureMapSourceListMode
instanceKlass org/hl7/fhir/r5/model/Group$GroupType
instanceKlass org/hl7/fhir/r5/model/Goal$GoalLifecycleStatus
instanceKlass org/hl7/fhir/r5/model/Flag$FlagStatus
instanceKlass org/hl7/fhir/r5/model/Device$FHIRDeviceStatus
instanceKlass org/hl7/fhir/r5/model/VerificationResult$Status
instanceKlass org/hl7/fhir/r5/model/Substance$FHIRSubstanceStatus
instanceKlass org/hl7/fhir/r5/model/SupplyRequest$SupplyRequestStatus
instanceKlass org/hl7/fhir/r5/model/SupplyDelivery$SupplyDeliveryStatus
instanceKlass org/hl7/fhir/r5/model/SubscriptionStatus$SubscriptionNotificationType
instanceKlass org/hl7/fhir/r5/model/TestReport$TestReportResult
instanceKlass org/hl7/fhir/r5/model/TestReport$TestReportStatus
instanceKlass org/hl7/fhir/r5/model/QuestionnaireResponse$QuestionnaireResponseStatus
instanceKlass org/hl7/fhir/r5/model/Subscription$SubscriptionUrlLocation
instanceKlass org/hl7/fhir/r5/model/Subscription$SubscriptionPayloadContent
instanceKlass org/hl7/fhir/r5/model/Enumerations$SubscriptionState
instanceKlass org/hl7/fhir/r5/model/StructureDefinition$TypeDerivationRule
instanceKlass org/hl7/fhir/r5/model/StructureDefinition$StructureDefinitionKind
instanceKlass org/hl7/fhir/r5/model/SearchParameter$SearchModifierCode
instanceKlass org/hl7/fhir/r5/model/SearchParameter$SearchComparator
instanceKlass org/hl7/fhir/r5/model/SearchParameter$XPathUsageType
instanceKlass org/hl7/fhir/r5/model/Specimen$SpecimenStatus
instanceKlass org/hl7/fhir/r5/model/Enumerations$AdministrativeGender
instanceKlass org/hl7/fhir/r5/model/NutritionProduct$NutritionProductStatus
instanceKlass org/hl7/fhir/r5/model/MedicationUsage$MedicationUsageStatusCodes
instanceKlass org/hl7/fhir/r5/model/ObservationDefinition$ObservationDataType
instanceKlass org/hl7/fhir/r5/model/Permission$PermissionStatus
instanceKlass org/hl7/fhir/r5/model/Person$IdentityAssuranceLevel
instanceKlass org/hl7/fhir/r5/model/NamingSystem$NamingSystemType
instanceKlass org/hl7/fhir/r5/model/MolecularSequence$SequenceType
instanceKlass org/hl7/fhir/r5/model/PaymentReconciliation$PaymentOutcome
instanceKlass org/hl7/fhir/r5/model/Patient$LinkType
instanceKlass org/hl7/fhir/r5/model/OperationDefinition$OperationKind
instanceKlass org/hl7/fhir/r5/model/MessageDefinition$MessageheaderResponseRequest
instanceKlass org/hl7/fhir/r5/model/MessageDefinition$MessageSignificanceCategory
instanceKlass org/hl7/fhir/r5/model/Invoice$InvoiceStatus
instanceKlass org/hl7/fhir/r5/model/Medication$MedicationStatusCodes
instanceKlass org/hl7/fhir/r5/model/Linkage$LinkageType
instanceKlass org/hl7/fhir/r5/model/MedicationDispense$MedicationDispenseStatusCodes
instanceKlass org/hl7/fhir/r5/model/InventoryReport$InventoryCountType
instanceKlass org/hl7/fhir/r5/model/InventoryReport$InventoryReportStatus
instanceKlass org/hl7/fhir/r5/model/MedicationRequest$MedicationRequestIntent
instanceKlass org/hl7/fhir/r5/model/MedicationRequest$MedicationrequestStatus
instanceKlass org/hl7/fhir/r5/model/MeasureReport$SubmitDataUpdateType
instanceKlass org/hl7/fhir/r5/model/MeasureReport$MeasureReportType
instanceKlass org/hl7/fhir/r5/model/MeasureReport$MeasureReportStatus
instanceKlass org/hl7/fhir/r5/model/MedicationKnowledge$MedicationKnowledgeStatusCodes
instanceKlass org/hl7/fhir/r5/model/Location$LocationMode
instanceKlass org/hl7/fhir/r5/model/Location$LocationStatus
instanceKlass org/hl7/fhir/r5/model/ListResource$ListStatus
instanceKlass org/hl7/fhir/r5/model/EpisodeOfCare$EpisodeOfCareStatus
instanceKlass org/hl7/fhir/r5/model/ImagingStudy$ImagingStudyStatus
instanceKlass org/hl7/fhir/r5/model/GuidanceResponse$GuidanceResponseStatus
instanceKlass org/hl7/fhir/r5/model/ImmunizationEvaluation$ImmunizationEvaluationStatusCodes
instanceKlass org/hl7/fhir/r5/model/EnrollmentResponse$EnrollmentOutcome
instanceKlass org/hl7/fhir/r5/model/ExplanationOfBenefit$ExplanationOfBenefitStatus
instanceKlass org/hl7/fhir/r5/model/Immunization$ImmunizationStatusCodes
instanceKlass org/hl7/fhir/r5/model/FamilyMemberHistory$FamilyHistoryStatus
instanceKlass org/hl7/fhir/r5/model/Endpoint$EndpointStatus
instanceKlass org/hl7/fhir/r5/model/DetectedIssue$DetectedIssueSeverity
instanceKlass org/hl7/fhir/r5/model/Enumerations$ObservationStatus
instanceKlass org/hl7/fhir/r5/model/DeviceDispense$DeviceDispenseStatusCodes
instanceKlass org/hl7/fhir/r5/model/DeviceDefinition$DeviceProductionIdentifierInUDI
instanceKlass org/hl7/fhir/r5/model/DeviceMetric$DeviceMetricCategory
instanceKlass org/hl7/fhir/r5/model/DeviceMetric$DeviceMetricColor
instanceKlass org/hl7/fhir/r5/model/DeviceMetric$DeviceMetricOperationalStatus
instanceKlass org/hl7/fhir/r5/model/DeviceUsage$DeviceUsageStatus
instanceKlass org/hl7/fhir/r5/model/Encounter$EncounterStatus
instanceKlass org/hl7/fhir/r5/model/Enumerations$DocumentReferenceStatus
instanceKlass org/hl7/fhir/r5/model/DiagnosticReport$DiagnosticReportStatus
instanceKlass org/hl7/fhir/r5/model/Enumerations$CompositionStatus
instanceKlass org/hl7/fhir/r5/model/Consent$ConsentState
instanceKlass org/hl7/fhir/r5/model/Enumerations$ClinicalUseIssueType
instanceKlass org/hl7/fhir/r5/model/CodeSystem$CodeSystemContentMode
instanceKlass org/hl7/fhir/r5/model/CodeSystem$CodeSystemHierarchyMeaning
instanceKlass org/hl7/fhir/r5/model/Contract$ContractResourceStatusCodes
instanceKlass org/hl7/fhir/r5/model/ChargeItem$ChargeItemStatus
instanceKlass org/hl7/fhir/r5/model/CarePlan$CarePlanIntent
instanceKlass org/hl7/fhir/r5/model/Enumerations$RequestStatus
instanceKlass org/hl7/fhir/r5/model/Enumerations$EventStatus
instanceKlass org/hl7/fhir/r5/model/Enumerations$FHIRVersion
instanceKlass org/hl7/fhir/r5/model/Enumerations$CapabilityStatementKind
instanceKlass org/hl7/fhir/r5/model/Enumerations$ClaimProcessingCodes
instanceKlass org/hl7/fhir/r5/model/CareTeam$CareTeamStatus
instanceKlass org/hl7/fhir/r5/model/Enumerations$InvoicePriceComponentType
instanceKlass org/hl7/fhir/r5/model/Enumerations$Use
instanceKlass org/hl7/fhir/r5/model/Bundle$BundleType
instanceKlass org/hl7/fhir/r5/model/Consent$ConsentProvisionType
instanceKlass org/hl7/fhir/r5/model/Device$UDIEntryType
instanceKlass org/hl7/fhir/r5/model/CoverageEligibilityResponse$EligibilityOutcome
instanceKlass org/hl7/fhir/r5/model/CoverageEligibilityResponse$EligibilityResponsePurpose
instanceKlass org/hl7/fhir/r5/model/Consent$ConsentDataMeaning
instanceKlass org/hl7/fhir/r5/model/CoverageEligibilityRequest$EligibilityRequestPurpose
instanceKlass org/hl7/fhir/r5/model/Enumerations$FinancialResourceStatusCodes
instanceKlass org/hl7/fhir/r5/model/Enumerations$DeviceNameType
instanceKlass org/hl7/fhir/r5/model/Contract$ContractResourcePublicationStatusCodes
instanceKlass org/hl7/fhir/r5/model/Enumerations$ListMode
instanceKlass org/hl7/fhir/r5/model/Enumerations$ConceptMapRelationship
instanceKlass org/hl7/fhir/r5/model/Enumerations$FilterOperator
instanceKlass org/hl7/fhir/r5/model/Enumerations$ConceptMapGroupUnmappedMode
instanceKlass org/hl7/fhir/r5/model/CodeSystem$PropertyType
instanceKlass org/hl7/fhir/r5/model/Enumerations$NoteType
instanceKlass org/hl7/fhir/r5/model/AllergyIntolerance$AllergyIntoleranceSeverity
instanceKlass org/hl7/fhir/r5/model/Enumerations$RestfulCapabilityMode
instanceKlass org/hl7/fhir/r5/model/BiologicallyDerivedProduct$BiologicallyDerivedProductStatus
instanceKlass org/hl7/fhir/r5/model/BiologicallyDerivedProduct$BiologicallyDerivedProductCategory
instanceKlass org/hl7/fhir/r5/model/CapabilityStatement$DocumentMode
instanceKlass org/hl7/fhir/r5/model/ArtifactAssessment$ArtifactAssessmentInformationType
instanceKlass org/hl7/fhir/r5/model/Bundle$HTTPVerb
instanceKlass org/hl7/fhir/r5/model/Bundle$SearchEntryMode
instanceKlass org/hl7/fhir/r5/model/ElementDefinition$ReferenceVersionRules
instanceKlass org/hl7/fhir/r5/model/ElementDefinition$AggregationMode
instanceKlass org/hl7/fhir/r5/model/ElementDefinition$SlicingRules
instanceKlass org/hl7/fhir/r5/model/DataRequirement$SortDirection
instanceKlass org/hl7/fhir/r5/model/ElementDefinition$ConstraintSeverity
instanceKlass org/hl7/fhir/r5/model/Enumerations$ActionParticipantType
instanceKlass org/hl7/fhir/r5/model/Enumerations$BindingStrength
instanceKlass org/hl7/fhir/r5/model/ConditionDefinition$ConditionQuestionnairePurpose
instanceKlass org/hl7/fhir/r5/model/ConditionDefinition$ConditionPreconditionType
instanceKlass org/hl7/fhir/r5/model/CapabilityStatement2$CapabilityFeatureValue
instanceKlass org/hl7/fhir/r5/model/CapabilityStatement2$CapabilityFeature
instanceKlass org/hl7/fhir/r5/model/CapabilityStatement2$TypeRestfulInteraction
instanceKlass org/hl7/fhir/r5/model/CapabilityStatement2$SystemRestfulInteraction
instanceKlass org/hl7/fhir/r5/model/CarePlan$CarePlanActivityStatus
instanceKlass org/hl7/fhir/r5/model/CarePlan$CarePlanActivityKind
instanceKlass org/hl7/fhir/r5/model/CapabilityStatement$EventCapabilityMode
instanceKlass org/hl7/fhir/r5/model/ElementDefinition$DiscriminatorType
instanceKlass org/hl7/fhir/r5/model/CapabilityStatement$SystemRestfulInteraction
instanceKlass org/hl7/fhir/r5/model/Enumerations$SearchParamType
instanceKlass org/hl7/fhir/r5/model/CapabilityStatement$TypeRestfulInteraction
instanceKlass org/hl7/fhir/r5/model/CapabilityStatement$ReferenceHandlingPolicy
instanceKlass org/hl7/fhir/r5/model/CapabilityStatement$ConditionalDeleteStatus
instanceKlass org/hl7/fhir/r5/model/CapabilityStatement$ConditionalReadStatus
instanceKlass org/hl7/fhir/r5/model/CapabilityStatement$ResourceVersionPolicy
instanceKlass org/hl7/fhir/r5/model/EvidenceVariable$GroupMeasure
instanceKlass org/hl7/fhir/r5/model/Enumerations$EvidenceVariableHandling
instanceKlass org/hl7/fhir/r5/model/DeviceDefinition$DeviceCorrectiveActionScope
instanceKlass org/hl7/fhir/r5/model/EvidenceVariable$CharacteristicCombination
instanceKlass org/hl7/fhir/r5/model/ContactPoint$ContactPointUse
instanceKlass org/hl7/fhir/r5/model/ContactPoint$ContactPointSystem
instanceKlass org/hl7/fhir/r5/model/Address$AddressType
instanceKlass org/hl7/fhir/r5/model/Address$AddressUse
instanceKlass org/hl7/fhir/r5/model/Identifier$IdentifierUse
instanceKlass org/hl7/fhir/r5/model/ElementDefinition$PropertyRepresentation
instanceKlass org/hl7/fhir/r5/model/Timing$EventTiming
instanceKlass org/hl7/fhir/r5/model/Enumerations$DaysOfWeek
instanceKlass org/hl7/fhir/r5/model/Timing$UnitsOfTime
instanceKlass org/hl7/fhir/r5/model/Enumerations$RequestPriority
instanceKlass org/hl7/fhir/r5/model/Enumerations$RequestIntent
instanceKlass org/hl7/fhir/r5/model/ActivityDefinition$RequestResourceType
instanceKlass org/hl7/fhir/r5/model/Enumerations$PublicationStatus
instanceKlass org/hl7/fhir/r5/model/Contributor$ContributorType
instanceKlass org/hl7/fhir/r5/model/RelatedArtifact$RelatedArtifactType
instanceKlass org/hl7/fhir/r5/model/HumanName$NameUse
instanceKlass org/hl7/fhir/r5/model/Enumerations$FHIRAllTypes
instanceKlass org/hl7/fhir/r5/model/Enumerations$OperationParameterUse
instanceKlass org/hl7/fhir/r5/model/Appointment$AppointmentStatus
instanceKlass org/hl7/fhir/r5/model/ArtifactAssessment$ArtifactAssessmentDisposition
instanceKlass org/hl7/fhir/r5/model/ArtifactAssessment$ArtifactAssessmentWorkflowStatus
instanceKlass org/hl7/fhir/r5/model/Enumerations$ParticipationStatus
instanceKlass org/hl7/fhir/r5/model/AllergyIntolerance$AllergyIntoleranceCriticality
instanceKlass org/hl7/fhir/r5/model/AllergyIntolerance$AllergyIntoleranceCategory
instanceKlass org/hl7/fhir/r5/model/AllergyIntolerance$AllergyIntoleranceType
instanceKlass org/hl7/fhir/r5/model/Account$AccountStatus
instanceKlass org/hl7/fhir/r5/model/Enumerations$QuantityComparator
instanceKlass org/hl7/fhir/r5/model/AdverseEvent$AdverseEventActuality
instanceKlass org/hl7/fhir/r5/model/AdverseEvent$AdverseEventStatus
instanceKlass org/hl7/fhir/r5/model/TriggerDefinition$TriggerType
instanceKlass org/hl7/fhir/r5/model/Narrative$NarrativeStatus
instanceKlass org/hl7/fhir/r5/model/GraphDefinition$GraphCompartmentRule
instanceKlass org/hl7/fhir/r5/model/Enumerations$CompartmentType
instanceKlass org/hl7/fhir/r5/model/GraphDefinition$GraphCompartmentUse
instanceKlass org/hl7/fhir/r5/model/AuditEvent$AuditEventSeverity
instanceKlass org/hl7/fhir/r5/model/AuditEvent$AuditEventAction
instanceKlass ca/uhn/fhir/model/api/TemporalPrecisionEnum
instanceKlass java/math/RoundingMode
instanceKlass ch/qos/logback/core/pattern/parser/TokenStream$TokenizerState
instanceKlass ch/qos/logback/core/util/AggregationType
instanceKlass java/util/stream/Collector$Characteristics
instanceKlass java/util/stream/StreamShape
instanceKlass ch/qos/logback/core/spi/FilterReply
instanceKlass ch/qos/logback/core/joran/spi/ConsoleTarget
instanceKlass java/time/temporal/ChronoUnit
instanceKlass java/lang/Thread$State
instanceKlass java/util/regex/Pattern$Qtype
instanceKlass ch/qos/logback/core/subst/Node$Type
instanceKlass ch/qos/logback/core/subst/Token$Type
instanceKlass ch/qos/logback/core/subst/Tokenizer$TokenizerState
instanceKlass com/sun/org/apache/xerces/internal/impl/XMLScanner$NameType
instanceKlass com/sun/org/apache/xerces/internal/util/Status
instanceKlass javax/xml/catalog/CatalogFeatures$Feature
instanceKlass com/sun/org/apache/xerces/internal/utils/XMLSecurityPropertyManager$Property
instanceKlass com/sun/org/apache/xerces/internal/utils/XMLSecurityPropertyManager$State
instanceKlass com/sun/org/apache/xerces/internal/utils/XMLSecurityManager$NameMap
instanceKlass jdk/xml/internal/JdkProperty$State
instanceKlass com/sun/org/apache/xerces/internal/utils/XMLSecurityManager$Limit
instanceKlass java/util/stream/StreamOpFlag$Type
instanceKlass java/util/stream/StreamOpFlag
instanceKlass java/lang/invoke/MethodHandles$Lookup$ClassOption
instanceKlass java/lang/invoke/VarHandle$AccessType
instanceKlass java/lang/invoke/VarHandle$AccessMode
instanceKlass java/lang/invoke/MethodHandleImpl$Intrinsic
instanceKlass java/lang/invoke/LambdaForm$BasicType
instanceKlass java/lang/invoke/LambdaForm$Kind
instanceKlass sun/invoke/util/Wrapper
instanceKlass sun/util/locale/provider/LocaleProviderAdapter$Type
instanceKlass java/util/Locale$Category
instanceKlass org/hl7/fhir/igtools/publisher/Publisher$CacheOption
instanceKlass org/hl7/fhir/r5/context/IWorkerContext$ILoggingService$LogCategory
instanceKlass org/hl7/fhir/utilities/validation/ValidationMessage$IssueSeverity
instanceKlass org/hl7/fhir/igtools/publisher/Publisher$IGBuildMode
instanceKlass org/hl7/fhir/r5/model/ImplementationGuide$SPDXLicense
instanceKlass org/hl7/fhir/r5/elementmodel/Manager$FhirFormat
instanceKlass java/util/concurrent/TimeUnit
instanceKlass java/nio/file/LinkOption
instanceKlass sun/nio/fs/WindowsPathType
instanceKlass java/nio/file/StandardOpenOption
instanceKlass java/io/File$PathStatus
instanceKlass java/lang/module/ModuleDescriptor$Requires$Modifier
instanceKlass java/lang/module/ModuleDescriptor$Modifier
ciInstanceKlass java/lang/Enum 1 1 188 9 7 12 1 1 1 9 12 1 1 10 7 12 1 1 1 10 12 1 1 100 1 10 10 12 1 1 10 12 1 100 1 10 10 7 12 1 1 10 12 1 1 18 12 1 1 10 100 12 1 1 1 10 12 1 1 11 7 12 1 1 1 100 1 8 1 10 12 1 100 1 100 1 10 8 1 10 12 1 1 10 12 1 1 8 1 10 12 1 10 100 1 8 1 10 10 12 1 1 10 100 12 1 1 1 100 1 100 1 100 1 1 1 1 1 1 1 1 1 1 1 1 1 1 1 1 1 1 1 1 1 1 1 1 1 1 1 1 1 1 1 1 1 1 1 1 1 1 1 1 1 100 1 100 1 1 100 1 1 1 1 1 1 1 1 1 1 1 15 10 100 12 1 1 1 16 15 10 12 16 1 1 100 1 100 1 1
ciMethod java/lang/Enum equals (Ljava/lang/Object;)Z 256 0 1075 0 -1
ciInstanceKlass java/lang/System 1 1 803 10 100 12 1 1 1 9 7 12 1 1 1 10 12 1 10 12 1 1 10 12 1 1 10 12 1 9 12 1 1 10 7 12 1 1 1 11 100 12 1 1 1 10 100 12 1 1 1 10 12 1 1 10 12 1 1 100 1 8 1 10 12 1 10 100 12 1 1 1 10 100 12 1 1 1 18 12 1 1 10 100 12 1 1 1 100 1 10 12 1 1 10 100 12 1 1 1 10 12 1 10 7 12 1 1 1 9 100 12 1 1 1 10 100 12 1 1 1 11 7 12 1 1 1 10 12 1 1 10 100 12 1 1 1 100 1 10 10 12 1 1 8 1 10 12 1 8 1 10 12 1 9 12 1 1 8 1 10 7 12 1 1 1 10 12 1 1 100 1 8 1 10 9 12 1 1 8 1 10 12 1 1 10 100 12 1 1 1 8 1 10 12 1 100 1 10 12 1 8 1 10 12 1 10 12 1 1 100 1 10 12 10 12 1 9 12 1 1 9 12 1 1 10 7 12 1 1 1 10 7 12 1 1 1 10 12 1 1 10 12 1 10 12 1 10 7 12 1 1 1 10 12 1 100 1 100 1 8 1 10 12 1 10 12 1 1 7 1 10 12 1 100 1 8 1 10 10 12 1 100 1 8 1 10 8 1 10 7 12 1 1 8 1 10 12 100 1 8 1 10 10 12 1 1 10 100 12 1 1 1 100 1 18 12 1 100 1 9 100 12 1 1 1 10 12 1 100 1 10 12 1 1 10 12 1 1 10 7 12 1 1 1 10 12 1 1 10 12 1 10 12 1 10 12 1 1 10 12 1 7 1 10 12 1 10 12 1 100 1 10 12 1 10 7 12 1 1 1 100 1 8 1 10 9 12 1 9 12 1 10 12 1 10 100 12 1 1 10 12 1 10 12 1 1 8 1 10 12 1 1 8 1 11 12 1 10 12 11 12 1 1 11 7 12 1 1 1 11 7 12 1 1 11 12 1 1 7 1 11 12 1 10 12 1 8 1 10 12 1 1 8 1 8 1 8 1 8 1 11 12 1 10 12 1 10 12 1 10 12 1 10 7 12 1 1 8 1 7 1 9 7 12 1 1 1 10 12 1 7 1 9 12 10 9 12 7 1 10 12 8 1 10 12 1 1 8 1 10 7 12 1 1 10 12 1 10 7 12 1 1 1 10 12 1 1 10 7 12 1 1 1 10 12 10 7 12 1 1 1 9 12 1 1 100 1 8 1 10 12 1 1 10 7 12 1 1 1 7 1 10 12 1 1 8 1 10 8 1 8 1 8 1 8 1 10 10 7 12 1 1 10 12 1 1 10 12 1 1 10 12 1 1 10 12 1 10 100 12 1 1 1 10 100 1 8 1 10 10 10 12 1 1 10 12 1 1 8 1 10 12 1 8 1 10 12 1 10 12 1 1 7 1 10 10 12 1 10 12 1 9 12 1 1 1 3 1 3 1 1 1 1 1 1 1 1 1 1 1 1 100 1 1 100 1 1 1 1 1 1 1 1 1 1 1 100 1 100 1 1 1 1 1 1 1 1 1 1 1 1 1 1 1 1 1 1 1 1 1 1 1 1 1 1 1 1 1 1 1 1 1 1 1 1 1 1 1 1 1 1 1 1 1 1 1 1 1 1 1 1 1 1 1 1 1 1 100 1 1 1 1 1 1 1 1 1 1 1 1 1 1 1 1 1 1 1 1 1 1 1 1 1 1 1 1 1 1 1 1 1 100 1 1 15 10 100 12 1 1 1 16 15 10 12 1 1 16 15 10 12 16 1 1 1 1 1 1 1 100 1 100 1 1
staticfield java/lang/System in Ljava/io/InputStream; java/io/BufferedInputStream
staticfield java/lang/System out Ljava/io/PrintStream; java/io/PrintStream
staticfield java/lang/System err Ljava/io/PrintStream; java/io/PrintStream
instanceKlass org/apache/tools/ant/AntClassLoader
instanceKlass jdk/internal/reflect/DelegatingClassLoader
instanceKlass java/security/SecureClassLoader
ciInstanceKlass java/lang/ClassLoader 1 1 1098 9 7 12 1 1 1 10 7 12 1 1 1 9 12 1 1 10 7 12 1 1 1 7 1 10 12 1 1 10 12 1 1 9 12 1 1 10 12 1 1 100 1 10 12 1 10 12 1 1 10 7 12 1 1 1 100 1 8 1 10 12 1 10 7 12 1 1 1 10 100 12 1 10 7 1 10 7 1 7 1 7 1 10 12 1 10 12 1 9 12 1 1 10 10 7 12 1 1 1 9 12 1 1 9 12 1 9 12 1 1 9 12 1 9 12 1 1 9 12 1 1 7 1 10 12 1 9 12 1 1 10 12 1 1 10 7 12 1 1 1 9 12 1 9 12 1 1 9 12 1 10 12 1 1 9 12 10 12 1 1 7 1 10 8 1 10 12 1 1 10 12 1 10 7 1 7 1 10 12 1 1 10 7 12 1 1 1 8 1 10 12 1 10 12 1 10 12 1 1 10 12 1 1 10 12 1 1 10 12 1 1 10 12 1 1 10 12 1 100 1 10 12 1 10 100 12 1 1 1 10 12 1 1 10 12 1 10 12 1 10 12 1 10 12 1 10 12 1 1 10 10 12 1 10 12 1 10 100 12 1 1 10 12 1 1 10 12 1 1 10 12 1 100 1 10 12 1 100 1 10 12 1 10 100 12 1 1 1 10 10 12 1 1 10 12 1 1 100 1 8 1 10 8 1 10 12 1 10 12 1 100 1 8 1 10 12 1 1 10 12 1 1 10 10 12 1 1 10 12 1 1 10 12 1 1 10 7 1 10 12 1 1 10 12 1 1 10 12 1 1 10 12 1 1 10 12 1 1 10 12 1 1 10 12 1 10 7 12 1 1 1 10 12 1 10 12 1 10 12 1 1 10 12 1 10 12 1 10 12 1 10 12 1 1 10 12 1 10 12 1 1 8 1 9 12 1 10 12 1 1 8 1 8 1 10 7 12 1 1 100 1 10 10 12 10 12 1 10 12 1 10 12 1 10 12 1 1 10 7 12 1 1 10 12 1 10 7 1 7 1 10 12 1 1 10 12 1 10 7 1 10 12 1 100 1 18 12 1 10 100 12 1 1 1 10 100 12 1 1 1 10 7 12 1 1 10 12 1 1 10 12 1 10 12 1 1 100 1 10 12 1 10 12 1 1 10 7 12 1 1 10 12 1 8 1 100 1 10 10 12 1 9 12 1 10 7 12 1 1 10 12 1 100 1 8 1 10 12 1 10 8 1 8 1 10 12 1 1 10 12 1 1 10 12 1 1 10 100 12 1 1 1 100 1 100 1 10 12 1 1 100 1 100 1 10 100 12 1 1 10 12 1 10 12 1 1 10 12 1 10 12 1 1 10 12 1 1 9 100 12 1 1 1 10 12 1 1 10 12 1 10 12 1 10 12 1 1 10 12 1 8 1 10 12 1 7 1 18 12 1 1 10 12 1 1 10 12 1 10 12 1 10 12 1 8 1 10 12 1 10 12 1 18 12 1 11 100 12 1 1 1 100 1 10 12 1 1 10 12 1 10 11 12 1 1 10 18 10 12 1 1 11 100 12 1 18 12 1 11 12 1 1 10 12 10 12 1 1 10 12 1 1 100 1 8 1 10 10 12 1 8 1 8 1 10 100 12 1 1 10 12 1 100 1 10 10 12 1 8 1 8 1 8 1 10 12 1 10 12 1 1 10 12 1 10 100 12 1 1 1 11 100 12 1 1 100 1 10 11 10 12 1 10 12 1 10 12 1 1 9 100 12 1 1 9 12 1 1 9 12 9 12 1 9 12 1 9 12 1 8 10 12 1 1 10 7 12 1 1 1 10 12 1 1 10 12 1 1 10 12 1 10 10 12 1 11 12 1 1 10 100 12 1 1 1 100 1 10 12 1 10 12 1 10 12 1 1 1 1 1 1 1 1 1 1 1 1 1 1 1 1 1 1 1 1 1 1 1 1 1 1 1 1 100 1 1 1 1 1 1 1 1 1 1 1 1 1 1 1 1 1 1 1 1 1 100 1 1 1 1 1 1 1 1 1 1 100 1 1 1 1 1 1 1 1 1 1 1 1 1 1 1 1 1 1 1 1 1 1 1 1 1 1 1 1 1 1 1 1 1 1 1 1 1 1 1 1 1 100 1 1 1 1 1 1 1 1 1 1 1 1 1 1 1 1 1 1 100 1 1 1 1 1 1 1 1 1 1 1 1 1 1 1 1 1 1 1 1 1 1 1 1 1 1 1 1 1 1 1 1 1 1 1 1 1 1 1 1 1 1 1 1 1 1 1 1 1 1 1 100 1 1 1 1 1 1 1 1 1 1 1 1 1 1 1 1 1 1 1 1 1 1 1 1 1 1 1 1 1 1 1 1 1 1 1 1 1 1 1 1 1 1 1 1 1 1 15 10 7 12 1 1 1 16 1 15 10 12 16 1 16 15 10 12 16 1 16 1 15 10 12 16 15 10 12 16 15 10 12 16 1 1 100 1 100 1 1
staticfield java/lang/ClassLoader nocerts [Ljava/security/cert/Certificate; 0 [Ljava/security/cert/Certificate;
staticfield java/lang/ClassLoader $assertionsDisabled Z 1
ciInstanceKlass jdk/internal/reflect/DelegatingClassLoader 1 1 18 10 7 12 1 1 1 100 1 1 1 1 1 1 1 1 1 1
instanceKlass jdk/internal/loader/BuiltinClassLoader
ciInstanceKlass java/security/SecureClassLoader 1 1 102 10 7 12 1 1 1 7 1 10 12 1 9 7 12 1 1 1 10 12 1 10 12 1 10 12 1 1 10 12 1 1 10 12 1 7 1 10 7 1 10 12 1 7 1 10 12 1 11 7 12 1 1 1 7 1 11 12 1 10 12 1 1 1 1 1 1 1 1 1 1 1 1 1 1 1 1 1 1 1 1 1 1 1 1 1 1 1 1 1 1 1 1 1 1 1 1 100 1 1 1 1
instanceKlass jdk/internal/loader/ClassLoaders$BootClassLoader
instanceKlass jdk/internal/loader/ClassLoaders$PlatformClassLoader
instanceKlass jdk/internal/loader/ClassLoaders$AppClassLoader
ciInstanceKlass jdk/internal/loader/BuiltinClassLoader 1 1 737 9 7 12 1 1 1 10 7 12 1 1 1 10 7 12 1 1 1 9 12 1 1 9 12 1 1 7 1 10 12 1 9 12 1 10 12 1 9 12 1 10 7 12 1 1 1 10 7 12 1 1 1 10 7 12 1 1 1 11 7 12 1 1 1 100 1 100 1 10 10 12 1 1 8 1 10 12 1 10 12 7 1 10 12 1 10 12 1 1 11 7 12 1 1 1 11 7 12 1 1 1 11 12 1 1 7 1 8 1 8 1 10 9 12 1 1 10 7 12 1 1 11 12 1 1 10 12 1 1 10 12 1 1 10 12 1 1 10 7 12 1 1 1 10 12 1 10 100 12 1 1 1 10 12 1 1 11 7 12 1 1 1 10 7 12 1 1 100 1 10 7 12 1 1 1 10 12 1 100 1 8 1 10 12 1 1 10 8 1 10 12 1 1 10 12 1 1 10 12 1 1 11 7 12 1 1 11 12 1 7 1 10 11 12 1 1 11 10 12 1 1 7 1 10 12 1 10 7 12 1 10 12 1 7 1 10 12 1 10 7 12 1 1 1 100 1 10 12 1 1 11 12 1 100 1 100 1 10 12 1 10 12 1 1 100 1 100 1 10 12 1 10 12 1 18 12 1 1 10 12 1 10 12 1 1 18 100 1 10 7 12 1 1 1 7 1 10 10 12 1 1 10 12 1 1 10 12 1 1 10 12 1 9 12 1 1 100 1 10 10 12 1 1 10 12 1 1 10 12 1 10 12 10 12 1 1 10 12 1 1 10 12 1 1 10 12 1 10 12 1 1 18 12 1 7 1 10 12 1 1 10 12 1 10 12 1 1 10 12 1 100 1 10 12 1 7 1 10 12 1 10 7 12 1 1 1 10 12 1 11 12 1 7 1 10 12 1 7 1 100 1 10 12 1 10 12 1 11 12 1 1 10 12 1 1 10 12 1 1 10 12 1 1 10 12 1 1 10 12 1 10 12 1 10 12 1 10 12 1 8 1 10 12 1 1 10 7 12 1 1 10 12 1 100 1 8 1 8 1 10 10 12 1 8 1 8 1 10 7 12 1 1 1 11 7 12 1 1 1 9 7 12 1 1 1 10 7 12 1 1 1 9 12 1 9 12 1 9 12 1 9 12 1 9 12 1 9 12 1 10 7 12 1 1 1 8 1 10 12 1 7 1 10 12 1 1 10 12 1 7 1 10 11 12 1 1 10 12 10 12 1 10 12 1 100 1 10 12 1 10 12 1 10 10 12 1 10 7 12 1 1 8 1 10 7 12 1 1 10 12 1 1 1 1 1 1 1 1 1 1 1 1 1 1 1 1 1 1 1 1 1 1 1 1 1 1 1 1 1 1 1 1 1 1 1 1 1 1 1 1 1 1 1 1 1 1 1 1 1 1 1 1 1 1 1 1 100 1 1 1 1 1 1 1 1 1 1 1 1 1 1 1 1 1 1 100 1 100 1 1 1 1 1 1 1 1 1 1 1 1 1 1 1 1 1 1 1 1 1 1 1 1 1 1 1 1 1 1 1 1 1 1 1 1 1 1 1 1 1 1 1 1 1 1 1 1 1 1 1 100 1 1 15 10 100 12 1 1 1 16 15 10 12 16 15 10 12 16 15 10 12 16 1 1 1 100 1 1 1 1 1 100 1 100 1 1
staticfield jdk/internal/loader/BuiltinClassLoader packageToModule Ljava/util/Map; java/util/concurrent/ConcurrentHashMap
staticfield jdk/internal/loader/BuiltinClassLoader $assertionsDisabled Z 1
ciInstanceKlass java/security/AccessController 1 1 295 10 100 12 1 1 1 10 7 12 1 1 1 10 7 12 1 1 1 10 12 1 1 10 12 1 1 10 7 12 1 1 1 10 12 1 1 10 12 1 10 12 1 1 10 12 1 100 1 8 1 10 12 1 10 12 1 10 12 1 1 10 12 1 7 1 7 1 10 12 1 1 10 12 1 10 12 1 10 12 1 1 10 7 12 1 1 1 10 12 1 1 9 100 12 1 1 1 10 100 12 1 1 1 10 12 1 10 12 1 9 100 12 1 1 1 10 12 1 10 12 1 1 9 12 1 1 10 100 1 10 11 7 12 1 1 1 10 7 12 1 1 11 7 1 7 1 10 12 1 10 12 1 10 12 1 8 1 10 12 1 1 8 1 10 100 12 1 1 1 8 1 100 1 10 10 12 1 1 10 12 1 10 7 12 1 1 1 10 12 1 8 1 10 100 12 1 1 8 1 8 1 10 12 1 8 1 10 12 1 10 12 1 1 10 12 1 1 1 1 1 1 1 1 1 1 1 1 1 1 1 1 1 1 1 1 1 1 1 1 1 1 1 1 100 1 1 1 1 1 1 1 1 1 1 1 1 1 1 1 1 1 1 1 1 1 1 1 1 1 1 1 1 1 1 1 1 1 1 100 1 100 1 1 1 1 1 1 1 1 1 3 1 1 1
staticfield java/security/AccessController $assertionsDisabled Z 1
instanceKlass jdk/internal/reflect/GeneratedConstructorAccessor4
instanceKlass jdk/internal/reflect/GeneratedConstructorAccessor3
instanceKlass jdk/internal/reflect/GeneratedConstructorAccessor2
instanceKlass jdk/internal/reflect/BootstrapConstructorAccessorImpl
instanceKlass jdk/internal/reflect/GeneratedConstructorAccessor1
instanceKlass jdk/internal/reflect/DelegatingConstructorAccessorImpl
instanceKlass jdk/internal/reflect/NativeConstructorAccessorImpl
ciInstanceKlass jdk/internal/reflect/ConstructorAccessorImpl 1 1 27 10 7 12 1 1 1 100 1 100 1 1 1 1 1 1 1 1 1 100 1 100 1 100 1 1 1
instanceKlass jdk/internal/reflect/FieldAccessorImpl
instanceKlass jdk/internal/reflect/ConstructorAccessorImpl
instanceKlass jdk/internal/reflect/MethodAccessorImpl
ciInstanceKlass jdk/internal/reflect/MagicAccessorImpl 1 1 16 10 7 12 1 1 1 100 1 1 1 1 1 1 1 1
instanceKlass jdk/internal/reflect/GeneratedMethodAccessor3
instanceKlass jdk/internal/reflect/GeneratedMethodAccessor2
instanceKlass jdk/internal/reflect/GeneratedMethodAccessor1
instanceKlass jdk/internal/reflect/DelegatingMethodAccessorImpl
instanceKlass jdk/internal/reflect/NativeMethodAccessorImpl
ciInstanceKlass jdk/internal/reflect/MethodAccessorImpl 1 1 25 10 7 12 1 1 1 100 1 100 1 1 1 1 1 1 1 1 1 100 1 100 1 1 1
ciInstanceKlass java/lang/Module 1 1 959 10 7 12 1 1 1 9 7 12 1 1 1 10 7 12 1 1 1 9 12 1 9 12 1 1 9 12 1 1 10 12 1 1 10 12 1 10 12 1 1 10 7 12 1 1 1 7 1 10 7 12 1 1 1 10 12 1 1 11 7 12 1 1 1 10 12 1 1 10 7 12 1 1 1 10 12 1 1 10 7 12 1 1 1 9 100 12 1 1 1 10 100 12 1 1 1 10 12 1 8 1 10 7 12 1 1 1 10 7 12 1 1 1 9 12 1 1 9 12 1 1 10 12 1 9 12 1 1 11 12 1 9 100 12 1 1 10 100 12 1 1 1 10 100 12 1 1 1 10 12 1 1 100 1 100 1 10 10 12 1 1 8 1 10 12 1 10 12 10 12 1 10 12 1 1 10 12 1 1 10 12 1 1 9 100 12 1 1 1 10 12 1 1 10 12 1 1 9 12 1 10 12 1 10 12 1 9 12 1 1 11 7 12 1 1 10 12 1 1 9 12 1 9 12 1 10 12 1 10 12 1 100 1 8 1 10 10 12 1 1 10 12 1 8 1 10 12 1 1 8 1 8 1 10 12 1 1 10 12 1 10 12 1 1 18 12 1 1 10 12 1 1 11 12 1 9 12 1 11 12 10 100 12 1 1 100 1 8 1 10 7 1 11 12 1 1 10 12 1 10 12 1 10 12 1 1 11 12 1 1 11 7 12 1 1 11 12 1 1 9 12 1 11 12 1 10 12 1 1 10 12 1 1 9 12 1 10 12 10 7 12 1 1 10 7 12 1 1 10 7 1 18 12 1 1 11 100 12 1 1 1 18 12 1 11 12 1 1 10 100 12 1 1 1 11 12 1 1 10 7 12 1 1 4 7 1 11 12 1 7 1 7 1 10 10 7 12 1 1 1 10 11 7 12 1 8 1 10 10 12 1 1 10 7 12 1 1 10 12 1 10 12 1 7 1 10 12 1 10 11 12 1 1 10 12 10 12 1 1 9 12 1 100 1 10 10 12 1 1 11 100 1 10 12 1 1 11 12 1 10 10 12 1 11 10 12 1 1 10 12 1 1 10 12 1 1 10 7 12 1 1 10 12 1 10 12 1 1 10 10 12 1 1 10 12 1 18 12 1 11 12 1 18 12 1 10 12 1 10 12 1 10 12 7 1 10 12 1 10 12 1 10 12 1 9 12 1 7 1 10 10 10 10 12 1 10 12 1 10 12 1 10 12 1 1 10 12 1 1 10 12 1 9 12 1 18 12 1 1 10 100 12 1 1 1 100 1 8 1 10 12 1 1 10 12 1 1 10 100 12 1 1 100 1 10 12 1 1 100 1 8 1 100 1 10 100 1 100 1 3 10 12 1 100 1 10 12 1 10 12 1 1 10 12 1 1 100 1 10 12 1 10 12 1 1 100 1 100 1 10 12 8 1 10 12 1 1 10 12 1 1 10 100 12 1 1 10 12 1 1 10 12 1 10 12 10 12 1 1 100 1 10 10 12 1 1 10 100 12 1 1 1 100 1 8 1 10 12 1 1 10 100 12 1 1 8 1 10 12 1 8 1 10 12 1 10 12 10 12 1 8 1 10 10 100 12 1 1 100 1 10 10 12 1 10 7 12 1 1 9 12 1 9 12 1 9 12 1 9 12 1 10 12 11 12 1 10 12 1 100 1 1 1 1 1 1 1 1 1 1 1 1 1 1 1 1 100 1 1 1 1 1 1 1 1 1 1 1 1 1 1 1 1 1 1 1 1 1 1 1 1 1 1 1 1 1 1 1 1 1 1 1 1 1 1 1 1 1 1 1 1 1 1 1 1 1 1 1 1 1 1 1 1 1 1 1 1 1 1 1 1 1 1 1 1 1 1 1 1 1 1 1 1 1 1 1 1 1 1 1 100 100 1 1 1 1 1 1 1 1 1 1 1 1 1 1 1 1 1 1 1 1 1 1 1 1 1 1 1 1 1 1 1 1 1 1 100 1 100 1 100 1 1 1 1 1 1 1 1 1 1 1 1 1 1 1 1 1 1 1 1 1 1 1 1 1 1 1 1 15 10 100 12 1 1 1 16 15 10 12 16 16 15 10 12 16 16 15 10 16 1 15 10 12 16 1 15 10 12 16 1 16 15 10 12 16 1 1 1 1 1 1 1 100 1 100 1 1
staticfield java/lang/Module ALL_UNNAMED_MODULE Ljava/lang/Module; java/lang/Module
staticfield java/lang/Module ALL_UNNAMED_MODULE_SET Ljava/util/Set; java/util/ImmutableCollections$Set12
staticfield java/lang/Module EVERYONE_MODULE Ljava/lang/Module; java/lang/Module
staticfield java/lang/Module EVERYONE_SET Ljava/util/Set; java/util/ImmutableCollections$Set12
staticfield java/lang/Module $assertionsDisabled Z 1
ciInstanceKlass java/util/ArrayList 1 1 492 10 7 12 1 1 1 7 1 9 7 12 1 1 1 9 12 1 100 1 100 1 10 8 1 10 12 1 1 10 12 1 10 12 1 1 10 12 1 9 12 1 11 7 12 1 1 1 9 12 1 1 10 12 1 1 7 10 7 12 1 1 1 9 12 1 10 12 1 10 12 1 1 10 7 12 1 1 1 10 7 12 1 1 1 10 12 1 1 10 12 1 1 10 12 1 1 10 12 1 10 12 1 1 100 1 100 1 10 12 1 10 7 12 1 1 1 10 7 12 1 1 10 12 1 10 12 10 12 1 1 10 12 1 1 10 12 1 1 100 1 10 12 1 1 10 12 1 1 10 12 1 100 1 10 11 12 1 1 11 100 12 1 1 1 11 12 1 10 12 1 10 12 1 10 12 1 1 100 1 10 12 1 1 10 10 12 1 1 10 12 1 8 1 8 1 8 1 8 1 10 12 1 1 10 12 1 1 11 12 1 100 1 10 100 12 1 1 10 12 1 10 12 1 1 10 100 12 1 1 10 12 1 10 100 12 1 1 1 11 100 12 1 1 1 10 12 1 100 1 8 1 10 100 1 10 12 1 7 1 10 12 1 10 12 1 1 7 1 10 12 1 10 12 1 1 11 7 12 1 1 7 1 10 12 1 10 12 1 1 11 100 12 1 1 10 12 1 1 10 12 1 1 10 12 1 1 10 12 1 1 11 100 12 1 1 10 12 1 1 100 1 100 1 100 1 1 1 1 5 0 1 3 1 1 1 1 1 1 1 1 1 1 1 1 1 1 1 1 1 1 1 1 1 1 1 1 1 1 1 1 1 1 1 1 1 1 1 1 1 1 1 1 1 1 1 1 1 1 1 1 1 1 1 1 1 1 1 1 1 1 1 1 1 1 1 1 1 1 1 1 1 1 1 1 1 1 1 1 1 1 1 1 1 1 1 1 1 1 1 1 1 1 1 1 1 1 1 1 100 1 1 1 1 100 1 1 1 1 1 1 1 1 1 1 1 1 1 1 1 1 1 1 1 1 1 1 1 1 1 1 1 1 1 100 1 1 1 1 1 1 1 1 1 1 1 1 1 1 1 1 1 1 100 1 100 1 1 1 1 1 1
staticfield java/util/ArrayList EMPTY_ELEMENTDATA [Ljava/lang/Object; 0 [Ljava/lang/Object;
staticfield java/util/ArrayList DEFAULTCAPACITY_EMPTY_ELEMENTDATA [Ljava/lang/Object; 0 [Ljava/lang/Object;
ciInstanceKlass java/util/concurrent/ConcurrentHashMap 1 1 1210 7 1 7 1 3 10 12 1 1 3 100 1 10 7 12 1 1 1 100 1 10 100 12 1 1 1 100 1 11 12 1 1 11 12 1 11 12 1 1 9 12 1 1 9 12 1 1 9 12 1 10 7 12 1 1 1 7 1 10 12 1 1 10 12 1 1 10 7 12 1 1 1 4 10 12 1 9 12 1 10 12 1 1 100 1 10 5 0 10 12 1 10 12 1 1 5 0 10 12 1 1 10 12 1 9 12 1 1 10 12 1 1 9 12 1 9 12 1 1 10 12 1 1 9 12 1 10 12 1 1 9 12 1 1 10 12 1 1 100 1 10 100 1 10 12 1 10 12 1 1 10 12 1 1 10 12 1 1 10 12 1 10 12 1 1 10 12 1 1 100 1 10 12 1 1 7 1 100 1 8 1 10 12 1 10 12 1 1 10 12 1 1 11 100 12 1 1 10 12 1 1 11 12 1 1 11 100 12 1 1 1 11 100 12 1 1 1 11 12 1 100 1 11 12 1 11 12 1 10 12 1 1 10 12 1 1 9 12 1 1 10 100 12 1 1 1 9 10 12 1 1 9 12 1 10 12 1 1 5 0 9 12 1 1 7 1 10 12 1 9 12 1 1 7 1 10 12 1 9 12 1 7 1 10 100 1 10 10 12 1 1 8 1 10 12 1 10 12 1 1 11 100 1 10 12 1 10 100 12 1 1 1 8 1 10 100 12 1 1 1 8 1 10 12 1 8 1 10 12 1 10 12 1 1 10 100 12 1 1 10 12 1 10 12 1 10 12 1 9 12 1 9 10 12 1 9 12 1 1 11 100 12 1 1 1 11 7 12 1 1 1 100 1 10 12 11 100 12 1 1 10 11 7 12 1 10 12 1 100 1 10 12 1 7 1 10 10 9 100 12 1 1 1 10 12 3 10 100 12 1 1 9 12 1 10 12 1 1 9 12 1 1 9 12 1 10 12 1 1 10 100 12 1 1 9 12 1 9 7 12 1 1 10 12 1 1 10 12 1 3 9 12 1 9 12 1 10 12 1 1 7 1 9 3 9 12 1 100 1 10 12 1 9 12 1 10 12 1 9 12 1 10 12 1 9 12 1 10 100 12 1 1 1 100 10 12 1 100 1 5 0 10 100 12 1 1 100 1 10 12 1 1 10 12 1 10 12 1 100 1 10 12 1 10 100 1 100 1 10 10 12 1 10 100 1 10 12 1 10 100 1 10 12 1 10 100 1 10 12 1 1 100 1 10 12 1 10 10 12 1 100 1 10 12 1 10 10 12 1 100 1 10 12 1 10 100 1 10 12 1 10 100 1 10 12 1 10 100 1 10 12 1 10 100 1 10 12 1 10 100 1 10 12 1 10 100 1 10 12 1 10 100 1 10 12 1 10 100 1 10 10 100 1 10 10 100 1 10 10 100 1 10 12 1 10 100 1 10 12 1 10 100 1 10 12 1 10 100 1 10 12 1 10 100 1 10 12 1 10 100 1 10 10 100 1 10 10 100 1 10 10 100 1 10 12 1 10 100 1 10 12 1 10 100 1 10 12 1 10 100 1 10 12 1 10 100 1 10 12 1 10 10 12 1 10 7 12 1 1 1 10 12 1 7 1 7 1 10 12 1 9 12 1 1 9 12 1 1 10 12 1 1 8 10 12 1 1 8 8 8 8 7 10 12 1 1 10 12 1 100 1 8 1 10 7 1 100 1 100 1 1 1 5 0 1 1 3 1 3 1 1 1 1 3 1 3 1 3 1 1 1 1 1 3 1 3 1 3 1 1 1 1 1 1 1 1 1 1 1 1 1 1 1 1 1 1 1 1 1 1 1 1 1 100 1 1 1 1 1 1 1 1 1 1 1 1 1 1 1 1 1 1 1 1 1 1 1 1 1 1 1 1 1 1 1 1 1 1 1 1 1 1 1 1 1 1 1 1 1 1 1 1 1 1 1 1 1 1 1 1 1 1 1 1 1 1 1 1 1 1 1 1 1 1 1 1 1 1 1 1 1 1 1 1 1 1 1 1 100 1 1 1 1 1 1 1 1 1 1 1 100 1 1 1 1 1 1 1 1 1 1 1 1 1 1 1 1 1 1 1 1 1 1 1 1 1 1 1 1 1 1 1 1 1 1 1 1 1 1 1 1 1 1 1 1 1 1 1 1 1 1 1 1 1 1 1 1 1 1 1 1 1 1 1 1 1 1 1 1 1 1 1 1 1 1 1 1 1 1 1 1 1 1 1 1 1 1 1 1 1 1 1 1 1 1 1 1 1 1 1 1 1 1 1 1 1 1 1 1 1 1 1 1 1 1 1 1 1 1 1 1 1 1 1 1 1 1 1 1 1 1 1 1 1 1 1 1 1 1 1 1 1 1 1 1 1 1 1 1 1 1 1 1 1 1 1 1 1 1 1 1 1 1 1 1 1 1 1 1 1 1 1 1 1 1 1 1 1 1 1 1 1 1 1 1 1 1 1 1 1 1 1 1 1 1 1 1 1 1 1 1 1 1 1 1 1 1 1 1 1 1 1 1 1 1 1 1 1 1 1 1 1 1 1 100 1 100 1 100 1 100 1 100 1 100 1 100 1 100 1 100 1 1 1 1 1 1 1 1 1 1 1 1 1 1 1 1 1 1 1 1 1 1 1 1 1 1 1 1 1 1 1 1 1 1 1 1 1 1 1 1 1 1 1 1 1 1 1 1 1 1 1 1 1 1 1 1 1 1
staticfield java/util/concurrent/ConcurrentHashMap NCPU I 12
staticfield java/util/concurrent/ConcurrentHashMap serialPersistentFields [Ljava/io/ObjectStreamField; 3 [Ljava/io/ObjectStreamField;
staticfield java/util/concurrent/ConcurrentHashMap U Ljdk/internal/misc/Unsafe; jdk/internal/misc/Unsafe
staticfield java/util/concurrent/ConcurrentHashMap SIZECTL J 20
staticfield java/util/concurrent/ConcurrentHashMap TRANSFERINDEX J 32
staticfield java/util/concurrent/ConcurrentHashMap BASECOUNT J 24
staticfield java/util/concurrent/ConcurrentHashMap CELLSBUSY J 36
staticfield java/util/concurrent/ConcurrentHashMap CELLVALUE J 144
staticfield java/util/concurrent/ConcurrentHashMap ABASE I 16
staticfield java/util/concurrent/ConcurrentHashMap ASHIFT I 2
ciInstanceKlass java/lang/String 1 1 1396 10 7 12 1 1 1 8 1 9 7 12 1 1 1 9 12 1 1 9 12 1 1 10 12 1 10 12 1 1 10 12 1 1 9 12 1 1 10 7 12 1 1 1 10 7 1 10 7 12 1 1 1 10 12 1 1 10 12 1 1 10 12 1 10 12 1 1 10 12 1 10 7 12 1 1 1 9 7 12 1 1 1 10 7 12 1 1 1 10 12 1 1 10 12 1 1 10 12 1 1 10 12 1 1 10 12 1 1 9 7 12 1 1 10 12 9 7 12 1 1 3 10 7 12 1 1 1 7 1 11 12 1 1 11 12 1 11 12 1 1 10 100 12 1 1 1 10 12 1 1 9 100 12 1 1 1 10 12 1 1 10 12 1 11 12 1 1 10 12 1 1 10 12 10 12 1 1 10 100 12 1 1 1 10 7 12 1 1 1 10 12 1 1 10 12 1 10 12 1 1 100 1 10 12 1 1 100 1 100 1 10 12 1 1 10 12 1 1 10 12 1 100 1 100 1 100 1 10 12 1 10 12 1 1 10 12 1 1 10 12 1 10 12 1 1 10 12 1 1 10 100 12 1 1 100 1 11 10 12 1 10 12 11 12 1 11 12 1 10 12 1 1 10 12 1 1 10 10 100 12 1 1 1 10 100 12 1 1 10 12 1 1 10 100 12 1 1 10 12 1 10 12 1 1 10 12 1 100 1 10 10 12 1 1 10 12 1 10 12 1 10 12 1 1 100 1 10 12 1 1 10 12 10 12 1 10 12 1 1 10 100 12 1 1 1 10 12 1 10 12 1 1 10 12 1 10 12 1 3 3 10 12 1 10 12 1 1 10 12 1 1 10 12 1 1 10 12 1 10 12 1 1 10 12 1 1 10 12 1 10 12 1 10 12 1 10 12 1 1 10 12 1 10 12 1 10 12 1 10 12 1 10 12 1 10 12 1 10 100 1 10 8 1 10 12 1 1 10 12 1 8 1 10 12 1 1 10 12 10 12 1 8 1 10 10 12 1 1 10 12 1 1 10 12 1 10 12 1 1 10 12 10 100 1 10 10 12 1 10 12 1 10 12 1 10 10 12 1 10 12 1 1 10 12 1 100 1 10 10 12 1 100 1 10 10 12 1 10 12 1 1 10 12 1 10 12 1 1 10 10 12 1 1 10 100 1 10 10 12 1 10 12 1 1 10 12 1 1 10 7 1 10 12 1 10 12 1 10 12 1 10 12 1 1 10 12 1 11 7 1 11 12 10 12 1 10 12 1 1 10 12 1 1 10 10 12 1 10 12 1 9 12 1 1 11 7 12 1 1 1 10 10 12 1 10 12 1 1 10 10 12 1 10 12 1 10 12 1 1 9 12 1 10 12 1 1 10 10 12 1 1 10 12 10 10 12 1 10 12 10 10 12 10 10 12 1 10 12 1 10 12 10 10 12 10 12 1 10 12 10 12 10 10 12 1 10 12 1 1 10 12 1 10 10 12 1 10 7 12 1 1 1 10 12 1 1 10 10 7 12 1 1 1 11 10 12 1 10 12 1 1 10 12 1 1 10 7 12 1 1 1 10 12 1 10 10 12 1 10 12 1 10 12 1 10 100 12 1 1 10 12 1 100 1 100 1 8 1 10 10 10 12 1 8 1 10 12 1 3 3 7 1 10 10 12 1 10 12 1 10 12 1 1 10 12 1 1 11 7 12 1 1 1 7 1 10 12 1 1 10 12 1 10 12 1 1 10 12 1 1 8 1 10 12 1 1 10 12 1 11 7 12 1 1 1 11 7 12 1 1 11 12 1 1 10 12 1 10 12 1 1 10 10 7 12 1 1 1 10 12 1 10 12 1 10 10 12 10 12 1 1 10 10 12 1 10 10 12 1 10 10 12 1 10 10 12 1 10 12 1 1 10 10 12 1 8 1 10 12 1 1 18 12 1 1 11 100 12 1 1 1 7 1 3 18 12 1 18 12 1 8 1 10 100 12 1 1 1 11 12 1 1 10 12 10 10 12 1 10 11 12 1 1 10 12 1 1 11 12 1 18 3 11 10 12 1 11 11 10 12 1 10 12 1 1 8 1 10 12 1 10 12 1 10 12 1 1 10 10 12 1 11 100 12 1 7 1 100 1 10 12 1 7 1 10 10 7 12 1 1 1 100 1 10 7 1 10 10 12 1 10 10 12 1 8 1 10 10 12 1 8 1 8 1 10 12 1 10 12 1 10 10 12 10 100 12 1 1 10 100 12 1 1 10 100 12 1 1 8 1 10 12 1 10 12 1 1 10 10 12 8 1 8 1 10 8 1 8 1 8 1 8 1 10 12 1 10 12 1 8 1 10 100 12 1 1 1 10 12 10 12 1 1 10 12 10 10 12 10 12 7 1 9 12 1 1 7 1 10 100 1 100 1 100 1 100 1 1 1 1 1 1 5 0 1 1 1 1 1 3 1 3 1 1 1 1 1 1 1 1 1 1 1 1 1 1 1 100 1 1 1 100 1 1 1 1 1 1 1 1 1 1 1 1 1 1 1 1 1 1 1 1 1 1 1 1 1 100 1 1 1 1 1 1 1 1 1 100 1 1 1 1 1 1 1 1 1 1 1 1 1 1 1 1 1 1 1 1 1 1 1 1 1 1 1 1 1 1 1 1 1 1 1 1 1 1 1 1 1 1 1 1 1 1 1 1 1 1 1 1 1 1 1 1 1 1 1 1 1 1 1 1 1 1 1 1 1 1 1 1 1 1 1 1 1 1 1 1 1 1 1 1 1 1 1 1 1 1 1 1 1 1 1 1 1 1 1 1 1 1 1 1 1 1 1 1 1 1 1 1 1 1 1 1 1 1 1 1 1 1 1 1 1 1 1 1 1 1 1 1 1 1 1 1 1 1 1 1 1 1 1 1 1 1 1 1 1 1 1 1 1 1 1 1 1 1 1 1 1 1 1 1 1 1 1 1 1 1 1 100 1 1 1 1 1 1 1 1 1 1 1 1 1 1 1 1 1 1 1 1 1 1 1 1 100 1 1 1 1 1 1 1 1 1 1 1 1 1 100 1 1 1 1 1 1 1 1 1 1 1 1 1 1 1 15 10 100 12 1 1 1 16 15 10 12 16 15 10 12 15 10 12 15 10 12 1 1 1 1 100 1 100 1 1 1
staticfield java/lang/String COMPACT_STRINGS Z 1
staticfield java/lang/String serialPersistentFields [Ljava/io/ObjectStreamField; 0 [Ljava/io/ObjectStreamField;
staticfield java/lang/String CASE_INSENSITIVE_ORDER Ljava/util/Comparator; java/lang/String$CaseInsensitiveComparator
ciInstanceKlass java/security/ProtectionDomain 1 1 324 10 7 12 1 1 1 9 7 12 1 1 1 7 1 10 9 12 1 1 9 12 1 1 9 12 1 1 10 7 12 1 1 7 1 9 12 1 9 12 1 1 7 1 9 12 1 1 9 12 1 10 7 12 1 1 10 7 12 1 1 1 10 12 1 1 10 12 1 9 12 1 9 100 12 1 1 10 12 1 1 10 100 1 10 12 1 1 8 1 100 1 8 1 10 12 1 10 10 100 12 1 1 1 10 12 1 1 8 1 11 8 1 10 12 1 8 1 8 1 10 12 1 1 10 12 1 10 12 1 1 10 12 1 8 1 10 12 1 8 1 8 1 10 100 12 1 1 1 9 100 12 1 1 1 10 12 1 1 9 100 12 1 1 1 10 100 12 1 1 1 100 1 100 1 10 12 1 10 100 12 1 1 1 10 100 1 10 12 1 10 12 1 1 11 100 12 1 1 11 12 1 100 1 11 100 12 1 1 1 10 12 1 10 11 12 1 1 11 12 1 1 10 12 1 10 7 12 1 1 10 100 12 1 1 11 12 1 10 12 8 1 8 1 10 7 12 1 1 1 7 1 10 10 7 12 1 1 1 1 1 1 1 1 1 1 100 1 1 100 1 1 1 1 1 1 1 1 1 1 1 1 1 1 1 1 1 1 1 1 1 1 1 1 1 1 1 1 1 1 1 1 1 1 1 1 1 1 1 1 1 1 100 1 1 1 1 1 100 1 1 1 1 1
staticfield java/security/ProtectionDomain filePermCompatInPD Z 0
ciInstanceKlass java/security/CodeSource 1 1 395 10 7 12 1 1 1 9 7 12 1 1 1 9 12 1 1 9 12 1 1 9 12 1 1 10 7 12 1 1 1 9 12 1 1 10 100 12 1 1 10 100 10 7 12 1 1 1 10 100 12 1 1 1 10 12 1 1 100 1 10 10 100 12 1 1 1 10 100 12 1 1 1 10 12 1 1 10 12 1 100 1 10 12 1 1 10 12 1 1 10 12 1 1 10 12 1 10 10 10 12 1 1 10 7 12 1 1 1 10 12 1 10 12 1 10 12 1 8 1 10 12 1 10 12 1 10 12 1 1 10 12 1 8 1 10 12 1 1 10 100 1 10 10 12 1 1 8 1 10 12 1 10 12 1 10 12 1 8 1 8 1 9 12 1 1 100 1 8 1 10 12 1 10 12 1 1 8 1 10 12 1 8 1 8 1 8 1 10 100 12 1 1 10 12 1 1 10 12 1 10 12 1 1 10 12 1 1 10 12 1 1 100 1 100 1 10 12 1 10 12 10 12 1 1 10 100 12 1 1 10 12 1 100 1 10 12 10 8 1 10 12 1 10 12 1 10 12 1 1 100 1 10 12 1 1 100 1 100 1 8 1 8 1 10 10 12 1 1 10 100 12 1 1 1 100 1 10 12 10 12 1 1 11 100 12 1 1 10 10 12 1 11 10 12 1 8 1 100 1 10 12 1 10 12 1 1 10 12 1 11 12 1 1 11 100 1 1 1 1 5 0 1 1 1 1 1 1 1 1 1 1 1 1 1 1 1 1 1 1 1 1 1 1 1 1 1 1 1 1 1 1 1 1 1 1 1 1 1 1 1 1 1 1 1 1 1 1 1 1 1 1 1 1 1 1 1 1 1 1 1 1 1 1 1 1 1 100 1 1 1 1 1 1 1
ciInstanceKlass java/lang/StringBuilder 1 1 404 10 7 12 1 1 1 10 12 1 10 12 1 10 12 1 1 10 7 12 1 1 1 10 7 12 1 1 1 10 12 1 10 12 1 10 12 1 10 12 1 10 12 1 10 12 1 10 12 1 10 12 1 10 12 1 10 12 1 10 12 1 10 12 1 10 12 1 10 12 1 1 10 12 1 10 12 1 1 10 12 1 1 10 12 1 10 12 1 10 12 1 10 12 1 10 12 1 10 12 1 10 12 1 10 12 10 12 1 10 12 1 10 12 1 10 12 1 1 10 12 1 10 12 1 10 12 10 12 1 1 10 12 1 1 9 12 1 1 9 12 1 1 10 7 12 1 1 1 10 7 1 10 100 12 1 1 1 10 12 1 10 12 1 1 10 12 1 1 10 10 12 1 1 10 100 12 1 1 10 12 1 10 12 1 1 100 1 10 12 1 1 10 12 1 1 10 12 1 10 12 1 10 12 1 10 12 1 10 12 1 10 12 1 10 12 1 10 12 1 10 12 1 10 12 1 10 12 1 10 12 1 10 12 1 10 12 1 10 12 1 1 10 12 1 1 10 12 1 10 12 1 10 12 1 10 12 10 12 10 12 1 10 12 1 10 12 1 10 12 10 12 1 10 12 1 10 12 1 10 12 1 10 12 1 10 12 1 10 12 1 10 12 1 10 12 1 1 10 12 1 10 12 1 1 10 12 1 10 12 1 1 10 12 1 10 12 1 1 10 12 1 10 12 1 10 12 1 10 10 12 1 10 12 1 100 1 100 1 100 1 1 1 1 5 0 1 1 1 1 1 1 1 1 1 1 1 1 1 1 1 1 1 1 1 1 1 1 1 1 1 1 1 1 1 1 1 1 1 1 1 1 1 1 1 1 1 1 1 100 1 1 1 100 1 1 1 1 1 1 1 1 1 1
ciInstanceKlass jdk/internal/loader/ClassLoaders 1 1 183 10 100 12 1 1 1 10 7 12 1 1 1 10 12 1 1 10 100 12 1 1 1 9 7 12 1 1 1 9 12 1 1 9 12 1 1 7 1 11 100 12 1 1 1 100 1 11 12 1 1 11 12 1 1 10 100 12 1 1 1 10 100 12 1 1 1 100 1 100 1 10 7 12 1 1 1 9 12 1 1 10 12 1 1 7 1 10 12 1 1 10 12 1 7 1 8 1 10 7 12 1 1 1 10 12 1 1 7 1 10 12 1 10 12 1 10 12 1 8 1 10 7 12 1 1 8 1 8 1 10 12 1 7 1 10 12 1 10 12 1 10 12 1 1 1 1 1 1 1 1 1 1 1 1 1 1 1 1 1 1 1 1 100 1 1 1 1 1 1 1 1 1 1 1 1 1 1 1 1 1 1 1
staticfield jdk/internal/loader/ClassLoaders JLA Ljdk/internal/access/JavaLangAccess; java/lang/System$2
staticfield jdk/internal/loader/ClassLoaders BOOT_LOADER Ljdk/internal/loader/ClassLoaders$BootClassLoader; jdk/internal/loader/ClassLoaders$BootClassLoader
staticfield jdk/internal/loader/ClassLoaders PLATFORM_LOADER Ljdk/internal/loader/ClassLoaders$PlatformClassLoader; jdk/internal/loader/ClassLoaders$PlatformClassLoader
staticfield jdk/internal/loader/ClassLoaders APP_LOADER Ljdk/internal/loader/ClassLoaders$AppClassLoader; jdk/internal/loader/ClassLoaders$AppClassLoader
ciInstanceKlass jdk/internal/misc/Unsafe 1 1 1285 10 7 12 1 1 1 9 7 12 1 1 1 9 12 1 1 10 12 1 1 10 7 12 1 1 1 10 12 1 1 10 12 1 1 10 12 1 1 10 12 1 1 10 12 1 1 10 12 1 1 10 12 1 1 10 12 1 1 10 12 1 1 10 12 1 1 10 12 1 1 10 12 1 1 10 12 1 1 10 12 1 10 12 1 100 1 10 10 12 1 1 10 12 1 1 5 0 10 12 1 1 10 12 1 1 10 7 12 1 1 1 10 12 1 1 10 12 1 10 12 1 10 12 1 1 10 12 1 1 10 12 1 10 12 1 100 1 100 1 10 8 1 10 12 1 1 10 12 1 8 1 10 12 1 1 10 12 1 10 12 1 10 12 1 1 10 12 1 10 12 1 1 10 12 1 1 10 12 1 10 12 1 10 12 1 10 12 1 1 10 12 1 10 12 1 10 12 1 1 10 12 1 5 0 5 0 5 0 10 12 1 10 12 1 10 12 1 10 12 1 10 12 1 10 12 1 10 12 1 10 12 1 10 12 1 1 10 12 1 10 12 1 100 1 8 1 10 100 1 10 10 12 1 1 10 12 1 1 10 12 1 10 12 1 1 10 12 1 1 10 12 1 10 12 1 1 10 12 1 9 7 12 1 1 9 12 1 100 1 10 10 12 1 1 8 1 10 8 1 8 1 10 12 1 1 9 7 12 1 1 1 9 100 1 9 100 1 9 100 1 9 9 100 1 9 100 1 9 100 1 10 12 1 1 10 12 1 1 10 12 1 1 10 12 1 1 5 0 5 0 9 12 1 1 10 12 1 10 12 1 10 12 1 1 10 12 1 1 10 12 1 8 1 3 10 12 1 1 10 12 1 1 10 12 1 10 12 1 1 10 12 1 1 10 12 1 10 12 1 10 12 1 10 12 1 10 12 1 10 12 1 1 10 12 1 1 10 12 1 10 12 1 10 12 1 10 12 1 10 12 1 10 12 1 1 10 12 1 1 10 12 1 10 12 1 10 12 1 10 12 1 10 12 1 10 12 1 1 10 12 1 1 10 12 1 1 10 12 1 1 10 12 1 10 12 1 10 12 1 10 12 1 10 12 1 10 12 1 10 12 1 1 10 12 1 1 10 12 1 10 12 1 10 12 1 10 12 1 10 12 1 10 12 1 10 12 1 1 10 12 1 1 10 12 1 10 12 1 10 12 1 10 12 1 10 12 1 10 12 1 10 12 1 10 12 1 1 10 12 1 10 12 1 10 12 1 10 12 1 10 12 1 1 10 12 1 10 12 1 10 12 1 10 12 1 10 12 1 10 12 1 10 12 1 10 12 1 1 10 12 1 10 12 1 10 12 1 10 12 1 10 12 1 10 12 1 1 10 12 1 10 12 1 10 12 1 1 10 12 1 10 12 1 10 12 1 10 12 1 10 12 1 10 12 1 10 12 1 10 12 1 10 12 1 10 12 1 10 12 1 10 12 1 10 12 1 10 12 1 10 12 1 10 12 1 10 12 1 10 12 1 10 12 1 10 12 1 10 12 1 10 12 1 100 1 10 100 1 10 9 12 1 5 0 10 12 1 1 5 0 10 12 1 5 0 10 12 1 10 12 1 10 12 1 1 10 12 1 1 10 12 1 10 12 1 10 12 1 10 12 1 1 10 12 1 10 12 1 10 12 1 10 12 1 10 12 1 1 10 12 1 10 12 1 10 12 1 10 12 1 1 10 12 1 10 12 1 10 12 1 1 10 12 1 10 12 1 10 12 1 10 12 1 1 10 12 1 10 10 12 1 1 10 12 1 10 12 1 1 10 12 1 10 12 5 0 5 0 5 0 10 12 1 1 10 12 1 10 12 1 10 12 10 100 12 1 1 8 1 100 1 11 12 1 1 8 1 11 12 1 1 10 100 12 1 1 10 12 1 10 12 1 10 12 1 10 12 1 10 12 1 1 10 12 1 10 12 1 10 12 1 10 12 1 10 12 1 10 12 1 10 7 1 10 12 1 9 12 1 7 1 9 12 1 7 1 9 12 1 7 1 9 12 1 7 1 9 12 1 7 1 9 12 1 7 1 9 12 1 7 1 9 12 1 7 1 9 12 1 10 12 1 9 12 1 9 12 1 9 12 1 9 12 1 9 12 1 9 12 1 9 12 1 9 12 1 9 12 1 9 12 1 1 1 3 1 1 1 1 1 1 1 1 1 1 1 1 1 1 1 1 1 1 1 1 1 1 1 1 1 1 1 1 1 1 1 1 1 1 1 1 1 1 1 1 1 1 1 1 1 1 1 1 1 1 1 1 1 1 1 1 1 1 1 1 1 1 1 1 1 1 1 1 1 1 1 1 1 1 1 1 1 1 1 1 1 1 1 1 1 1 1 1 1 100 1 1 1 1 1 1 1 1 1 1 1 1 1 1 1 1 1 1 1 1 1 1 1 1 1 1 1 1 1 1 1 1 1 1 1 1 1 1 1 1 1 1 1 1 1 1 1 1 1 1 1 1 1 1 1 1 1 1 1 1 1 1 1 1 1 1 1 1 1 1 1 1 1 1 1 1 1 1 1 1 1 1 1 1 1 1 1 1 1 1 1 1 1 1 1 1 1 1 1 1 1 1 1 1 1 1 1 1 1 1 1 1 1 1 1 1 1 1 1 1 1 1 1 1 1 1 1 1 1 1 1 1 1 1 1 1 1 1 1 1 1 1 1 1 1 1 1 1 1 1 1 1 1 1 1 1 1 1 1 1 1 1 1 1 1 1 1 1 1 1 1 1 1 1 1 1 1 1 1 1 1 1 1 1 1 1 1 1 1 1 1 1 1 1 1 1 1 1 1 1 1 1 1 1 1 1 1 3 1 1 1 1 1 1 1 1 1 1 1 1 1 1 1 1 1 1 1 1 1
staticfield jdk/internal/misc/Unsafe theUnsafe Ljdk/internal/misc/Unsafe; jdk/internal/misc/Unsafe
staticfield jdk/internal/misc/Unsafe ARRAY_BOOLEAN_BASE_OFFSET I 16
staticfield jdk/internal/misc/Unsafe ARRAY_BYTE_BASE_OFFSET I 16
staticfield jdk/internal/misc/Unsafe ARRAY_SHORT_BASE_OFFSET I 16
staticfield jdk/internal/misc/Unsafe ARRAY_CHAR_BASE_OFFSET I 16
staticfield jdk/internal/misc/Unsafe ARRAY_INT_BASE_OFFSET I 16
staticfield jdk/internal/misc/Unsafe ARRAY_LONG_BASE_OFFSET I 16
staticfield jdk/internal/misc/Unsafe ARRAY_FLOAT_BASE_OFFSET I 16
staticfield jdk/internal/misc/Unsafe ARRAY_DOUBLE_BASE_OFFSET I 16
staticfield jdk/internal/misc/Unsafe ARRAY_OBJECT_BASE_OFFSET I 16
staticfield jdk/internal/misc/Unsafe ARRAY_BOOLEAN_INDEX_SCALE I 1
staticfield jdk/internal/misc/Unsafe ARRAY_BYTE_INDEX_SCALE I 1
staticfield jdk/internal/misc/Unsafe ARRAY_SHORT_INDEX_SCALE I 2
staticfield jdk/internal/misc/Unsafe ARRAY_CHAR_INDEX_SCALE I 2
staticfield jdk/internal/misc/Unsafe ARRAY_INT_INDEX_SCALE I 4
staticfield jdk/internal/misc/Unsafe ARRAY_LONG_INDEX_SCALE I 8
staticfield jdk/internal/misc/Unsafe ARRAY_FLOAT_INDEX_SCALE I 4
staticfield jdk/internal/misc/Unsafe ARRAY_DOUBLE_INDEX_SCALE I 8
staticfield jdk/internal/misc/Unsafe ARRAY_OBJECT_INDEX_SCALE I 4
staticfield jdk/internal/misc/Unsafe ADDRESS_SIZE I 8
ciInstanceKlass java/util/Map 1 1 259 11 7 12 1 1 1 11 12 1 1 10 100 12 1 1 11 12 1 1 11 7 12 1 1 1 11 100 12 1 1 1 11 12 1 1 7 1 11 12 1 11 12 1 100 1 100 1 10 12 1 1 11 100 12 1 1 1 11 100 12 1 1 1 11 12 1 11 12 1 10 12 1 1 11 12 1 11 100 12 1 9 7 12 1 1 1 100 1 10 12 7 1 7 1 10 12 1 7 1 10 7 1 11 12 1 1 7 1 11 12 1 1 1 1 1 1 1 1 1 1 1 1 1 1 1 1 1 1 1 1 1 1 1 1 1 1 1 1 1 1 1 1 1 1 1 1 1 1 1 1 1 1 1 1 1 1 1 1 1 1 1 1 1 1 1 1 1 1 1 1 1 1 1 1 1 1 1 1 1 1 1 1 1 1 1 1 1 1 1 1 1 1 1 1 1 1 1 1 1 1 1 1 1 1 1 1 1 1 1 1 1 1 1 1 1 1 1 1 1 1 1 1 1 1 1 1 1 1 1 1 1 1 1 1 1 1 1 1 1 100 1 1 1 1 1 1 1 1 1 1 1 1 1 1 1 1 1 1
ciInstanceKlass java/lang/ThreadGroup 1 1 293 10 7 12 1 1 1 9 7 12 1 1 1 8 1 9 12 1 1 7 1 9 12 1 9 12 1 1 10 12 1 1 10 12 1 1 10 12 1 10 12 1 1 10 12 1 9 12 1 1 10 12 1 1 10 12 1 9 12 1 10 100 12 1 1 1 9 12 1 9 12 1 1 10 7 12 1 1 1 100 10 12 1 1 10 7 12 1 1 1 10 100 12 1 9 12 1 10 12 1 1 10 12 1 1 9 12 1 1 10 12 1 1 10 12 1 10 12 1 10 12 1 1 10 12 1 1 10 12 1 10 12 1 10 10 12 1 10 12 1 10 100 1 10 10 12 1 10 12 1 10 12 1 7 10 12 1 9 12 1 1 10 12 1 1 8 1 10 100 12 1 1 1 10 12 1 1 10 12 1 1 10 12 1 1 11 100 1 100 1 9 12 1 100 1 10 8 1 10 12 1 1 10 12 1 1 8 1 10 12 1 10 100 12 1 1 1 10 12 1 1 10 100 1 8 1 10 8 1 10 12 1 8 1 1 1 1 1 1 1 1 1 1 1 1 1 1 1 1 1 3 1 1 1 1 1 1 1 1 1 1 1 1 1 1 1 1 1 1 1 1 1 1 1 1 1 1 1 1 1 1 1 1 1 1 1 1 1 1 1 1 1 1
instanceKlass java/security/Provider
ciInstanceKlass java/util/Properties 1 1 651 10 7 12 1 1 1 100 1 10 7 12 1 1 7 1 10 12 1 9 12 1 1 9 12 1 1 9 12 1 1 10 7 12 1 1 1 10 12 1 1 8 1 10 7 12 1 1 1 7 1 10 12 1 10 12 1 1 8 1 10 12 1 7 1 10 12 10 12 1 1 9 12 1 1 10 12 1 1 7 1 10 12 1 10 12 1 10 12 1 1 100 1 8 1 10 12 1 10 12 1 10 12 1 1 10 12 1 100 1 3 10 10 100 12 1 1 1 10 12 1 10 12 1 1 8 1 10 12 1 10 12 1 1 8 1 10 100 12 1 1 10 12 1 1 10 12 1 10 12 1 1 100 1 10 12 1 10 12 1 1 100 1 9 100 12 1 1 1 10 12 1 10 12 1 1 100 1 10 10 10 12 1 1 11 7 12 1 1 1 11 7 12 1 1 1 11 12 1 1 7 1 11 12 1 11 12 1 10 12 1 1 8 1 10 12 1 10 12 1 100 1 10 10 12 1 1 10 100 12 1 1 9 100 12 1 1 10 12 1 1 10 100 12 1 1 1 100 1 100 1 100 1 10 8 1 8 1 10 12 1 10 12 1 10 12 1 1 10 10 12 1 1 10 12 1 1 7 1 10 10 12 1 11 7 12 1 1 10 7 12 1 1 1 8 1 10 100 12 1 1 11 8 1 10 100 1 11 10 12 1 10 12 1 10 12 1 10 12 1 1 10 12 1 1 10 12 1 1 10 12 1 10 12 1 10 10 12 1 10 12 1 10 12 1 10 10 12 1 1 10 12 1 1 7 1 10 10 12 1 10 12 1 10 12 1 10 12 1 10 12 1 1 10 12 1 1 10 12 1 10 12 1 10 12 1 1 10 12 10 12 1 1 10 12 1 1 10 12 1 10 12 1 1 10 12 1 1 10 12 100 1 10 11 100 12 1 1 4 11 10 12 1 1 10 100 12 1 1 11 12 1 10 12 1 1 10 100 12 1 1 10 12 1 100 1 8 1 10 12 1 10 10 100 12 1 1 1 100 1 6 0 10 12 1 1 11 100 12 1 1 1 10 12 1 10 12 1 1 1 1 1 5 0 1 1 1 1 1 1 1 1 1 1 1 1 1 1 1 1 1 1 1 1 1 1 1 1 1 1 1 1 1 1 1 1 1 1 1 1 1 1 1 1 100 1 1 1 1 1 1 1 1 1 1 1 1 1 1 1 1 1 1 1 1 100 1 1 1 1 1 1 1 100 1 100 1 1 1 1 100 1 1 1 1 1 1 1 1 1 1 1 1 1 1 1 1 1 1 1 1 1 1 1 1 1 1 1 1 1 1 1 1 1 1 1 1 1 1 1 1 1 1 1 1 1 1 1 1 1 1 1 1 1 1 1 1 1 1 1 1 1 1 1 1 1 1 1 1 1 1 1 1 1 1 1 1 100 1 1 1 1 1 1 1 1 1 100 1 1 1
staticfield java/util/Properties UNSAFE Ljdk/internal/misc/Unsafe; jdk/internal/misc/Unsafe
instanceKlass java/util/Hashtable
ciInstanceKlass java/util/Dictionary 1 1 36 10 7 12 1 1 1 100 1 1 1 1 1 1 1 1 1 1 1 1 1 1 1 1 1 1 1 1 1 1 1 1 1 1 1 1
instanceKlass org/apache/tools/ant/Project$AntRefTable
instanceKlass java/util/Properties
ciInstanceKlass java/util/Hashtable 1 1 488 100 1 10 7 12 1 1 1 9 7 12 1 1 1 100 1 100 1 10 8 1 10 12 1 1 10 12 1 10 12 1 1 10 12 1 10 7 12 1 1 1 8 1 10 12 1 9 12 1 1 7 1 9 12 1 1 4 10 7 12 1 1 1 9 12 1 4 10 12 1 11 100 12 1 1 1 10 12 1 1 10 12 1 1 9 12 1 10 12 1 1 100 1 10 9 12 1 1 10 7 12 1 1 1 9 12 1 1 10 12 1 10 12 1 3 9 12 1 9 12 1 3 10 12 1 10 12 1 10 12 1 1 11 12 1 1 11 100 12 1 1 1 11 100 12 1 1 1 11 12 1 100 1 11 12 1 11 12 1 10 12 1 1 10 12 1 1 10 12 1 9 12 1 1 9 12 9 12 1 1 10 100 1 100 1 10 12 1 10 8 1 10 10 12 1 8 1 10 8 1 10 7 12 1 1 1 7 1 10 12 1 10 12 1 7 1 10 12 1 10 12 1 1 100 1 10 7 1 10 10 12 1 1 11 12 1 1 11 12 1 100 1 10 10 10 7 12 1 1 11 7 12 1 1 1 100 1 10 11 100 12 1 1 11 100 12 1 10 12 1 10 12 1 1 10 100 12 1 1 10 12 1 1 10 12 1 1 10 12 1 1 10 100 12 1 1 100 1 10 10 12 1 8 1 10 12 10 100 12 1 1 1 100 1 11 100 12 1 1 1 10 12 1 10 12 1 1 10 100 1 100 1 1 1 1 1 1 5 0 1 1 1 1 1 3 1 3 1 3 1 1 1 1 1 1 1 1 1 1 1 1 1 1 1 1 1 1 1 1 1 1 1 1 1 100 1 1 1 1 1 1 1 1 1 1 1 1 1 1 1 1 1 1 1 1 1 1 1 1 1 1 1 1 1 100 1 1 1 1 1 1 1 1 1 1 1 1 1 1 1 1 1 1 1 1 1 1 1 1 1 1 1 1 1 1 1 1 1 1 1 1 1 1 1 1 1 1 1 1 1 1 1 1 1 1 1 1 1 1 1 1 1 1 100 1 1 1 100 1 1 1 1 1 100 1 1 1 1 1 1 1 1 1 1 1 1 1
ciInstanceKlass java/util/Set 1 1 140 100 1 10 100 12 1 1 1 9 7 12 1 1 1 7 1 10 12 1 1 10 12 1 7 1 7 1 10 12 1 7 1 7 1 7 1 10 12 1 10 12 1 1 11 12 1 1 100 1 1 1 1 1 1 1 1 1 1 1 1 1 1 1 1 1 1 1 1 1 1 1 1 1 1 1 1 1 1 1 1 1 1 1 1 1 1 1 1 1 1 1 1 1 1 1 1 1 1 1 1 1 1 1 1 1 1 1 1 1 1 1 1 1 1 1 1 1 1 1 1 1 1 1 1 1 1 1 1 1 1 1 1 1 1 1 1 1 1 1
instanceKlass java/io/SequenceInputStream
instanceKlass org/apache/commons/io/input/ClosedInputStream
instanceKlass org/apache/tools/ant/DemuxInputStream
instanceKlass org/apache/tools/zip/ZipFile$BoundedInputStream
instanceKlass org/apache/tools/ant/util/FileUtils$1
instanceKlass org/apache/commons/compress/compressors/CompressorInputStream
instanceKlass sun/net/www/http/ChunkedInputStream
instanceKlass sun/nio/ch/NioSocketImpl$1
instanceKlass java/net/Socket$SocketInputStream
instanceKlass com/sun/org/apache/xerces/internal/impl/XMLEntityManager$RewindableInputStream
instanceKlass sun/nio/ch/ChannelInputStream
instanceKlass java/util/zip/ZipFile$ZipFileInputStream
instanceKlass java/io/FilterInputStream
instanceKlass java/io/FileInputStream
instanceKlass java/io/ByteArrayInputStream
ciInstanceKlass java/io/InputStream 1 1 184 100 1 10 7 12 1 1 1 100 1 10 10 7 12 1 1 1 10 7 12 1 1 1 10 12 1 100 1 3 10 12 1 1 100 1 8 1 10 12 1 10 100 12 1 1 1 3 100 1 8 1 10 10 100 12 1 1 1 100 1 10 11 100 12 1 1 1 10 12 1 1 11 12 1 1 11 100 12 1 1 1 11 12 1 1 100 1 10 100 12 1 1 1 5 0 10 12 1 10 12 1 1 100 1 10 8 1 10 8 1 8 1 10 12 1 1 10 100 12 1 1 1 100 1 1 1 1 3 1 3 1 1 1 1 1 1 1 1 1 1 1 1 1 1 1 1 1 1 1 1 1 1 1 1 1 1 1 1 1 1 1 1 1 1 1 1 1 1 1 1 1 1 1 1 1 1 1 1 1 1 1 1 1
ciInstanceKlass java/io/ByteArrayInputStream 1 1 96 10 7 12 1 1 1 9 7 12 1 1 1 9 12 1 1 9 12 1 9 12 1 10 100 12 1 1 1 10 7 12 1 1 1 10 7 12 1 1 1 10 100 12 1 1 1 10 12 1 1 10 100 12 1 1 1 1 1 1 1 1 1 1 1 1 1 1 1 1 1 1 1 1 1 1 1 1 1 1 1 100 1 1 1 1 1 1 1 1 1 1 1 1 1 1
instanceKlass jdk/internal/misc/InnocuousThread
instanceKlass java/lang/ref/Finalizer$FinalizerThread
instanceKlass java/lang/ref/Reference$ReferenceHandler
ciInstanceKlass java/lang/Thread 1 1 610 9 7 12 1 1 1 9 12 1 1 10 12 1 1 9 12 1 1 9 12 1 1 100 1 8 1 10 12 1 1 3 8 1 100 1 5 0 10 12 1 1 10 7 12 1 1 9 12 1 1 9 12 1 9 12 1 1 9 12 1 100 1 8 1 10 9 12 1 1 10 7 12 1 1 1 10 100 12 1 1 1 10 10 7 12 1 1 10 12 1 1 10 12 1 1 9 100 12 1 1 1 10 12 1 1 10 12 1 9 12 1 1 10 12 1 1 10 12 1 1 9 12 1 10 12 1 1 9 12 1 1 10 7 12 1 1 1 9 12 1 1 9 12 1 1 10 12 1 1 10 100 12 1 1 1 9 12 1 10 12 1 1 9 12 1 100 1 10 100 1 10 8 1 10 12 1 1 10 12 1 10 12 1 10 12 1 1 10 12 1 10 12 1 9 12 1 100 1 10 10 12 1 1 10 12 1 10 12 1 100 1 11 7 12 1 1 9 100 12 1 1 1 10 12 1 10 12 1 10 12 9 12 1 1 10 9 12 1 10 12 1 100 1 10 10 12 1 1 9 12 1 10 12 1 11 100 12 1 1 10 12 1 10 12 1 10 12 1 10 10 12 1 10 12 1 10 12 1 10 12 1 10 12 1 1 100 1 10 10 12 1 10 12 1 10 12 1 9 100 12 1 1 1 10 12 1 1 10 12 1 100 1 8 1 10 10 12 1 10 12 8 1 10 12 1 8 1 10 8 1 8 1 10 100 12 1 1 10 100 12 1 1 1 100 1 8 1 10 9 12 1 9 12 1 1 10 12 1 1 10 10 12 1 1 9 12 1 10 12 1 1 100 1 10 12 11 100 12 1 1 1 9 100 12 1 1 1 9 12 1 1 10 12 1 1 100 1 10 12 1 11 100 12 1 1 1 100 1 10 12 1 10 12 1 1 11 12 1 10 12 1 100 1 10 12 1 10 12 1 1 10 7 12 1 1 1 8 1 9 12 1 10 12 1 1 11 100 12 1 1 1 10 100 12 1 1 1 11 12 1 10 12 1 7 1 1 1 1 1 3 1 3 1 3 1 1 1 1 1 1 1 1 1 1 1 1 1 1 1 1 1 1 1 100 1 1 1 1 1 1 1 1 1 1 1 1 100 1 100 1 1 1 1 1 1 1 1 1 1 1 1 1 1 1 1 1 1 1 1 1 1 1 1 1 1 1 1 1 1 1 1 1 1 1 1 1 1 1 1 1 1 1 100 100 1 1 1 1 1 1 1 1 1 100 1 1 1 1 1 1 1 1 1 1 1 1 1 1 1 1 1 1 1 1 1 1 1 1 1 1 1 1 100 1 1 1 1 1 1 100 1 1 100 1 1 1 1 1 1
staticfield java/lang/Thread EMPTY_STACK_TRACE [Ljava/lang/StackTraceElement; 0 [Ljava/lang/StackTraceElement;
ciMethod java/lang/System arraycopy (Ljava/lang/Object;ILjava/lang/Object;II)V 1024 0 512 0 -1
ciInstanceKlass java/lang/StringLatin1 1 1 380 7 1 10 100 12 1 1 1 100 1 10 12 1 10 7 12 1 1 1 10 7 12 1 1 1 10 12 1 10 7 12 1 1 1 10 12 1 1 10 7 12 1 1 1 10 12 1 1 10 12 1 1 10 10 12 1 10 12 1 1 10 9 7 12 1 1 1 10 12 1 1 10 7 12 1 1 1 10 12 10 12 1 1 10 12 1 1 10 12 1 1 10 7 12 1 1 1 10 12 1 10 12 1 1 9 12 1 1 100 1 10 10 100 12 1 1 1 10 7 12 1 1 1 10 12 1 10 12 1 100 1 100 1 8 1 10 12 1 8 1 10 12 100 1 10 10 10 7 12 1 1 1 8 1 8 1 8 1 10 12 1 1 10 100 12 1 1 10 12 1 10 12 1 1 10 12 1 1 10 12 1 1 10 12 1 10 12 10 12 10 12 1 10 12 10 10 12 1 10 12 1 10 12 1 10 100 12 1 1 1 10 100 12 1 1 1 10 12 1 1 10 12 1 1 10 10 7 12 1 1 1 1 1 1 1 1 1 1 1 1 1 1 1 1 1 1 1 1 1 1 1 1 1 1 1 1 1 1 1 1 1 1 1 1 1 1 1 1 1 1 1 1 1 1 1 1 1 1 1 1 100 1 1 1 1 1 1 1 1 1 1 1 1 1 1 1 1 1 1 1 1 1 1 1 1 1 1 1 1 1 1 1 1 1 1 1 1 1 1 1 1 1 1 1 1 100 1 1 1 1 1 1 1 1 1 1 1 1 1 1 1 1 1 1 1 1 1 100 1 1 1 1 1 1 1 1 1 1 1 1 1 1 1 1 1 1 1 1 1 1 1 1 1 1 100 1 1 1 1
staticfield java/lang/StringLatin1 $assertionsDisabled Z 1
ciInstanceKlass java/lang/Math 1 1 395 10 100 12 1 1 1 10 7 12 1 1 1 10 12 1 10 12 1 10 12 1 10 12 1 10 12 1 7 1 6 0 6 0 10 12 1 10 12 1 10 12 1 10 12 1 10 12 1 10 12 1 1 10 12 1 10 12 1 10 12 1 10 12 1 10 12 1 10 7 12 1 1 1 100 1 3 3 3 10 7 12 1 1 1 100 1 5 0 5 0 5 0 5 0 5 0 9 100 12 1 1 1 10 100 12 1 1 1 100 1 8 1 10 12 1 8 1 10 12 1 1 10 12 1 1 100 1 5 0 5 0 100 1 3 5 0 3 5 0 10 12 1 10 12 1 8 1 10 12 1 8 1 9 12 1 1 9 12 1 10 12 1 1 6 0 10 12 1 9 12 1 1 100 1 10 10 12 1 100 1 10 12 1 10 12 1 1 10 12 1 10 12 1 10 12 1 10 12 1 1 10 12 1 1 10 12 1 1 10 12 6 0 10 12 1 1 10 12 1 1 10 12 10 12 1 4 10 12 1 1 10 12 1 10 12 1 10 12 10 12 1 10 12 1 10 12 1 10 12 1 10 12 1 10 12 1 10 12 1 5 0 6 0 4 6 0 4 6 0 4 10 12 1 1 9 12 1 1 10 12 1 9 12 1 10 7 12 1 1 1 4 6 0 1 1 6 0 1 6 0 1 1 1 1 1 1 1 1 1 1 1 1 1 1 1 1 1 1 1 1 1 1 1 1 1 1 1 1 1 1 1 1 1 1 1 1 1 1 1 1 1 1 1 1 1 1 1 1 1 1 1 1 1 1 1 1 1 1 1 1 1 1 1 1 1 1 1 1 1 1 1 1 1 1 1 1 1 1 1 1 1 1 1 1 1 1 1 1 1 1 1 1 1 1
staticfield java/lang/Math negativeZeroFloatBits J -2147483648
staticfield java/lang/Math negativeZeroDoubleBits J -9223372036854775808
staticfield java/lang/Math $assertionsDisabled Z 1
ciInstanceKlass java/util/Arrays 1 1 988 10 7 12 1 1 1 10 7 12 1 1 1 10 7 12 1 1 1 10 12 1 10 12 1 10 12 1 10 12 1 10 12 1 10 12 1 10 100 12 1 1 1 100 1 100 1 10 8 1 10 12 1 1 10 12 1 8 1 8 1 10 12 1 1 10 12 1 100 1 10 12 1 9 100 12 1 1 1 10 7 12 1 1 100 1 10 12 1 1 10 7 12 1 1 10 7 12 1 1 1 100 1 10 12 1 10 12 1 1 7 1 9 7 12 1 1 1 10 12 1 1 10 7 12 1 1 10 12 1 10 12 1 1 10 12 1 10 12 1 1 7 1 11 12 1 1 10 12 1 10 7 12 1 1 1 10 12 10 12 1 10 12 1 10 12 10 12 1 11 100 12 1 1 1 10 7 12 1 1 1 100 1 10 12 1 10 100 1 10 12 1 10 100 1 10 12 1 10 100 1 10 12 1 10 10 12 1 1 10 12 1 10 12 1 10 12 1 10 12 1 10 12 1 10 100 12 1 1 1 10 12 1 10 100 12 1 1 1 10 12 1 10 12 1 10 7 12 1 1 1 10 12 1 10 12 1 10 12 1 10 12 1 10 12 1 10 12 1 10 12 1 10 12 1 10 12 1 10 12 1 10 12 1 10 12 1 10 12 1 10 12 1 10 12 1 10 12 1 1 10 12 1 1 10 7 12 1 1 1 10 12 1 8 1 7 1 10 12 10 12 1 10 12 1 1 10 12 1 1 9 100 12 1 1 1 100 1 10 12 1 9 100 1 100 1 10 12 1 9 100 1 100 1 10 12 1 9 100 1 100 1 10 12 1 9 100 1 100 1 10 12 1 9 100 1 100 1 10 12 1 9 100 1 10 12 1 100 1 10 12 1 10 12 1 9 12 1 100 1 10 10 12 1 1 10 12 1 10 12 1 10 12 1 10 12 1 10 12 1 10 12 1 10 12 1 10 12 1 10 12 1 8 1 8 1 10 12 1 10 12 1 8 1 10 12 1 10 12 1 10 12 1 10 100 12 1 1 1 3 10 100 1 10 10 12 1 1 11 100 12 1 1 10 12 1 1 10 12 1 10 12 1 10 12 1 10 12 1 10 12 1 10 12 1 10 12 1 10 12 1 11 12 1 8 1 10 11 12 1 11 100 12 1 1 1 11 100 12 1 1 1 11 12 1 1 18 12 1 1 11 12 1 1 11 100 12 1 1 1 18 12 1 11 100 12 1 1 1 18 12 1 11 100 12 1 1 1 18 12 1 100 1 10 7 12 1 1 1 10 12 1 10 12 1 10 12 1 10 12 1 10 12 1 10 12 1 10 12 1 10 12 1 1 10 12 1 10 7 12 1 1 10 12 1 10 12 1 10 12 1 1 10 12 1 10 12 1 10 12 1 1 10 12 1 10 12 1 10 12 1 1 10 12 1 10 12 1 10 12 1 10 12 1 10 12 10 12 1 10 12 10 12 10 12 1 10 12 10 12 1 10 12 1 10 12 1 1 1 1 3 1 3 1 1 1 1 1 1 1 1 1 1 1 1 1 1 1 1 1 1 1 1 1 1 1 1 1 1 1 1 1 1 1 1 1 1 1 1 1 1 1 1 1 1 1 1 1 1 1 1 1 1 1 1 1 1 1 1 1 1 1 1 1 1 1 1 1 1 1 1 1 1 1 1 1 1 1 1 1 1 1 1 1 1 1 1 1 1 1 1 1 1 1 1 1 1 1 1 1 1 1 1 1 1 1 1 1 1 1 1 1 1 1 1 1 1 1 1 1 1 1 1 1 1 1 1 1 1 1 1 1 1 1 1 1 1 1 1 1 1 1 1 1 1 1 1 1 1 1 1 1 1 1 1 1 1 1 1 1 1 1 1 1 1 1 1 1 1 1 1 1 1 1 1 1 1 1 1 1 1 1 1 1 1 1 1 1 1 1 1 1 1 1 1 1 1 1 1 1 1 1 1 1 1 1 1 1 1 1 1 1 1 1 1 1 1 1 1 1 1 1 1 1 1 1 1 1 1 1 1 1 1 1 1 1 1 1 1 1 1 1 1 1 1 1 1 1 1 1 1 1 1 1 1 1 1 1 1 1 1 1 1 1 100 1 1 15 10 100 12 1 1 1 16 15 10 12 15 10 12 15 10 12 15 10 12 1 1 100 1 100 1 1 1 1 100 1 1 1 1 1 1 100 1 1 100 1 1 100 1 1 1 100 1 100 1 1
staticfield java/util/Arrays $assertionsDisabled Z 1
ciMethod java/lang/StringLatin1 equals ([B[B)Z 844 556 1892 0 -1
ciMethod java/lang/StringLatin1 inflate ([BI[CII)V 314 31032 1011 0 -1
ciMethod java/lang/StringLatin1 toChars ([B)[C 502 0 6488 0 416
ciMethod java/lang/StringLatin1 lastIndexOf ([BI[BII)I 1248 8822 4961 0 416
ciMethod java/lang/StringLatin1 newString ([BII)Ljava/lang/String; 362 0 10445 0 1120
ciMethod java/lang/StringLatin1 trim ([B)Ljava/lang/String; 530 658 7784 0 1568
ciInstanceKlass java/lang/StringUTF16 1 1 598 100 1 7 1 10 100 12 1 1 1 100 1 10 7 1 3 100 1 100 1 10 8 1 10 12 1 1 10 12 1 8 1 10 12 1 1 10 12 1 9 12 1 1 10 12 1 1 100 1 8 1 10 12 1 9 12 1 1 9 12 1 10 10 12 1 1 10 12 1 1 10 100 12 1 1 1 10 12 1 10 12 1 1 10 12 1 1 10 12 1 1 10 12 1 1 10 12 1 10 12 1 1 10 12 1 1 10 12 1 1 10 12 1 1 10 12 1 10 12 1 10 12 1 1 10 12 1 100 1 10 12 1 10 10 12 1 1 10 12 1 10 12 1 1 10 12 1 10 7 12 1 1 1 10 100 12 1 1 1 10 12 10 12 1 1 10 12 1 10 12 1 1 10 12 1 1 10 12 1 10 12 1 10 12 1 3 10 12 1 1 10 12 1 10 12 1 10 12 1 10 12 1 10 12 1 10 12 1 1 9 12 1 10 12 1 10 12 1 10 12 1 10 12 1 10 12 1 10 10 12 10 12 10 10 100 12 1 1 1 10 7 12 1 1 1 10 12 1 10 12 1 100 1 8 1 8 1 10 12 1 1 100 1 10 10 100 12 1 1 1 10 100 12 1 1 8 1 8 1 8 1 10 12 1 1 10 12 1 1 10 12 10 12 1 10 100 12 1 1 10 12 1 1 10 12 1 1 10 12 1 10 12 10 12 10 12 1 10 12 10 12 1 10 12 1 10 12 1 10 12 1 10 12 1 10 100 12 1 1 1 10 100 12 1 1 1 10 12 1 1 10 12 1 1 11 100 12 1 1 10 12 1 10 12 1 10 12 1 1 9 12 1 1 9 12 1 5 0 5 0 10 12 1 10 12 10 12 10 7 12 1 1 1 10 12 1 1 1 1 1 1 1 1 1 1 1 1 1 1 1 1 1 1 1 1 1 1 1 1 1 1 1 1 1 1 1 100 1 1 1 1 1 1 1 1 1 1 1 1 1 1 1 1 1 1 1 1 1 1 1 1 1 1 1 1 1 1 1 1 1 1 1 1 1 1 1 1 1 1 1 1 1 1 1 1 1 1 1 1 1 1 1 1 1 1 1 1 1 1 1 1 1 1 1 1 1 1 1 1 1 1 1 1 1 1 1 1 1 1 100 1 1 1 1 1 1 1 1 1 1 1 1 1 1 1 1 1 100 1 1 1 1 1 1 1 1 1 1 1 1 1 1 1 1 1 1 1 1 1 1 1 1 1 1 1 1 1 1 1 1 1 1 1 1 1 1 1 1 1 1 1 1 1 1 1 1 1 1 1 1 1 1 1 1 1 1 1 1 1 100 1 100 1 1 1 1 1
staticfield java/lang/StringUTF16 HI_BYTE_SHIFT I 0
staticfield java/lang/StringUTF16 LO_BYTE_SHIFT I 8
staticfield java/lang/StringUTF16 $assertionsDisabled Z 1
ciMethod java/lang/StringUTF16 compress ([BII)[B 774 0 12282 0 -1
ciMethod java/lang/StringUTF16 getChars ([BII[CI)V 22 20872 2698 0 -1
ciMethod java/lang/StringUTF16 getChars (III[B)I 0 0 1 0 -1
ciMethod java/lang/StringUTF16 getChar ([BI)C 1024 0 10376 0 -1
ciMethod java/lang/StringUTF16 newBytesFor (I)[B 0 0 8194 0 -1
ciMethod java/lang/StringUTF16 toChars ([B)[C 10 0 6 0 0
ciMethod java/lang/StringUTF16 lastIndexOf ([BI[BII)I 0 0 1 0 -1
ciMethod java/lang/StringUTF16 lastIndexOfLatin1 ([BI[BII)I 0 0 1 0 -1
ciMethod java/lang/StringUTF16 newString ([BII)Ljava/lang/String; 0 0 12255 0 1152
ciMethod java/lang/StringUTF16 trim ([B)Ljava/lang/String; 0 0 1 0 -1
instanceKlass java/lang/Exception
instanceKlass java/lang/Error
ciInstanceKlass java/lang/Throwable 1 1 393 10 7 12 1 1 1 9 7 12 1 1 1 9 12 1 1 9 12 1 9 12 1 1 9 12 1 10 12 1 1 9 12 1 1 10 12 1 1 10 12 1 100 1 7 1 10 8 1 10 12 1 1 8 1 10 100 12 1 1 10 10 12 1 100 1 8 1 10 10 12 1 1 10 7 12 1 1 10 12 1 8 1 9 7 12 1 1 1 10 12 1 1 7 1 10 12 10 12 1 7 1 10 10 7 12 1 1 1 11 7 12 1 1 1 10 7 12 1 1 1 10 12 1 1 10 12 1 1 8 1 10 12 1 10 12 1 1 8 1 8 1 10 12 1 1 10 12 1 8 1 8 1 9 12 1 1 10 100 12 1 1 100 1 10 11 12 1 8 1 8 1 10 7 12 1 1 8 1 10 12 1 8 1 100 1 10 12 1 9 12 1 1 10 12 1 10 100 12 1 9 12 1 1 10 12 1 1 100 1 8 1 10 12 1 10 100 12 1 1 10 12 1 1 100 1 10 100 12 1 1 1 10 12 1 11 100 12 1 1 1 11 100 12 1 1 1 11 12 1 8 1 10 12 1 1 8 1 10 10 9 100 12 1 1 1 8 1 10 12 1 1 10 100 1 8 1 10 11 12 1 1 8 1 9 12 1 10 100 12 1 1 11 9 12 1 1 11 12 1 1 100 10 12 1 10 12 1 1 100 1 1 1 1 5 0 1 1 1 1 1 1 1 1 1 1 1 1 1 100 1 1 1 1 1 1 1 1 1 1 1 1 1 1 1 1 1 1 1 1 1 1 1 1 1 1 1 1 1 1 1 1 1 1 1 1 1 1 1 1 1 1 100 1 100 1 1 1 1 1 1 1 1 1 1 1 1 1 1 1 1 1 1
staticfield java/lang/Throwable UNASSIGNED_STACK [Ljava/lang/StackTraceElement; 0 [Ljava/lang/StackTraceElement;
staticfield java/lang/Throwable SUPPRESSED_SENTINEL Ljava/util/List; java/util/Collections$EmptyList
staticfield java/lang/Throwable EMPTY_THROWABLE_ARRAY [Ljava/lang/Throwable; 0 [Ljava/lang/Throwable;
staticfield java/lang/Throwable $assertionsDisabled Z 1
instanceKlass org/fhir/ucum/UcumException
instanceKlass net/sf/saxon/om/NamespaceException
instanceKlass net/sf/saxon/om/QNameException
instanceKlass net/sf/saxon/s9api/SaxonApiException
instanceKlass javax/xml/transform/TransformerException
instanceKlass javax/xml/parsers/ParserConfigurationException
instanceKlass java/net/URISyntaxException
instanceKlass java/lang/CloneNotSupportedException
instanceKlass org/xmlpull/v1/XmlPullParserException
instanceKlass ch/qos/logback/core/boolex/EvaluationException
instanceKlass java/lang/InterruptedException
instanceKlass ch/qos/logback/core/util/PropertySetterException
instanceKlass javax/naming/NamingException
instanceKlass ch/qos/logback/core/joran/spi/ActionException
instanceKlass org/xml/sax/SAXException
instanceKlass java/security/GeneralSecurityException
instanceKlass ch/qos/logback/core/spi/ScanException
instanceKlass ch/qos/logback/core/util/DynamicClassLoadingException
instanceKlass ch/qos/logback/core/util/IncompatibleClassException
instanceKlass ch/qos/logback/core/joran/spi/JoranException
instanceKlass java/security/PrivilegedActionException
instanceKlass java/text/ParseException
instanceKlass org/hl7/fhir/r5/utils/EOperationOutcome
instanceKlass java/io/IOException
instanceKlass java/lang/ReflectiveOperationException
instanceKlass java/lang/RuntimeException
ciInstanceKlass java/lang/Exception 1 1 40 10 7 12 1 1 1 10 12 1 10 12 1 10 12 1 10 12 1 100 1 1 1 1 5 0 1 1 1 1 1 1 1 1 1 1 1 1 1 1
instanceKlass java/lang/reflect/InvocationTargetException
instanceKlass java/lang/InstantiationException
instanceKlass java/lang/IllegalAccessException
instanceKlass java/lang/NoSuchFieldException
instanceKlass java/lang/NoSuchMethodException
instanceKlass java/lang/ClassNotFoundException
ciInstanceKlass java/lang/ReflectiveOperationException 1 1 34 10 7 12 1 1 1 10 12 1 10 12 1 10 12 1 100 1 1 1 1 5 0 1 1 1 1 1 1 1 1 1 1 1
instanceKlass org/w3c/dom/DOMException
instanceKlass ca/uhn/fhir/rest/server/exceptions/BaseServerResponseException
instanceKlass org/hl7/fhir/r5/utils/client/EFhirClientException
instanceKlass net/sf/saxon/s9api/SaxonApiUncheckedException
instanceKlass net/sf/saxon/om/NamePool$NamePoolLimitException
instanceKlass net/sf/saxon/trans/LicenseException
instanceKlass org/apache/tools/ant/BuildException
instanceKlass java/util/ConcurrentModificationException
instanceKlass com/google/gson/JsonParseException
instanceKlass ca/uhn/fhir/parser/DataFormatException
instanceKlass java/lang/UnsupportedOperationException
instanceKlass ch/qos/logback/core/LogbackException
instanceKlass java/lang/IndexOutOfBoundsException
instanceKlass java/lang/SecurityException
instanceKlass java/lang/IllegalStateException
instanceKlass java/util/NoSuchElementException
instanceKlass org/hl7/fhir/exceptions/FHIRException
instanceKlass java/lang/IllegalArgumentException
instanceKlass java/lang/ArithmeticException
instanceKlass java/lang/NullPointerException
instanceKlass java/lang/IllegalMonitorStateException
instanceKlass java/lang/ArrayStoreException
instanceKlass java/lang/ClassCastException
ciInstanceKlass java/lang/RuntimeException 1 1 40 10 7 12 1 1 1 10 12 1 10 12 1 10 12 1 10 12 1 100 1 1 1 1 5 0 1 1 1 1 1 1 1 1 1 1 1 1 1 1
instanceKlass java/nio/charset/IllegalCharsetNameException
instanceKlass java/nio/charset/UnsupportedCharsetException
instanceKlass java/lang/NumberFormatException
ciInstanceKlass java/lang/IllegalArgumentException 1 1 35 10 7 12 1 1 1 10 12 1 10 12 1 10 12 1 100 1 1 1 1 5 0 1 1 1 1 1 1 1 1 1 1 1 1
instanceKlass javax/xml/transform/TransformerFactoryConfigurationError
instanceKlass javax/xml/parsers/FactoryConfigurationError
instanceKlass java/lang/AssertionError
instanceKlass java/lang/VirtualMachineError
instanceKlass java/lang/LinkageError
instanceKlass java/lang/ThreadDeath
ciInstanceKlass java/lang/Error 1 1 40 10 7 12 1 1 1 10 12 1 10 12 1 10 12 1 10 12 1 100 1 1 1 1 5 0 1 1 1 1 1 1 1 1 1 1 1 1 1 1
instanceKlass java/lang/StackOverflowError
instanceKlass java/lang/OutOfMemoryError
instanceKlass java/lang/InternalError
ciInstanceKlass java/lang/VirtualMachineError 1 1 34 10 100 12 1 1 1 10 12 1 10 12 1 10 12 1 100 1 1 1 1 5 0 1 1 1 1 1 1 1 1 1 1 1
ciInstanceKlass java/lang/StackOverflowError 1 1 26 10 100 12 1 1 1 10 12 1 100 1 1 1 1 5 0 1 1 1 1 1 1 1 1 1
instanceKlass java/lang/IncompatibleClassChangeError
instanceKlass java/lang/BootstrapMethodError
instanceKlass java/lang/NoClassDefFoundError
ciInstanceKlass java/lang/LinkageError 1 1 31 10 7 12 1 1 1 10 12 1 10 12 1 100 1 1 1 1 5 0 1 1 1 1 1 1 1 1 1 1 1
ciInstanceKlass java/lang/ArrayStoreException 1 1 26 10 100 12 1 1 1 10 12 1 100 1 1 1 1 5 0 1 1 1 1 1 1 1 1 1
ciMethod java/lang/Error <init> (Ljava/lang/String;)V 28 0 16 0 -1
ciInstanceKlass java/lang/ThreadDeath 0 0 21 10 100 12 1 1 1 100 1 1 1 1 5 0 1 1 1 1 1 1 1
ciInstanceKlass java/util/Collections 1 1 851 10 7 12 1 1 1 11 7 12 1 1 1 7 1 11 12 1 1 7 1 10 12 1 1 10 12 1 11 12 1 1 100 1 11 12 1 1 11 12 1 1 10 12 1 11 100 12 1 1 11 12 1 1 11 12 1 10 12 1 10 12 1 10 12 11 100 12 1 1 1 10 12 1 1 11 12 1 11 12 1 1 9 12 1 1 100 1 10 10 12 1 1 10 12 1 1 11 12 1 1 10 12 1 11 12 1 100 1 8 1 10 12 1 11 7 12 1 1 1 11 100 1 11 12 1 1 10 12 1 1 10 12 1 10 12 1 1 10 12 1 11 12 1 1 10 12 1 1 10 12 1 1 10 12 1 1 10 12 1 1 100 1 10 12 1 7 1 10 12 1 100 1 10 12 1 100 1 10 12 1 7 1 7 1 10 12 10 7 1 10 12 1 100 1 10 12 1 100 1 10 12 1 7 1 10 10 12 1 7 1 10 10 12 1 100 1 10 100 1 10 7 1 10 100 1 10 10 12 1 10 7 1 10 100 1 10 100 1 10 100 1 10 12 1 10 100 12 1 1 1 100 1 100 1 10 12 1 100 1 10 12 1 100 1 10 12 1 100 1 10 12 1 100 1 10 12 1 100 1 10 100 1 10 12 1 100 1 10 12 1 100 1 10 12 1 9 7 12 1 1 1 9 100 12 1 1 9 7 12 1 1 1 9 12 1 1 9 12 1 1 9 12 1 1 9 12 1 1 9 12 1 1 7 1 10 12 7 1 10 100 1 10 100 1 10 7 1 10 12 1 100 1 100 1 10 8 1 10 12 1 1 10 12 1 10 12 1 1 10 100 1 10 12 1 9 7 12 1 1 1 9 100 12 1 1 1 100 1 9 12 1 1 10 12 7 1 10 7 1 10 11 7 12 1 1 11 12 1 10 12 1 100 1 11 11 12 1 11 7 1 10 100 1 10 100 12 1 1 1 100 1 10 12 1 7 1 10 7 1 10 7 1 10 1 1 1 3 1 3 1 3 1 3 1 3 1 3 1 3 1 3 1 1 1 1 1 1 1 1 1 1 1 1 1 1 1 1 1 1 1 1 1 1 1 1 1 1 1 1 1 1 1 1 1 1 1 1 1 1 1 1 1 1 1 1 1 1 1 1 1 1 1 1 1 1 1 1 1 1 1 1 1 1 1 1 1 1 1 1 1 1 1 1 1 1 1 1 1 1 1 1 1 1 1 1 1 1 1 1 1 1 1 1 1 1 1 1 1 1 1 1 1 1 1 1 1 1 1 1 1 1 1 1 1 1 1 1 1 1 1 1 1 1 1 1 1 1 1 1 1 1 1 1 1 1 1 1 1 1 1 1 1 1 1 1 1 1 1 1 1 1 1 1 1 1 1 1 1 1 1 1 1 1 1 1 1 1 1 1 1 1 1 1 1 1 1 1 1 1 1 1 1 1 1 1 1 1 1 1 1 1 1 1 1 1 1 1 1 1 1 1 1 1 1 1 1 1 1 1 1 1 1 1 1 1 1 1 1 1 1 1 1 1 1 1 1 1 1 1 1 1 1 1 1 1 1 1 1 1 1 1 1 1 1 1 1 1 1 1 1 1 1 1 1 1 1 1 1 1 1 1 1 1 1 1 1 1 1 1 1 1 1 1 1 1 1 1 1 1 1 1 1 1 1 1 1 1 1 1 1 1 1 1 1 1 1 1 1 1 1 1 1 1 1 1 1 1 1 1 1 1 100 1 100 1 100 1 100 1 100 1 100 1 100 1 100 1 100 1 100 1 100 1 100 1 100 1 1 1 1 1 1 1 1 1 1 1 1 1 1 1 1 1 1 1 1 1 1 1 1 1 1 1 1 1 1 1 1 1 1 1 1 1 1 1 100 1 1 1 1 1 1 1 1 1 1 1 1 1 1
staticfield java/util/Collections EMPTY_SET Ljava/util/Set; java/util/Collections$EmptySet
staticfield java/util/Collections EMPTY_LIST Ljava/util/List; java/util/Collections$EmptyList
staticfield java/util/Collections EMPTY_MAP Ljava/util/Map; java/util/Collections$EmptyMap
ciInstanceKlass java/lang/StackTraceElement 1 1 224 10 7 12 1 1 1 10 7 12 1 1 9 12 1 1 9 12 1 1 9 12 1 9 12 1 8 1 10 100 12 1 1 1 7 1 9 12 1 8 1 9 12 1 9 12 1 9 12 1 1 8 1 10 12 1 1 10 12 1 7 1 10 10 12 1 1 8 1 10 12 1 1 10 12 1 8 1 8 1 8 1 10 12 1 8 1 8 1 10 12 1 8 1 8 1 10 12 1 1 10 12 1 10 12 1 1 10 12 1 9 12 1 1 10 7 12 1 1 1 10 12 1 1 7 1 10 12 1 1 10 7 12 1 1 10 7 12 1 1 1 10 7 12 1 1 10 100 12 1 1 10 10 12 1 1 10 12 1 10 12 1 1 100 1 1 1 1 1 3 1 3 1 1 5 0 1 1 1 1 1 1 1 1 1 1 1 1 1 1 1 1 1 1 1 1 1 1 1 1 1 1 100 1 100 1 1 1 1 1 1 1 1 1 1 100 1 1 1 1 1 1 1 1
instanceKlass org/apache/tools/ant/types/resources/Resources$MyCollection
instanceKlass java/util/Hashtable$ValueCollection
instanceKlass java/util/LinkedHashMap$LinkedValues
instanceKlass java/util/HashMap$Values
instanceKlass java/util/AbstractQueue
instanceKlass java/util/ArrayDeque
instanceKlass java/util/AbstractSet
instanceKlass java/util/ImmutableCollections$AbstractImmutableCollection
instanceKlass java/util/AbstractList
ciInstanceKlass java/util/AbstractCollection 1 1 160 10 7 12 1 1 1 10 7 12 1 1 1 10 12 1 1 11 7 12 1 1 1 11 12 1 1 10 12 1 1 10 100 12 1 1 1 10 12 1 1 10 12 1 1 10 7 12 1 1 10 7 12 1 1 1 7 1 10 100 12 1 1 1 10 100 12 1 1 1 100 1 10 11 12 1 11 7 1 10 12 1 10 12 1 10 7 12 1 1 1 11 8 1 7 1 10 10 12 1 1 8 1 10 12 1 10 12 1 1 1 1 1 1 1 1 1 1 1 1 1 1 1 1 1 1 1 1 1 1 1 1 1 1 1 1 1 1 1 1 1 1 1 1 1 1 1 1 1 1 1 1 1 1 1 1 1 1 1 1
ciInstanceKlass java/lang/Boolean 1 1 151 10 7 12 1 1 1 9 7 12 1 1 1 10 12 1 1 10 12 1 8 1 10 7 12 1 1 9 12 1 1 9 12 1 8 1 10 12 1 1 10 12 1 1 10 7 12 1 1 1 100 1 100 1 10 12 1 1 9 100 12 1 1 9 12 10 100 12 1 1 1 10 12 1 1 8 1 10 7 12 1 1 1 9 12 1 1 100 1 100 1 100 1 1 1 1 1 1 5 0 1 1 1 1 1 1 1 1 1 1 3 1 1 1 1 1 1 1 1 1 1 1 1 1 1 1 1 1 1 1 1 100 1 1 1 1 1 1 1 1 1 1 100 1 1 1 1 1 1 1 1
staticfield java/lang/Boolean TRUE Ljava/lang/Boolean; java/lang/Boolean
staticfield java/lang/Boolean FALSE Ljava/lang/Boolean; java/lang/Boolean
staticfield java/lang/Boolean TYPE Ljava/lang/Class; java/lang/Class
instanceKlass java/util/concurrent/locks/AbstractQueuedSynchronizer
ciInstanceKlass java/util/concurrent/locks/AbstractOwnableSynchronizer 1 1 32 10 7 12 1 1 1 9 7 12 1 1 1 100 1 1 1 1 5 0 1 1 1 1 1 1 1 1 1 1 1 1
instanceKlass java/lang/LiveStackFrameInfo
ciInstanceKlass java/lang/StackFrameInfo 0 0 132 10 100 12 1 1 1 9 100 12 1 1 1 9 100 1 9 12 1 1 11 100 12 1 1 1 9 12 1 1 11 12 1 1 10 12 1 1 10 100 12 1 1 1 10 12 1 11 12 1 11 12 1 1 11 12 1 10 12 1 1 9 12 1 1 10 12 1 1 10 100 12 1 1 10 12 1 1 11 12 1 1 10 12 1 9 12 1 1 10 12 1 1 100 1 8 1 10 12 1 10 100 12 1 1 1 100 1 1 1 1 1 1 1 1 1 1 1 1 1 1 1 1 1 1 100 1 1 1 1 1 1
ciInstanceKlass java/lang/LiveStackFrameInfo 0 0 97 10 100 12 1 1 1 9 100 12 1 1 1 9 12 1 9 12 1 9 12 1 9 12 1 1 100 1 10 12 1 1 10 12 1 8 1 10 12 1 1 8 1 8 1 8 1 10 100 1 10 12 1 100 1 10 12 1 100 1 100 1 1 1 3 1 3 1 1 1 1 1 1 1 1 1 1 1 1 1 1 1 1 1 1 1 1 1 1 1 1 1 1 1 100 1 1
ciInstanceKlass java/lang/Character 1 1 576 7 1 100 1 100 1 9 12 1 1 8 1 9 12 1 1 100 1 9 12 1 1 10 100 12 1 1 1 10 100 12 1 1 1 10 100 12 1 1 1 10 7 12 1 1 1 9 7 12 1 1 1 10 12 1 10 12 1 1 10 12 1 1 10 7 12 1 1 10 12 1 1 3 3 3 3 3 10 12 1 1 10 12 1 3 11 7 12 1 1 1 11 12 1 1 10 12 1 1 10 12 1 1 100 1 10 10 12 1 3 10 12 1 1 10 12 1 10 12 1 1 100 1 8 1 10 12 1 1 10 12 1 10 12 1 10 12 1 10 12 1 10 12 1 1 10 12 1 10 7 12 1 1 10 10 12 1 10 10 12 1 10 12 1 1 10 12 1 10 10 12 1 10 12 1 10 12 1 10 12 1 10 12 1 10 12 1 10 12 1 10 12 10 10 12 10 10 12 1 10 10 12 1 10 10 12 1 10 10 12 1 10 10 12 1 10 10 12 1 10 10 12 1 1 10 10 12 1 10 5 0 10 12 1 10 12 1 10 10 12 1 10 10 12 1 1 10 10 12 1 10 10 12 1 9 12 1 1 100 1 10 10 12 1 10 12 1 1 3 10 100 12 1 1 1 10 12 1 10 100 12 1 1 100 1 10 10 12 1 1 10 12 1 1 10 12 1 1 8 1 10 12 1 9 100 12 1 1 1 10 12 1 10 10 12 1 10 12 1 1 10 12 1 10 10 12 1 1 10 10 12 1 1 100 1 8 1 10 12 1 1 10 7 12 1 1 1 8 1 10 12 1 1 9 12 1 1 100 1 100 1 100 1 1 1 1 3 1 3 1 3 1 3 1 1 1 1 1 3 1 1 3 1 3 1 3 1 3 1 3 1 3 1 3 1 3 1 3 1 3 1 3 1 3 1 3 1 3 1 3 1 3 1 3 1 3 1 3 1 3 1 3 1 3 1 3 1 3 1 3 1 3 1 3 1 3 1 1 1 1 1 1 1 1 1 1 1 1 1 1 1 1 1 1 1 3 1 1 1 1 1 1 1 3 1 1 3 1 1 1 1 1 3 1 1 5 0 1 1 1 1 1 1 1 1 1 1 1 1 1 1 1 1 1 1 1 1 1 1 1 1 1 1 1 1 1 1 1 1 1 1 1 1 1 1 1 1 1 1 1 1 1 1 1 1 1 1 1 1 1 1 1 1 1 1 1 1 1 1 1 1 1 1 1 1 1 1 1 1 1 1 1 1 1 1 1 1 1 1 1 1 1 1 1 1 1 100 1 100 1 1 1 1 1 1
staticfield java/lang/Character TYPE Ljava/lang/Class; java/lang/Class
staticfield java/lang/Character $assertionsDisabled Z 1
ciInstanceKlass java/lang/Float 1 1 223 7 1 100 1 10 100 12 1 1 1 10 100 12 1 1 1 4 100 1 10 12 1 1 10 12 1 1 8 1 8 1 10 100 12 1 1 1 10 12 1 1 10 12 1 1 10 4 4 4 10 7 12 1 1 9 12 1 1 10 12 1 1 10 12 1 10 12 1 10 12 1 1 10 12 1 10 12 1 3 10 12 1 1 10 12 1 1 10 12 1 10 100 12 1 1 1 10 12 1 1 10 12 1 1 8 1 10 7 12 1 1 1 9 12 1 1 100 1 100 1 100 1 1 1 1 1 4 1 1 1 4 1 1 3 1 3 1 3 1 3 1 1 1 1 5 0 1 1 1 1 1 1 1 1 1 1 100 1 1 1 1 1 1 1 1 1 1 1 1 1 3 1 1 1 1 1 1 1 1 1 1 1 1 1 1 1 1 1 1 1 1 1 1 1 1 1 1 1 1 1 1 1 1 1 1 1 1 1 1 100 1 1 1 1 1 1 1 100 1 100 1 1
staticfield java/lang/Float TYPE Ljava/lang/Class; java/lang/Class
instanceKlass java/math/BigDecimal
instanceKlass com/google/gson/internal/LazilyParsedNumber
instanceKlass java/util/concurrent/atomic/Striped64
instanceKlass java/math/BigInteger
instanceKlass java/util/concurrent/atomic/AtomicLong
instanceKlass java/util/concurrent/atomic/AtomicInteger
instanceKlass java/lang/Long
instanceKlass java/lang/Integer
instanceKlass java/lang/Short
instanceKlass java/lang/Byte
instanceKlass java/lang/Double
instanceKlass java/lang/Float
ciInstanceKlass java/lang/Number 1 1 37 10 7 12 1 1 1 10 100 12 1 1 1 100 1 1 1 1 5 0 1 1 1 1 1 1 1 1 1 1 1 1 1 1 1 1 1
ciInstanceKlass java/lang/Double 1 1 285 7 1 100 1 10 7 12 1 1 1 10 12 1 1 10 12 1 100 1 10 12 1 1 10 100 12 1 1 1 6 0 8 1 10 12 1 1 8 1 10 12 1 1 8 1 6 0 10 12 1 1 100 1 5 0 5 0 8 1 8 1 10 100 12 1 1 1 10 100 12 1 1 1 8 1 10 12 1 1 8 1 8 1 8 1 10 12 1 1 10 12 1 10 12 1 1 10 12 1 10 12 1 10 12 1 1 10 12 1 10 6 0 6 0 6 0 10 7 12 1 1 9 12 1 1 10 12 1 10 12 1 10 12 1 10 12 1 5 0 10 12 1 1 10 12 1 10 12 1 10 100 12 1 1 1 10 12 1 1 10 12 1 1 8 1 10 7 12 1 1 1 9 12 1 1 100 1 100 1 100 1 1 1 1 1 6 0 1 1 1 6 0 1 1 3 1 3 1 3 1 3 1 1 1 1 5 0 1 1 1 1 1 1 1 1 1 1 1 1 1 1 1 1 100 1 1 1 1 1 1 1 1 1 1 1 1 3 1 1 1 1 1 1 1 1 1 1 1 1 1 1 1 1 1 1 1 1 1 1 1 1 1 1 1 1 1 1 1 1 1 1 100 1 1 1 1 1 1 1 100 1 100 1 1
staticfield java/lang/Double TYPE Ljava/lang/Class; java/lang/Class
ciInstanceKlass java/lang/Byte 1 1 215 7 1 100 1 10 100 12 1 1 1 9 12 1 1 8 1 9 12 1 1 100 1 10 12 1 1 10 12 1 1 10 100 12 1 1 1 10 100 12 1 1 1 9 100 12 1 1 1 10 12 1 1 100 1 100 1 10 12 1 1 8 1 10 12 1 1 8 1 10 12 1 10 12 1 10 12 1 10 12 1 1 10 12 1 10 12 1 10 12 1 1 10 8 1 8 1 10 7 1 9 12 1 1 10 12 1 10 12 1 1 10 12 1 1 10 12 1 1 10 12 1 5 0 10 12 1 1 8 1 10 7 12 1 1 1 9 12 1 1 100 1 100 1 1 1 3 1 3 1 1 1 1 3 1 3 1 1 5 0 1 1 1 1 1 1 1 1 1 1 1 1 1 1 1 1 1 1 1 1 1 1 1 1 1 1 1 1 1 1 1 1 1 1 1 1 1 1 1 1 1 1 1 1 1 1 1 1 1 1 1 1 1 1 1
staticfield java/lang/Byte TYPE Ljava/lang/Class; java/lang/Class
ciInstanceKlass java/lang/Short 1 1 224 7 1 100 1 100 1 10 100 12 1 1 1 10 12 1 1 100 1 100 1 10 12 1 1 8 1 10 12 1 1 8 1 10 12 1 10 12 1 10 12 1 10 12 1 1 10 12 1 1 10 12 1 9 12 1 1 8 1 9 12 1 1 100 1 10 12 1 1 10 12 1 10 100 12 1 1 1 10 100 12 1 1 1 9 100 12 1 1 1 10 12 1 10 12 1 1 10 8 1 8 1 10 100 1 9 12 1 1 10 12 1 10 12 1 1 10 12 1 1 10 12 1 1 10 12 1 3 3 5 0 10 12 1 1 8 1 10 7 12 1 1 1 9 12 1 1 100 1 100 1 1 1 3 1 3 1 1 1 1 3 1 3 1 1 5 0 1 1 1 1 1 1 1 1 1 1 1 1 1 1 1 1 1 1 1 1 1 1 1 1 1 1 1 3 1 1 1 1 1 1 1 1 1 1 1 1 1 1 1 1 1 1 1 1 1 1 1 1 1 1 1 1 1
staticfield java/lang/Short TYPE Ljava/lang/Class; java/lang/Class
ciInstanceKlass java/lang/Integer 1 1 445 7 1 100 1 7 1 7 1 10 12 1 1 9 12 1 1 9 12 1 1 10 100 12 1 1 1 10 12 1 1 10 100 12 1 1 1 10 10 12 1 1 10 100 12 1 1 1 10 12 1 10 12 1 1 10 7 12 1 1 1 10 12 1 1 10 12 1 1 10 12 1 10 12 1 10 12 1 1 10 10 12 1 9 12 1 1 9 12 1 7 1 8 1 10 12 1 100 1 10 12 1 8 1 10 12 1 1 10 12 1 8 1 10 12 1 8 1 10 12 1 1 3 10 12 1 1 3 10 12 1 1 10 12 1 1 10 7 12 1 1 1 11 7 1 100 1 10 11 10 12 1 1 8 1 10 12 1 1 8 1 100 1 10 12 1 1 10 12 1 1 5 0 8 1 10 12 1 10 12 1 10 12 1 10 12 1 1 7 1 9 12 1 1 9 12 1 1 10 12 1 10 7 1 9 12 1 10 12 1 10 12 1 10 12 1 1 10 7 12 1 1 1 100 1 100 1 10 12 1 1 10 12 1 1 8 1 8 1 10 12 1 1 8 1 8 1 8 1 8 1 8 1 8 1 10 12 1 10 12 1 10 12 1 5 0 3 3 3 3 10 12 1 3 10 12 1 10 100 12 1 1 1 10 12 1 1 10 12 1 1 8 1 10 7 12 1 1 1 9 12 1 1 3 3 3 3 3 3 9 12 1 1 100 1 100 1 100 1 1 1 1 1 1 1 3 1 3 1 1 5 0 1 1 1 1 1 1 1 1 1 100 1 1 1 1 1 1 1 1 1 1 1 1 1 1 1 1 1 1 1 1 1 1 1 1 1 1 1 1 1 1 1 1 1 1 1 1 1 1 1 3 1 1 1 1 1 1 1 1 1 1 1 1 1 1 1 1 100 1 1 1 1 1 1 1 1 1 1 1 1 1 1 1 1 1 1 1 1 1 1 1 1 1 1 1 1 1 1 1 100 1 1 1 1 1 1 1 1 1 100 1 100 1 1
staticfield java/lang/Integer TYPE Ljava/lang/Class; java/lang/Class
staticfield java/lang/Integer digits [C 36
staticfield java/lang/Integer DigitTens [B 100
staticfield java/lang/Integer DigitOnes [B 100
staticfield java/lang/Integer sizeTable [I 10
ciMethod java/lang/Integer toString (I)Ljava/lang/String; 924 0 10090 0 -1
ciMethod java/lang/Integer getChars (II[B)I 768 26 6770 0 -1
ciMethod java/lang/Integer valueOf (I)Ljava/lang/Integer; 30 0 8469 0 -1
ciMethod java/lang/Integer stringSize (I)I 512 174 12398 0 -1
ciInstanceKlass java/lang/Long 1 1 506 7 1 100 1 7 1 7 1 10 12 1 1 9 12 1 1 9 7 12 1 1 1 10 100 12 1 1 1 10 12 1 1 10 100 12 1 1 1 10 10 12 10 12 1 10 12 1 10 12 1 5 0 5 0 7 1 10 12 1 1 10 12 1 1 10 12 1 10 12 1 10 12 1 10 12 1 1 10 100 12 1 1 10 12 1 10 12 1 1 10 12 1 1 10 12 1 1 10 12 1 1 10 7 12 1 1 1 10 12 1 1 10 12 1 10 12 1 10 12 1 10 12 1 1 10 10 12 1 5 0 5 0 9 12 1 1 9 12 1 5 0 7 1 8 1 10 12 1 8 1 10 12 1 8 1 8 1 10 12 1 1 5 0 10 12 1 1 5 0 10 12 1 1 10 12 1 1 10 100 12 1 1 1 11 100 1 100 1 10 11 10 12 1 1 8 1 10 12 1 1 8 1 100 1 10 12 1 1 10 12 1 8 1 8 1 11 12 1 1 10 12 1 10 12 1 10 12 1 5 0 5 0 9 7 12 1 1 1 10 12 1 10 12 1 1 8 1 8 1 10 12 1 1 8 1 8 1 8 1 8 1 8 1 8 1 10 12 1 10 12 1 10 12 1 1 10 7 1 9 12 1 1 10 12 1 10 12 1 1 10 100 12 1 1 1 100 1 100 1 10 12 1 1 10 12 1 1 5 0 10 12 1 10 12 1 5 0 5 0 5 0 10 12 1 1 5 0 5 0 10 12 1 10 12 1 10 100 12 1 1 1 10 12 1 1 10 12 1 1 8 1 10 7 12 1 1 1 9 12 1 1 100 1 100 1 100 1 1 1 1 5 0 1 1 1 1 3 1 3 1 5 0 1 1 1 1 1 1 1 1 1 100 1 1 1 1 1 1 1 1 1 1 1 1 1 1 1 1 1 1 1 1 1 1 1 1 1 1 1 1 1 1 1 1 1 1 1 1 1 1 1 1 1 1 1 1 1 1 1 1 1 1 1 1 1 1 3 1 1 1 1 1 1 1 1 1 1 1 1 1 1 1 100 1 1 1 1 1 1 1 1 1 1 1 1 1 1 1 1 1 1 1 1 1 1 1 1 1 1 1 100 1 1 1 1 1 1 1 1 1 100 1 100 1 1
staticfield java/lang/Long TYPE Ljava/lang/Class; java/lang/Class
instanceKlass java/lang/ref/PhantomReference
instanceKlass java/lang/ref/FinalReference
instanceKlass java/lang/ref/WeakReference
instanceKlass java/lang/ref/SoftReference
ciInstanceKlass java/lang/ref/Reference 1 1 192 9 7 12 1 1 1 9 7 12 1 1 10 12 1 1 10 12 1 1 9 12 1 1 10 12 1 1 9 12 1 1 9 12 1 1 7 1 10 12 1 10 7 12 1 1 10 12 1 10 12 1 1 10 12 1 9 12 1 10 12 1 1 10 12 1 9 12 1 100 1 100 1 10 12 1 9 12 1 9 12 1 100 1 10 10 12 1 10 10 7 12 1 1 10 7 12 1 1 1 10 12 1 1 10 7 12 1 1 7 1 8 1 10 12 1 10 12 1 1 10 12 1 1 10 12 1 7 1 10 10 7 12 1 1 1 1 1 1 1 1 1 1 1 1 1 1 1 1 1 1 1 100 1 1 1 100 1 1 1 1 1 1 1 1 1 1 1 1 1 1 1 1 1 1 1 1 1 1 1 1 1 1 1 1 1 1 1 1 1 1 1
staticfield java/lang/ref/Reference processPendingLock Ljava/lang/Object; java/lang/Object
staticfield java/lang/ref/Reference $assertionsDisabled Z 1
instanceKlass java/util/ResourceBundle$BundleReference
instanceKlass sun/util/locale/provider/LocaleResources$ResourceReference
instanceKlass sun/util/resources/Bundles$BundleReference
instanceKlass java/lang/invoke/LambdaFormEditor$Transform
instanceKlass sun/util/locale/LocaleObjectCache$CacheEntry
ciInstanceKlass java/lang/ref/SoftReference 1 1 47 10 7 12 1 1 1 9 7 12 1 1 1 9 12 1 10 12 1 10 12 1 1 1 1 1 1 1 1 1 1 1 1 1 1 1 1 1 1 1 1 100 1 1 1 1 1
instanceKlass java/util/ResourceBundle$KeyElementReference
instanceKlass java/lang/ClassValue$Entry
instanceKlass java/lang/invoke/MethodType$ConcurrentWeakInternSet$WeakEntry
instanceKlass java/lang/ThreadLocal$ThreadLocalMap$Entry
instanceKlass java/util/WeakHashMap$Entry
ciInstanceKlass java/lang/ref/WeakReference 1 1 31 10 7 12 1 1 1 10 12 1 100 1 1 1 1 1 1 1 1 1 1 1 1 1 1 1 1 1 1 1 1
instanceKlass java/lang/ref/Finalizer
ciInstanceKlass java/lang/ref/FinalReference 1 1 47 10 7 12 1 1 1 10 7 12 1 1 1 10 12 1 1 100 1 8 1 10 12 1 1 1 1 1 1 1 1 1 1 1 1 1 1 1 1 1 1 1 1 1 1 1 1
ciInstanceKlass java/lang/ref/Finalizer 1 1 152 9 7 12 1 1 1 10 7 12 1 1 1 9 12 1 1 9 12 1 1 9 12 1 9 12 1 10 12 1 10 12 1 1 9 12 1 1 100 1 10 12 1 7 1 11 7 12 1 1 100 1 10 12 1 100 1 10 12 1 10 100 12 1 1 1 10 100 12 1 1 1 100 1 10 10 12 1 10 7 12 1 1 1 7 1 10 7 1 10 10 7 12 1 1 1 10 12 1 1 10 7 12 1 1 7 1 10 12 1 10 12 1 1 10 12 1 1 10 12 1 1 1 1 1 1 1 1 1 1 1 1 1 1 1 1 1 1 1 1 1 1 1 1 1 1 1 1 1 1 1 1
staticfield java/lang/ref/Finalizer lock Ljava/lang/Object; java/lang/Object
staticfield java/lang/ref/Finalizer $assertionsDisabled Z 1
instanceKlass jdk/internal/ref/PhantomCleanable
instanceKlass jdk/internal/ref/Cleaner
ciInstanceKlass java/lang/ref/PhantomReference 1 1 34 10 7 12 1 1 1 100 1 1 1 1 1 1 1 1 1 1 1 1 1 1 1 1 1 1 1 1 1 1 1 1 1 1
instanceKlass java/lang/reflect/Executable
instanceKlass java/lang/reflect/Field
ciInstanceKlass java/lang/reflect/AccessibleObject 1 1 398 10 7 12 1 1 1 9 100 12 1 1 1 10 100 12 1 1 1 10 7 12 1 1 10 7 12 1 1 1 10 100 12 1 1 1 10 12 1 1 10 12 1 1 9 12 1 1 100 1 10 7 12 1 1 1 11 12 1 100 1 10 12 1 7 1 100 1 10 12 1 10 12 1 1 7 1 10 7 12 1 1 1 10 12 1 1 7 1 10 12 1 1 7 1 10 10 10 7 12 1 1 1 10 12 1 1 10 12 1 10 12 1 10 12 1 1 10 12 1 8 1 100 1 10 10 12 1 1 8 1 10 12 1 10 12 1 8 1 8 1 8 1 8 1 8 1 8 1 100 1 10 12 1 10 12 1 9 12 1 1 10 12 1 1 10 12 1 10 11 100 1 100 1 8 1 10 10 12 1 10 12 1 1 8 1 10 12 1 8 1 10 12 1 1 10 100 1 8 1 10 11 7 12 1 1 10 12 1 1 10 12 1 1 10 12 1 1 9 12 1 1 100 1 10 12 1 7 1 10 12 1 10 12 1 1 10 100 1 10 12 1 10 12 10 12 1 10 12 1 1 10 12 1 10 12 1 1 10 12 1 9 12 1 10 100 12 1 1 8 1 10 100 12 1 1 1 8 1 10 100 12 1 1 1 9 12 1 100 1 10 7 1 10 10 7 12 1 1 1 7 1 10 10 7 12 1 1 1 7 1 9 12 1 1 1 1 1 1 1 1 1 1 1 1 1 1 1 1 1 1 1 1 1 1 1 1 1 1 1 1 1 1 1 1 1 1 1 1 1 1 1 1 1 1 1 1 1 1 1 1 1 1 1 1 1 1 1 1 1 1 1 1 1 1 1 1 1 1 1 1 1 1 1 1 1 1 1 1 1 1 1 1 1 1 1 1 1
staticfield java/lang/reflect/AccessibleObject reflectionFactory Ljdk/internal/reflect/ReflectionFactory; jdk/internal/reflect/ReflectionFactory
instanceKlass java/lang/reflect/Constructor
instanceKlass java/lang/reflect/Method
ciInstanceKlass java/lang/reflect/Executable 1 1 548 10 7 12 1 1 1 10 7 12 1 1 1 10 7 12 1 1 1 11 7 12 1 1 1 10 7 12 1 1 1 10 12 1 1 10 100 12 1 1 1 10 100 12 1 1 1 10 12 1 8 1 10 10 12 1 1 10 12 1 1 10 100 12 1 1 1 18 12 1 1 11 100 12 1 1 1 8 1 8 1 8 1 10 100 12 1 1 1 11 12 1 1 100 1 8 1 8 1 10 12 1 100 1 8 1 10 12 1 8 1 11 100 12 1 1 1 100 1 10 12 1 1 11 12 1 8 1 18 8 1 10 12 1 10 12 1 1 18 8 1 10 12 1 100 1 10 12 1 10 12 1 11 100 12 1 1 10 12 1 1 8 1 8 1 10 12 1 1 10 12 1 1 10 10 12 1 100 1 10 10 12 1 10 12 1 1 10 100 12 1 1 10 12 1 10 12 1 10 12 1 1 10 100 12 1 1 10 12 1 10 12 1 10 100 12 1 1 1 10 12 1 8 1 10 12 1 10 12 1 3 100 1 8 1 10 12 1 10 12 1 10 10 12 1 10 12 1 1 8 1 8 1 8 1 9 12 1 10 12 1 100 1 8 1 9 12 1 10 12 1 10 12 1 1 10 12 1 1 10 12 1 10 12 10 12 1 100 1 10 12 1 10 12 1 1 100 1 10 100 12 1 1 1 100 1 10 7 12 1 1 1 10 12 1 1 11 7 12 1 1 10 7 12 1 1 10 100 12 1 1 1 10 12 1 1 9 12 1 10 12 1 1 10 12 1 10 12 1 1 9 100 12 1 1 1 10 100 12 1 1 1 10 12 1 10 12 1 1 9 12 1 10 10 10 10 100 12 1 1 1 10 12 1 9 12 1 10 12 1 1 9 12 1 100 1 100 1 1 1 1 1 1 1 1 1 1 1 1 1 1 1 1 1 1 1 1 1 1 1 1 1 1 1 1 1 1 1 1 1 1 100 1 1 1 1 1 1 1 1 100 1 1 1 1 1 1 1 1 1 1 1 1 100 1 1 1 1 1 1 1 1 1 1 1 1 1 1 1 1 1 1 1 1 1 1 1 1 1 1 1 1 1 1 1 1 1 1 1 1 1 1 1 1 1 100 1 1 1 1 1 1 1 1 1 1 1 1 1 1 1 1 1 1 1 1 1 100 1 100 1 1 15 10 100 12 1 1 1 16 15 16 1 16 1 15 10 12 16 1 100 1 1 100 1 100 1 1
ciInstanceKlass java/lang/reflect/Constructor 1 1 429 10 100 12 1 1 1 10 100 12 1 1 9 7 12 1 1 1 10 12 1 1 10 12 1 1 10 100 12 1 1 9 12 1 1 10 7 12 1 1 1 9 12 1 1 9 12 1 1 9 12 1 9 12 1 1 9 12 1 9 12 1 1 9 12 1 1 9 12 1 100 1 8 1 10 12 1 10 12 1 9 12 1 1 10 7 12 1 1 10 7 12 1 1 1 10 12 1 1 10 12 1 1 10 12 1 7 1 100 1 8 1 10 10 12 1 10 12 1 10 12 1 1 10 12 1 1 100 1 10 7 12 1 1 10 12 1 1 10 12 1 10 12 1 1 10 100 12 1 1 1 10 100 12 1 1 10 12 1 1 10 12 1 10 100 12 1 1 1 8 1 10 10 12 1 100 1 8 1 10 12 1 10 12 1 1 10 12 1 1 10 12 1 10 12 1 10 12 1 1 10 12 1 1 9 12 1 1 10 12 1 1 10 12 1 1 10 12 1 8 1 10 12 1 1 11 7 12 1 1 1 10 12 1 1 10 12 1 10 12 1 9 12 1 1 10 7 12 1 1 1 10 12 1 1 10 12 1 1 10 12 1 1 10 12 1 1 10 12 1 9 100 12 1 1 10 12 1 10 12 1 10 12 1 100 1 8 1 10 10 12 1 1 10 12 1 10 10 12 1 1 10 12 1 1 10 100 12 1 1 1 11 100 12 1 1 1 10 12 1 1 9 100 12 1 1 1 10 100 12 1 1 1 10 12 1 1 1 1 1 1 1 1 1 1 1 1 1 1 1 1 1 1 1 1 1 1 1 1 1 1 1 1 1 1 1 1 1 1 1 1 1 1 1 1 1 1 1 1 1 1 1 1 1 1 1 100 1 100 1 100 1 100 1 1 1 1 1 1 1 1 1 1 1 1 1 1 1 1 1 1 1 1 1 1 1 1 1 1 1 1 1 1 1 1 1 100 1 1
ciInstanceKlass java/lang/reflect/Method 1 1 446 9 7 12 1 1 1 10 100 12 1 1 1 10 100 12 1 1 9 12 1 1 10 12 1 1 10 12 1 1 10 100 12 1 1 10 7 12 1 1 1 9 12 1 1 9 12 1 9 12 1 1 9 12 1 9 12 1 9 12 1 1 9 12 1 9 12 1 1 9 12 1 9 12 1 9 12 1 1 100 1 8 1 10 12 1 10 12 1 9 12 1 1 8 1 10 7 12 1 1 10 7 12 1 1 1 10 12 1 1 10 12 1 1 10 12 1 10 12 1 1 10 12 1 1 100 1 10 12 1 1 10 12 10 7 12 1 1 10 12 1 1 10 12 1 10 12 1 10 12 1 10 7 12 1 1 1 10 12 1 1 10 100 1 10 100 12 1 1 1 10 7 12 1 1 10 12 1 1 10 12 1 1 10 12 1 10 100 12 1 1 1 10 12 1 10 8 1 10 12 1 10 12 1 100 1 8 1 8 1 8 1 10 12 1 10 12 1 1 10 12 1 1 10 10 12 1 1 10 12 1 11 100 1 9 12 1 1 10 12 1 1 10 12 1 10 12 1 1 10 12 1 1 11 7 12 1 1 1 10 12 1 10 12 1 10 12 1 10 12 1 10 12 1 9 12 1 1 10 7 12 1 1 1 10 12 1 1 10 100 12 1 1 1 10 100 12 1 1 1 10 100 12 1 1 1 11 100 12 1 1 1 10 100 12 1 1 1 100 1 100 1 100 1 10 12 1 10 12 1 1 10 12 1 100 1 8 1 10 12 1 10 10 12 1 1 10 12 1 1 10 12 1 1 10 12 1 1 8 1 10 12 1 1 1 1 1 1 1 1 1 1 1 1 1 1 1 1 1 1 1 1 1 1 1 1 1 1 1 1 1 1 1 1 1 1 1 1 1 1 1 1 1 1 1 1 1 1 1 1 1 1 1 1 1 100 1 100 1 100 1 1 1 1 1 1 1 1 1 1 1 1 1 1 1 1 1 1 1 1 1 1 1 1 1 1
ciInstanceKlass java/lang/reflect/Field 1 1 437 9 7 12 1 1 1 10 12 1 1 10 100 12 1 1 1 10 100 12 1 1 9 12 1 1 10 12 1 1 10 12 1 1 10 100 12 1 1 10 7 12 1 1 1 9 12 1 1 9 12 1 9 12 1 9 12 1 1 9 12 1 1 9 12 1 9 12 1 1 9 12 1 1 100 1 8 1 10 12 1 10 12 1 9 12 1 1 9 12 1 10 12 1 10 7 12 1 1 10 12 1 1 10 12 1 1 10 12 1 10 12 1 1 100 1 10 12 1 1 10 12 1 1 10 12 1 1 10 12 1 10 12 1 10 100 1 10 100 12 1 1 100 1 10 8 1 10 12 1 1 10 12 1 1 8 1 10 12 10 12 1 8 1 8 1 10 11 100 1 9 12 1 10 12 1 1 10 12 1 1 11 7 12 1 1 1 11 12 1 1 11 12 1 1 11 12 1 1 11 12 1 1 11 12 1 1 11 12 1 1 11 12 1 1 11 12 1 1 11 12 1 1 11 12 1 1 11 12 1 1 11 12 1 1 11 12 1 1 11 12 1 1 11 12 1 1 11 12 1 1 11 12 1 1 10 12 1 10 100 12 1 1 10 12 1 10 12 1 1 10 12 9 12 1 1 10 7 12 1 1 1 10 12 1 1 10 100 12 1 1 10 12 1 1 11 100 1 10 12 1 100 1 10 100 12 1 1 1 10 100 12 1 1 1 9 12 1 10 100 12 1 1 1 11 100 12 1 1 1 10 12 1 1 10 12 1 1 9 100 12 1 1 1 10 100 12 1 1 1 10 12 1 1 100 1 1 1 1 1 1 1 1 1 1 1 1 1 1 1 1 1 1 1 1 1 1 1 1 1 1 1 1 1 1 1 1 1 1 1 100 1 1 1 1 1 1 1 1 1 1 1 1 1 1 1 1 1 1 1 1 1 1 1 1 1 1 1 1 1 1 1 1 1 1 100 1 1 1 1 1 1 1 1 100 1 1
ciInstanceKlass java/lang/reflect/Parameter 0 0 226 10 100 12 1 1 1 9 100 12 1 1 1 9 12 1 1 9 12 1 1 9 12 1 10 12 1 1 10 12 1 1 10 100 12 1 1 1 100 1 10 10 12 1 1 11 100 12 1 1 1 10 12 1 10 100 12 1 1 1 10 12 1 1 10 12 1 10 12 1 8 1 8 1 10 100 12 1 1 1 10 12 1 10 12 10 12 1 8 1 10 12 1 9 12 1 1 10 12 1 1 9 12 1 1 10 12 1 1 10 12 1 1 10 12 1 1 10 12 1 10 10 12 1 10 100 12 1 1 1 10 12 1 1 11 100 12 1 1 10 100 12 1 1 100 1 10 100 12 1 1 1 10 12 1 1 10 12 1 1 10 12 1 1 10 12 1 1 9 12 1 100 1 10 11 12 1 1 11 12 1 1 100 1 1 1 1 1 1 1 1 1 1 1 1 1 1 1 1 1 1 1 1 1 1 1 1 1 1 1 1 1 1 1 1 1 1 1 1 1 1 100 1 1 1 1
ciInstanceKlass java/lang/StringBuffer 1 1 465 10 7 12 1 1 1 10 12 1 10 12 1 10 12 1 1 9 7 12 1 1 1 10 12 1 1 10 12 1 10 12 1 1 9 12 1 1 10 12 1 10 12 1 1 10 12 1 1 10 12 1 10 12 1 1 10 12 1 10 12 1 1 10 12 1 1 10 100 12 1 1 1 10 12 1 1 10 12 1 10 12 1 10 12 1 10 12 1 10 12 1 10 12 1 10 12 1 10 12 1 10 12 1 10 12 1 10 12 1 10 12 1 10 12 1 10 12 1 1 10 12 1 10 12 1 1 10 12 1 1 10 10 12 1 1 10 12 1 10 12 1 10 12 1 10 12 1 10 12 1 10 12 1 10 12 10 12 1 10 12 1 10 12 1 10 12 1 1 10 12 1 10 12 1 10 10 12 1 1 10 12 1 1 9 12 1 1 10 7 12 1 1 1 10 100 1 10 10 100 12 1 1 1 10 10 12 1 10 8 10 100 12 1 1 1 8 10 12 1 8 1 10 12 1 10 12 1 10 100 12 1 1 1 10 100 12 1 1 1 7 1 10 12 1 1 10 12 10 12 1 1 10 12 1 1 10 12 1 10 12 1 10 12 1 10 12 1 10 12 1 10 12 1 10 12 1 10 12 1 10 12 1 10 12 1 10 12 1 10 12 1 10 12 1 10 12 1 10 12 1 10 12 1 10 12 10 12 10 12 1 10 12 1 10 12 1 10 12 10 12 1 10 12 1 10 12 1 10 12 1 10 12 1 10 12 1 10 12 1 10 12 1 10 12 1 10 12 1 10 12 1 7 1 10 12 1 9 7 12 1 1 1 9 7 1 9 12 1 1 100 1 100 1 100 1 1 1 1 5 0 1 1 1 1 1 1 1 1 1 1 1 1 1 1 1 1 1 1 1 1 1 1 1 1 1 1 1 1 1 1 1 1 1 1 1 1 1 1 1 1 1 1 1 1 1 1 1 1 1 1 1 1 1 1 1 1 1 1 1 1 100 1 1 1 1 1 100 1 1 1 1 1 1 1 1 1 1 1 1 1 1 1 1 1
staticfield java/lang/StringBuffer serialPersistentFields [Ljava/io/ObjectStreamField; 3 [Ljava/io/ObjectStreamField;
ciInstanceKlass java/lang/CharSequence 1 1 130 11 100 12 1 1 1 18 12 1 1 100 1 10 100 12 1 1 1 18 10 100 12 1 1 1 10 100 12 1 1 1 100 1 11 12 1 1 10 100 12 1 1 1 11 12 1 1 100 1 10 12 1 1 10 100 12 1 1 1 100 1 10 10 12 1 1 1 1 1 1 1 1 1 1 1 1 1 1 1 1 1 1 1 1 1 1 1 1 1 1 1 1 1 1 1 1 1 1 15 10 100 12 1 1 1 16 1 15 11 12 16 15 11 12 1 1 100 1 100 1 1 100 1 1 100 1 100 1 1
instanceKlass java/lang/StringBuilder
instanceKlass java/lang/StringBuffer
ciInstanceKlass java/lang/AbstractStringBuilder 1 1 547 7 1 7 1 10 7 12 1 1 1 9 7 12 1 1 1 9 12 1 9 12 1 1 9 12 1 1 10 7 12 1 1 1 10 12 1 1 3 3 10 12 1 10 12 1 1 11 7 1 100 1 100 1 10 8 1 10 12 1 10 12 1 10 12 1 1 10 12 1 10 12 1 10 12 1 9 12 1 1 10 12 1 1 10 7 12 1 1 1 10 10 12 1 10 12 1 10 12 1 1 10 12 1 1 10 7 12 1 1 1 10 7 12 1 1 1 100 1 8 1 10 10 12 1 1 100 1 10 12 10 12 1 1 10 10 12 1 1 10 12 1 1 10 12 1 1 10 12 1 1 100 1 10 10 12 1 10 100 12 1 1 1 10 12 1 1 10 12 1 10 12 1 1 10 10 12 1 1 10 12 10 12 1 10 12 1 1 10 12 1 1 10 12 1 1 10 12 1 10 10 12 1 1 10 12 1 10 12 1 1 8 1 10 12 1 1 10 12 1 10 12 1 10 12 1 10 12 1 10 12 1 10 12 1 10 7 12 1 1 10 12 1 10 12 1 10 100 12 1 1 1 10 12 1 10 12 1 10 12 1 10 12 1 10 12 1 1 10 12 1 10 12 1 1 10 12 1 1 10 10 7 12 1 1 1 10 12 1 10 12 1 10 12 1 1 10 12 1 10 12 1 10 12 1 10 12 1 10 12 1 10 12 1 10 12 1 10 12 1 10 12 1 1 10 12 1 10 12 1 10 12 10 12 1 1 18 12 1 1 100 1 10 100 12 1 1 1 18 10 12 1 1 10 12 1 10 12 1 1 11 12 1 10 12 1 10 12 1 10 10 12 1 10 8 1 8 1 8 1 10 10 100 1 10 12 1 100 1 10 100 1 10 100 1 1 1 3 1 1 1 1 1 1 1 1 1 1 100 1 1 1 1 1 1 1 1 1 1 1 1 1 1 1 1 1 1 1 1 1 1 1 1 1 1 1 1 1 1 1 1 1 1 1 1 1 1 1 1 1 1 1 1 1 1 1 1 1 1 1 1 1 1 1 1 1 1 1 1 1 1 1 1 1 1 1 1 1 1 1 1 1 1 1 1 1 1 1 1 1 1 1 1 1 1 1 1 1 1 1 1 1 1 1 1 1 100 1 1 100 1 1 1 1 1 100 1 1 1 1 1 1 15 10 100 12 1 1 1 16 1 15 10 12 16 15 10 12 1 1 1 1 100 1 100 1 1
staticfield java/lang/AbstractStringBuilder EMPTYVALUE [B 0
ciMethod java/lang/AbstractStringBuilder append (Ljava/lang/String;)Ljava/lang/AbstractStringBuilder; 11858 0 20021 0 1664
ciMethod java/lang/AbstractStringBuilder append (I)Ljava/lang/AbstractStringBuilder; 12 0 4407 0 -1
ciMethod java/lang/AbstractStringBuilder <init> (I)V 160 0 5211 0 576
ciMethod java/lang/AbstractStringBuilder isLatin1 ()Z 332 0 3156401 0 96
ciMethod java/lang/AbstractStringBuilder ensureCapacityInternal (I)V 600 0 8844 0 -1
ciMethod java/lang/AbstractStringBuilder appendNull ()Ljava/lang/AbstractStringBuilder; 0 0 588 0 -1
ciMethod java/lang/AbstractStringBuilder putStringAt (ILjava/lang/String;)V 12078 0 6032 0 -1
ciInstanceKlass java/lang/SecurityManager 0 0 576 10 100 12 1 1 1 9 100 12 1 1 1 10 100 12 1 1 1 100 1 8 1 10 12 1 10 12 1 1 10 100 12 1 1 1 10 100 1 10 100 1 10 9 100 12 1 1 1 10 100 12 1 1 1 10 12 1 1 10 100 12 1 1 100 1 8 1 10 9 12 1 1 9 12 1 8 1 9 12 1 100 1 10 8 1 10 12 1 1 10 12 1 10 12 1 1 100 1 10 10 12 1 1 100 1 8 1 10 12 1 8 1 8 1 8 1 8 1 8 1 8 1 10 12 1 8 1 8 1 8 1 8 1 8 1 10 100 12 1 1 1 10 12 1 1 8 1 100 1 8 1 10 8 1 8 1 8 1 8 1 8 1 10 100 12 1 1 8 1 100 1 8 1 8 1 10 8 1 10 12 1 100 1 8 1 10 10 12 1 1 10 12 1 10 12 1 10 12 1 10 100 12 1 1 1 10 12 1 10 100 12 1 1 11 100 12 1 1 1 18 12 1 1 11 100 12 1 1 1 18 12 1 1 11 12 1 1 18 18 11 12 1 18 12 1 11 12 1 1 9 12 1 1 9 12 1 9 12 1 9 12 1 100 1 10 100 12 1 1 10 12 1 10 12 1 18 12 1 18 10 100 12 1 1 1 18 12 1 10 12 1 18 18 8 1 10 12 1 9 12 1 1 11 100 12 1 1 1 8 1 100 1 10 12 1 10 12 1 1 10 12 1 1 9 12 1 1 10 12 1 10 12 1 1 8 1 100 1 10 9 12 1 8 1 10 12 1 8 1 100 1 10 10 100 12 1 1 10 100 1 9 100 12 1 1 1 11 12 1 1 10 12 1 11 12 1 10 12 1 100 1 10 10 12 1 1 10 12 1 1 1 1 1 1 1 1 1 1 1 100 1 1 1 1 1 1 1 1 1 1 1 1 1 1 1 1 1 1 1 1 1 1 1 1 1 1 1 1 1 1 1 1 1 1 1 1 1 1 1 1 1 1 1 1 1 1 1 1 1 1 1 1 1 1 1 1 3 1 1 1 1 1 1 1 1 1 1 100 1 1 1 1 1 1 1 1 1 1 1 1 1 1 1 1 1 1 1 1 1 1 1 1 1 1 1 1 1 1 1 1 1 1 1 1 1 1 15 10 100 12 1 1 1 16 15 10 100 12 1 1 1 16 1 16 15 10 12 16 1 15 10 12 16 15 11 100 1 16 1 16 1 15 10 12 16 15 10 12 16 15 10 12 1 16 1 15 11 12 1 15 10 12 16 15 10 16 1 1 1 1 100 1 100 1 1
ciInstanceKlass java/security/AccessControlContext 1 1 373 9 7 12 1 1 1 9 12 1 1 10 7 12 1 1 1 8 1 10 7 12 1 1 1 10 7 12 1 1 1 9 12 1 9 12 1 1 9 12 1 1 10 7 12 1 1 100 1 10 12 1 11 100 12 1 1 1 11 12 1 11 12 1 11 12 1 1 7 1 11 12 1 1 10 12 1 10 100 12 1 1 1 9 100 12 1 1 1 10 100 12 1 1 1 11 100 12 1 1 1 10 100 1 100 1 8 1 10 12 1 10 12 1 1 100 1 10 100 12 1 1 1 9 12 1 9 12 1 9 12 1 9 12 1 1 9 12 1 1 9 12 1 9 12 1 10 7 12 1 1 1 9 12 1 10 12 1 1 10 12 1 1 8 1 10 12 1 1 10 12 1 1 10 100 12 1 1 1 7 1 10 10 12 1 1 10 100 12 1 1 1 10 8 1 10 100 12 1 1 8 1 10 100 12 1 1 8 1 8 1 10 12 1 8 1 10 12 1 8 1 10 12 1 10 12 1 10 12 1 1 8 1 8 1 100 1 10 12 1 10 12 1 1 7 1 10 12 1 8 1 10 12 1 10 12 1 10 8 1 10 12 1 1 10 12 1 1 10 12 1 1 10 12 1 1 10 12 1 10 12 1 10 12 1 10 12 1 1 10 10 10 12 1 1 1 1 1 1 1 1 1 1 1 1 1 1 1 1 1 1 1 1 1 1 1 1 100 1 1 1 1 1 1 1 1 1 1 1 1 1 1 1 1 1 1 1 1 1 1 1 1 1 1 1 1 1 1 1 1 1 1 1 1 1 1 1 1 1 1 1 1 1 1 1 1 1 1 1 1 3 1 1
ciInstanceKlass java/net/URL 1 1 743 10 7 12 1 1 1 10 12 1 10 7 12 1 1 9 12 1 1 9 12 1 10 100 12 1 1 1 10 12 1 1 10 12 1 1 9 12 1 1 10 7 12 1 1 1 8 1 10 12 1 1 7 1 10 10 12 1 1 8 1 10 12 1 1 9 12 1 7 1 8 1 10 12 1 10 12 1 8 1 9 12 1 10 12 1 1 9 12 1 10 12 1 10 12 1 9 12 1 9 12 1 8 1 9 12 1 10 12 1 1 8 1 9 12 1 1 10 12 1 1 10 7 12 1 1 1 8 1 10 12 1 7 1 10 12 1 10 12 1 10 12 1 10 12 1 1 10 12 1 1 8 1 10 12 1 1 10 12 1 8 1 9 12 1 8 1 10 12 1 10 7 12 1 1 1 100 1 10 12 1 10 12 1 1 10 7 12 1 1 1 100 1 8 1 10 10 12 1 8 1 10 12 1 1 10 12 1 10 12 1 10 12 1 10 12 1 10 12 1 8 1 10 12 1 10 10 7 12 1 1 1 10 12 1 9 100 12 1 1 1 10 100 12 1 1 1 9 12 1 1 10 12 1 10 100 12 1 1 1 100 1 100 1 10 12 1 10 12 1 10 12 1 10 12 1 10 12 1 10 12 10 10 10 12 1 100 1 10 12 1 10 12 1 1 8 1 9 100 12 1 1 1 10 100 12 1 1 1 10 12 1 1 9 100 12 1 1 1 10 12 1 1 100 1 10 12 1 10 12 1 10 10 12 1 1 10 12 1 1 10 12 1 10 12 1 10 12 1 10 7 12 1 1 1 10 12 1 1 10 12 1 9 12 1 1 9 12 1 1 100 1 8 1 10 10 12 1 9 12 1 1 10 7 12 1 1 8 1 10 7 12 1 1 8 1 10 12 1 1 10 12 1 8 1 8 1 10 7 12 1 1 1 100 1 10 100 12 1 1 1 10 12 1 10 12 1 7 1 10 9 12 1 1 10 7 12 1 1 8 1 10 12 1 1 7 1 10 10 7 12 1 1 1 8 9 7 12 1 1 1 10 12 1 10 12 1 10 12 1 10 12 1 10 7 12 1 1 11 7 12 1 1 10 12 1 10 12 1 9 12 1 10 12 1 1 10 100 12 1 1 10 100 12 1 1 1 8 10 100 12 1 1 100 1 10 8 8 10 12 1 8 8 8 100 1 10 12 1 9 12 1 1 10 12 1 10 12 1 1 10 12 1 10 12 10 12 1 1 10 12 1 1 10 10 10 12 1 10 12 1 10 12 1 10 12 1 10 12 1 10 10 12 1 100 1 8 1 10 10 10 12 1 1 10 12 1 10 12 1 1 8 1 7 1 10 10 10 7 1 10 12 1 9 7 12 1 1 1 9 12 1 1 7 1 10 10 7 12 1 1 1 100 1 1 1 1 1 5 0 1 1 1 1 1 1 1 1 1 1 1 1 1 1 1 1 1 1 1 1 1 1 1 1 1 1 1 1 1 1 1 1 1 1 1 1 1 1 1 100 1 1 1 1 1 1 1 1 1 1 1 1 1 1 1 1 1 1 1 1 1 1 1 1 1 1 1 1 1 1 1 1 1 1 1 1 1 100 1 1 1 1 1 1 1 1 1 1 1 1 1 1 1 1 100 1 1 1 1 1 1 1 1 1 1 1 1 1 1 1 1 1 1
staticfield java/net/URL defaultFactory Ljava/net/URLStreamHandlerFactory; java/net/URL$DefaultFactory
staticfield java/net/URL streamHandlerLock Ljava/lang/Object; java/lang/Object
staticfield java/net/URL serialPersistentFields [Ljava/io/ObjectStreamField; 7 [Ljava/io/ObjectStreamField;
ciInstanceKlass java/util/jar/Manifest 1 1 336 10 7 12 1 1 1 7 1 10 9 7 12 1 1 1 7 1 10 9 12 1 1 9 12 1 1 10 12 1 10 12 1 1 10 12 1 1 10 12 1 1 10 12 1 1 11 7 1 11 12 1 1 10 12 1 1 10 100 12 1 1 1 100 1 100 1 10 8 1 10 12 1 1 10 12 1 1 10 12 1 10 12 1 11 100 1 10 12 1 10 12 1 1 11 12 1 1 10 12 1 11 12 1 1 11 100 12 1 1 1 11 100 12 1 1 11 12 1 1 100 1 10 12 1 8 1 11 12 1 100 1 10 12 1 1 11 12 1 10 12 1 10 12 1 10 100 12 1 1 1 8 1 10 12 1 1 10 9 100 12 1 1 1 10 12 1 1 10 100 12 1 10 12 1 10 12 1 9 100 12 1 1 1 8 1 10 12 1 8 1 8 1 7 1 10 12 1 10 12 1 10 12 1 1 100 1 8 1 10 12 1 1 8 1 10 10 12 1 1 8 1 10 12 1 1 10 100 12 1 1 1 10 12 1 10 11 12 1 1 10 12 1 10 100 12 1 1 1 10 12 1 1 10 12 1 1 11 10 12 1 11 10 12 1 100 1 1 1 1 1 1 1 1 1 1 1 1 1 1 1 1 1 1 1 1 1 1 1 1 1 1 1 1 1 1 1 1 1 1 1 1 1 1 1 1 1 1 1 100 1 1 1 1 1 1 1 1 1 1 1 1 1 1 100 1 1 1 1 1 1 1 1 1 1 1
ciInstanceKlass java/util/Objects 1 1 151 10 7 12 1 1 1 100 1 8 1 10 12 1 10 12 1 1 10 7 12 1 1 1 10 12 1 1 10 12 1 10 100 12 1 1 1 10 12 1 1 11 100 12 1 1 1 100 1 10 10 12 1 8 1 10 7 12 1 1 1 8 1 100 1 11 12 1 1 8 1 10 7 12 1 1 1 10 12 1 1 10 12 1 10 12 1 10 12 1 10 12 1 1 1 1 1 1 1 1 1 1 1 1 1 1 1 1 1 1 1 1 1 1 1 1 1 1 1 1 1 1 1 1 1 1 1 1 1 1 1 1 1 1 1 1 1 1 1 1 1 1 1 1 1 1 1 1 1 1 1
instanceKlass com/google/gson/internal/LinkedTreeMap
instanceKlass java/util/concurrent/ConcurrentSkipListMap
instanceKlass java/util/Collections$SingletonMap
instanceKlass java/util/EnumMap
instanceKlass java/util/TreeMap
instanceKlass java/util/IdentityHashMap
instanceKlass java/util/WeakHashMap
instanceKlass java/util/Collections$EmptyMap
instanceKlass sun/util/PreHashedMap
instanceKlass java/util/HashMap
instanceKlass java/util/ImmutableCollections$AbstractImmutableMap
instanceKlass java/util/concurrent/ConcurrentHashMap
ciInstanceKlass java/util/AbstractMap 1 1 192 10 7 12 1 1 1 10 7 12 1 1 1 11 7 12 1 1 1 10 11 12 1 1 11 7 12 1 1 1 11 12 1 1 7 1 11 12 1 10 12 1 1 11 12 1 100 1 10 11 12 1 11 7 1 10 12 1 1 11 12 1 9 12 1 1 7 1 10 12 1 9 12 1 1 100 1 10 11 11 12 1 1 11 12 1 100 1 100 1 11 12 1 8 1 100 1 10 10 12 1 1 8 1 10 12 1 10 12 1 1 10 12 1 1 1 1 1 1 1 1 1 1 1 1 1 1 1 1 1 1 1 1 1 1 1 1 1 1 1 1 1 1 1 1 1 1 1 1 1 1 1 1 100 1 1 1 1 1 1 1 1 1 1 1 1 1 1 1 1 100 1 1 1 1 1 1 1 1 1 100 1 100 1 100 1 100 1 1 1 1 1
ciInstanceKlass java/util/Collection 1 1 115 11 100 12 1 1 1 100 1 11 7 12 1 1 1 10 100 12 1 1 1 11 12 1 1 11 100 12 1 1 1 11 12 1 1 11 100 12 1 1 1 11 12 1 1 10 100 12 1 1 1 11 12 1 10 7 12 1 1 1 100 1 100 1 1 1 1 1 1 1 1 1 1 1 1 1 1 1 1 1 1 1 1 1 1 1 1 1 1 1 1 1 1 1 1 1 1 1 1 1 1 1 1 1 1 1 1 1 1 1 1 1 1 1 1
ciInstanceKlass java/util/List 1 1 217 10 100 12 1 1 1 11 100 12 1 1 1 11 100 12 1 1 1 11 12 1 1 11 100 12 1 1 11 12 1 1 11 12 1 1 10 100 12 1 1 1 100 1 100 1 10 12 1 1 100 1 10 100 12 1 1 1 9 7 12 1 1 1 7 1 10 12 10 12 1 7 1 10 12 1 1 10 12 1 10 12 1 1 100 1 1 1 1 1 1 1 1 1 1 1 1 1 1 1 1 1 1 1 1 1 1 1 1 1 1 1 1 1 1 1 1 1 1 1 1 1 1 1 1 1 1 1 1 1 1 1 1 1 1 100 1 100 1 1 1 1 1 1 1 1 1 1 1 1 1 1 1 1 1 1 1 1 1 1 1 1 1 1 1 1 1 1 1 1 1 1 1 1 1 1 1 1 1 1 1 1 1 1 1 1 1 1 1 1 1 1 1 1 1 1 1 1 1 1 1 1 1 1 1 1 1 1 1 1 100 1 1 100 1 1 1
instanceKlass sun/security/jca/ProviderList$3
instanceKlass java/util/ArrayList$SubList
instanceKlass java/util/Vector
instanceKlass java/util/AbstractSequentialList
instanceKlass java/util/Arrays$ArrayList
instanceKlass java/util/Collections$EmptyList
instanceKlass java/util/ArrayList
ciInstanceKlass java/util/AbstractList 1 1 218 10 7 12 1 1 1 9 7 12 1 1 1 10 12 1 1 10 12 1 1 100 1 10 10 12 1 1 11 100 12 1 1 1 11 12 1 1 11 12 1 10 100 12 1 1 1 10 12 1 11 12 1 11 12 1 11 12 1 10 12 1 1 10 12 1 1 11 100 12 1 1 1 11 100 1 11 7 1 10 12 1 100 1 10 12 1 10 12 1 1 100 1 100 1 10 12 1 100 1 10 100 1 100 1 10 8 1 10 12 1 1 10 12 1 10 12 1 1 10 12 1 8 1 100 1 8 1 8 1 8 1 10 100 1 11 10 10 12 1 11 12 1 10 12 1 1 8 1 8 1 1 1 1 1 1 1 1 1 1 1 1 1 1 1 1 1 1 1 1 1 1 1 1 1 1 1 1 1 1 1 1 1 1 1 1 1 1 1 1 1 1 1 1 1 1 1 1 1 1 1 1 1 1 1 1 1 1 100 1 100 1 1 1 1 1 1 1
ciInstanceKlass jdk/internal/util/Preconditions 1 1 170 10 100 12 1 1 1 11 100 12 1 1 1 11 100 12 1 1 1 100 1 100 1 10 100 12 1 1 1 10 12 1 8 1 100 1 10 100 12 1 1 1 10 12 1 1 8 1 8 1 10 100 12 1 1 7 1 10 12 1 8 1 10 100 12 1 1 1 8 1 10 12 1 1 10 12 1 1 11 12 1 8 1 8 1 11 12 1 1 8 1 8 1 8 1 10 12 1 1 10 12 1 1 10 12 1 10 12 1 10 12 1 10 12 1 1 1 1 1 1 1 1 1 1 1 1 1 1 1 1 1 1 1 1 1 1 1 1 1 1 1 1 1 1 1 1 1 1 1 1 1 1 1 1 1 1 1 1 1 1 1 1 1 1 1 1 1 1 1 1
ciMethod java/util/Objects checkIndex (II)I 2 0 89960 0 -1
ciInstanceKlass java/lang/AssertionStatusDirectives 0 0 24 10 100 12 1 1 1 100 1 1 1 1 1 1 1 1 1 1 1 1 1 1 1 1
ciInstanceKlass java/lang/invoke/MethodHandleNatives$CallSiteContext 1 1 49 10 7 12 1 1 1 7 1 10 10 7 12 1 1 1 10 7 12 1 1 1 10 7 12 1 1 1 100 1 1 1 1 1 1 1 1 1 1 1 1 1 1 1 1 1 100 1 1
ciInstanceKlass jdk/internal/invoke/NativeEntryPoint 0 0 92 10 100 12 1 1 1 9 100 12 1 1 1 10 100 12 1 1 1 100 1 9 12 1 9 12 1 9 12 1 1 9 12 1 1 9 12 1 1 100 1 8 1 10 12 1 11 100 12 1 1 1 10 12 1 1 10 12 1 11 100 12 1 1 11 12 1 10 12 1 1 10 12 1 1 1 1 1 1 1 1 1 1 1 1 1 1 1 1 1 1 1
instanceKlass java/lang/invoke/VolatileCallSite
instanceKlass java/lang/invoke/MutableCallSite
instanceKlass java/lang/invoke/ConstantCallSite
ciInstanceKlass java/lang/invoke/CallSite 1 1 302 10 7 12 1 1 1 10 7 12 1 1 1 9 7 12 1 1 1 10 12 1 1 9 12 1 1 10 7 12 1 1 1 10 12 1 100 1 10 12 1 1 10 12 1 1 9 100 12 1 1 1 10 100 12 1 1 10 12 1 1 100 1 100 1 10 10 100 12 1 1 1 10 12 1 1 8 1 10 12 1 10 12 1 1 10 12 1 10 12 1 1 10 12 1 1 10 10 100 12 1 1 10 12 1 1 9 12 1 9 100 12 1 1 1 8 1 10 7 12 1 1 1 10 12 1 1 100 1 10 12 1 1 9 12 1 8 1 100 1 10 12 1 10 12 1 100 1 8 1 10 10 12 1 10 12 1 1 100 1 10 12 1 1 10 12 1 10 12 1 10 12 1 1 10 12 1 1 9 12 1 1 8 10 12 1 1 9 12 1 1 100 1 10 10 12 1 10 100 12 1 1 1 10 12 1 1 10 12 1 1 10 12 1 10 7 12 1 1 1 100 1 8 1 10 10 12 10 12 1 1 100 1 100 1 100 1 8 1 10 12 1 10 7 12 1 1 1 1 1 1 1 1 1 1 1 1 1 1 1 1 1 1 1 1 1 1 1 1 1 1 1 1 1 1 1 1 1 1 1 1 1 1 1 1 1 1 1 1 1 1 1 1 1 1 1 1 1 1 1 1 1
staticfield java/lang/invoke/CallSite $assertionsDisabled Z 1
ciInstanceKlass java/lang/invoke/VolatileCallSite 0 0 37 10 100 12 1 1 1 10 12 1 10 100 12 1 1 1 10 12 1 10 12 1 1 1 1 1 1 1 1 1 1 1 1 1 1 1 1
ciInstanceKlass java/lang/invoke/MethodType 1 1 771 7 1 10 7 12 1 1 1 9 12 1 1 9 12 1 1 9 12 1 1 10 7 12 1 1 1 9 7 12 1 1 8 1 10 100 12 1 1 1 9 7 1 9 7 1 10 12 1 1 100 1 10 8 1 10 12 1 1 10 12 1 10 12 1 1 100 1 8 1 10 12 1 100 1 10 10 12 1 10 12 1 1 10 12 1 1 11 7 12 1 1 1 9 12 1 11 12 1 1 7 7 1 10 7 12 1 1 1 10 12 1 9 12 1 1 10 7 12 1 1 10 12 1 1 10 7 12 1 1 1 10 7 12 1 1 1 10 12 1 9 12 1 1 10 12 1 1 100 1 10 12 1 1 10 12 1 1 10 12 1 1 10 12 1 1 10 12 1 1 10 12 1 10 12 1 10 12 1 1 10 12 1 8 1 8 1 10 12 1 1 9 12 1 1 100 1 10 10 12 1 1 10 12 1 10 12 1 1 10 12 1 1 10 12 1 10 12 1 1 10 12 1 8 1 10 12 1 1 10 100 12 1 1 1 10 12 1 10 12 1 1 10 12 1 10 12 1 10 12 1 1 10 12 1 10 12 1 9 12 1 10 12 1 10 10 12 1 1 10 12 1 9 12 1 1 10 12 1 1 10 12 1 1 10 12 1 1 10 12 1 1 7 1 10 12 10 12 1 10 12 1 100 1 8 1 8 1 8 1 10 12 1 10 12 1 10 12 1 10 11 12 1 1 11 12 1 10 100 12 1 1 1 9 12 1 10 12 1 10 12 1 1 10 12 1 1 10 12 1 10 12 1 10 100 12 1 1 1 10 12 1 1 10 12 1 10 12 1 10 12 1 10 9 12 1 1 7 1 10 12 1 10 12 1 1 9 100 12 1 1 1 10 100 12 1 1 1 10 100 12 1 1 1 10 12 1 1 10 100 12 1 1 1 10 12 1 1 8 1 10 7 12 1 1 1 11 12 1 1 9 12 1 1 10 12 1 1 10 12 1 10 12 1 1 10 12 1 1 10 100 12 1 1 100 1 10 12 1 1 11 100 12 1 1 1 18 12 1 1 11 12 1 1 18 12 1 11 12 1 100 1 11 100 12 1 1 10 12 1 100 1 10 12 1 10 100 12 1 1 10 12 1 1 9 12 1 1 9 100 12 1 1 1 10 100 12 1 1 1 9 12 1 10 100 12 1 1 10 12 1 100 10 12 1 1 10 12 1 10 7 1 7 1 9 12 1 1 100 1 100 1 100 1 1 1 5 0 1 1 1 1 1 1 1 3 1 3 1 3 1 1 1 1 1 1 1 1 1 1 1 1 1 1 1 1 1 1 1 1 1 1 1 1 1 1 1 1 1 1 1 1 1 1 1 1 1 1 1 1 1 1 1 1 1 1 1 1 1 1 1 1 1 1 1 1 1 1 1 1 1 1 1 1 1 1 1 1 1 1 1 1 1 1 1 1 1 1 1 1 1 1 1 1 1 1 1 1 1 1 1 1 1 1 1 1 1 1 1 1 1 1 1 1 1 1 1 1 1 1 1 1 1 1 1 1 1 1 1 1 1 1 1 1 1 1 1 100 1 100 1 1 1 1 1 1 1 1 1 1 1 1 1 100 1 1 1 100 1 1 1 1 1 1 1 1 1 1 1 1 1 1 1 1 1 1 1 1 1 15 10 100 12 1 1 1 16 15 10 12 16 16 15 10 12 16 1 1 1 1 100 1 1 100 1 1 100 1 100 1 1
staticfield java/lang/invoke/MethodType internTable Ljava/lang/invoke/MethodType$ConcurrentWeakInternSet; java/lang/invoke/MethodType$ConcurrentWeakInternSet
staticfield java/lang/invoke/MethodType NO_PTYPES [Ljava/lang/Class; 0 [Ljava/lang/Class;
staticfield java/lang/invoke/MethodType objectOnlyTypes [Ljava/lang/invoke/MethodType; 20 [Ljava/lang/invoke/MethodType;
staticfield java/lang/invoke/MethodType METHOD_HANDLE_ARRAY [Ljava/lang/Class; 1 [Ljava/lang/Class;
staticfield java/lang/invoke/MethodType serialPersistentFields [Ljava/io/ObjectStreamField; 0 [Ljava/io/ObjectStreamField;
staticfield java/lang/invoke/MethodType $assertionsDisabled Z 1
ciInstanceKlass java/lang/BootstrapMethodError 0 0 45 10 100 12 1 1 1 10 12 1 10 12 1 10 100 12 1 1 1 10 100 12 1 1 1 1 1 1 5 0 1 1 1 1 1 1 1 1 1 1 1 100 1 1 1
instanceKlass jdk/net/UnixDomainPrincipal
ciInstanceKlass java/lang/Record 0 0 22 10 100 12 1 1 1 100 1 1 1 1 1 1 1 1 1 1 1 1 1 1
ciInstanceKlass java/lang/ClassNotFoundException 1 1 96 7 1 10 7 12 1 1 1 10 12 1 10 12 1 1 10 100 12 1 1 1 8 1 10 100 12 1 1 1 10 7 12 1 1 10 100 12 1 1 1 10 100 12 1 1 1 10 12 1 1 7 1 10 12 1 9 12 1 1 1 1 1 5 0 1 1 1 1 1 1 1 1 1 1 1 1 1 1 1 1 1 1 100 1 1 1 1 1 1 1 1 1 1 1 1
staticfield java/lang/ClassNotFoundException serialPersistentFields [Ljava/io/ObjectStreamField; 1 [Ljava/io/ObjectStreamField;
ciInstanceKlass jdk/internal/loader/ClassLoaders$AppClassLoader 1 1 119 8 1 10 7 12 1 1 1 10 7 12 1 1 1 10 100 12 1 1 1 10 12 1 1 10 100 12 1 1 1 10 12 1 1 10 12 1 1 7 1 8 1 10 12 10 7 12 1 1 1 10 100 12 1 1 10 12 1 1 10 12 1 1 10 7 12 1 1 1 100 1 10 12 1 1 1 1 1 1 1 1 1 1 1 1 1 1 1 1 1 1 1 1 1 100 1 1 1 1 1 1 1 1 1 1 1 1 1 1 1 1 1 1 1 100 1 1 1
ciInstanceKlass jdk/internal/loader/ClassLoaders$PlatformClassLoader 1 1 42 8 1 10 7 12 1 1 1 10 7 12 1 1 1 100 1 10 12 1 100 1 1 1 1 1 1 1 1 1 1 1 1 1 1 100 1 1 1 100 1 1
ciInstanceKlass java/lang/ArithmeticException 1 1 26 10 100 12 1 1 1 10 12 1 100 1 1 1 1 5 0 1 1 1 1 1 1 1 1 1
ciInstanceKlass java/lang/NullPointerException 1 1 52 10 100 12 1 1 1 10 12 1 9 100 12 1 1 1 10 12 1 1 9 12 1 1 10 12 1 1 10 12 1 1 1 1 5 0 1 1 1 1 1 1 1 1 100 1 100 1 100 1 1 1
ciInstanceKlass java/lang/IllegalMonitorStateException 1 1 26 10 100 12 1 1 1 10 12 1 100 1 1 1 1 5 0 1 1 1 1 1 1 1 1 1
ciInstanceKlass java/lang/OutOfMemoryError 1 1 26 10 100 12 1 1 1 10 12 1 100 1 1 1 1 5 0 1 1 1 1 1 1 1 1 1
ciInstanceKlass java/lang/InternalError 0 0 34 10 100 12 1 1 1 10 12 1 10 12 1 10 12 1 100 1 1 1 1 5 0 1 1 1 1 1 1 1 1 1 1 1
ciInstanceKlass java/lang/ClassCastException 1 1 26 10 7 12 1 1 1 10 12 1 100 1 1 1 1 5 0 1 1 1 1 1 1 1 1 1
ciInstanceKlass java/lang/NoClassDefFoundError 0 0 26 10 100 12 1 1 1 10 12 1 100 1 1 1 1 5 0 1 1 1 1 1 1 1 1 1
instanceKlass java/nio/CharBuffer
instanceKlass java/nio/IntBuffer
instanceKlass java/nio/LongBuffer
instanceKlass java/nio/ByteBuffer
ciInstanceKlass java/nio/Buffer 1 1 224 100 1 10 7 12 1 1 1 9 7 12 1 1 1 9 12 1 9 12 1 1 9 12 1 9 12 1 1 10 12 1 1 10 12 1 1 10 12 100 1 100 1 10 8 1 10 12 1 1 10 12 1 8 1 8 1 10 12 1 1 10 12 1 8 1 9 12 1 1 100 1 8 1 10 12 1 8 1 8 1 9 12 10 12 1 8 1 8 1 8 1 10 12 1 8 1 8 1 8 1 100 1 10 100 1 10 100 1 10 100 1 10 10 100 12 1 1 1 10 11 100 12 1 1 10 7 12 1 1 1 10 7 12 1 1 1 9 12 1 1 10 7 12 1 1 1 9 12 1 1 7 1 10 10 7 12 1 1 1 1 1 3 1 1 1 1 1 1 1 1 1 1 1 1 1 1 1 1 1 1 100 1 1 1 1 1 1 1 1 1 1 1 1 1 1 1 1 1 1 1 1 1 1 1 1 1 1 1 1 1 1 1 1 1 1 1 1 1 1 1 1 1 1
staticfield java/nio/Buffer UNSAFE Ljdk/internal/misc/Unsafe; jdk/internal/misc/Unsafe
staticfield java/nio/Buffer SCOPED_MEMORY_ACCESS Ljdk/internal/misc/ScopedMemoryAccess; jdk/internal/misc/ScopedMemoryAccess
staticfield java/nio/Buffer $assertionsDisabled Z 1
instanceKlass org/apache/commons/io/output/AppendableWriter
instanceKlass java/io/CharArrayWriter
instanceKlass org/apache/commons/io/output/StringBuilderWriter
instanceKlass net/sf/saxon/serialize/UTF8Writer
instanceKlass java/io/StringWriter
instanceKlass com/google/gson/internal/Streams$AppendableWriter
instanceKlass java/io/BufferedWriter
instanceKlass sun/nio/cs/StreamEncoder
instanceKlass java/io/OutputStreamWriter
ciInstanceKlass java/io/Writer 1 1 114 100 1 10 12 1 1 10 7 1 9 7 12 1 1 1 100 1 10 9 12 1 1 10 12 1 1 10 7 12 1 1 1 10 12 1 10 12 1 1 10 12 1 1 10 12 1 8 1 11 100 12 1 1 1 10 12 1 1 10 12 1 10 12 1 10 12 1 100 1 100 1 100 1 1 1 1 3 1 1 1 1 1 1 1 1 1 1 100 1 1 100 1 1 1 1 1 1 1 100 1 1 1 1 1 1 1 1 1 1 1 1 1 1
ciInstanceKlass jdk/internal/misc/UnsafeConstants 1 1 34 10 100 12 1 1 1 9 7 12 1 1 1 9 12 1 9 12 1 1 9 12 1 9 12 1 1 1 1 1 1 1 1 1
staticfield jdk/internal/misc/UnsafeConstants ADDRESS_SIZE0 I 8
staticfield jdk/internal/misc/UnsafeConstants PAGE_SIZE I 4096
staticfield jdk/internal/misc/UnsafeConstants BIG_ENDIAN Z 0
staticfield jdk/internal/misc/UnsafeConstants UNALIGNED_ACCESS Z 1
staticfield jdk/internal/misc/UnsafeConstants DATA_CACHE_LINE_FLUSH_SIZE I 0
instanceKlass java/lang/invoke/DelegatingMethodHandle
instanceKlass java/lang/invoke/BoundMethodHandle
instanceKlass java/lang/invoke/DirectMethodHandle
ciInstanceKlass java/lang/invoke/MethodHandle 1 1 644 100 1 9 7 12 1 1 1 10 7 12 1 1 1 10 7 12 1 1 1 7 1 7 1 10 12 1 1 9 12 1 1 10 12 1 10 12 1 1 10 12 1 1 10 100 12 1 1 1 10 12 1 1 10 12 1 1 11 100 12 1 1 1 10 12 1 1 10 12 1 10 12 1 9 12 1 1 10 12 1 1 100 1 100 1 10 8 1 10 12 1 1 10 12 1 8 1 10 12 1 1 10 12 1 10 7 12 1 1 1 10 12 1 10 12 1 1 10 12 1 1 10 12 1 1 10 12 1 1 10 7 12 1 1 1 10 100 12 1 1 1 7 1 10 12 1 1 10 12 1 1 10 12 1 1 8 1 10 7 12 1 1 1 8 1 10 12 1 1 10 12 1 1 10 12 1 1 10 12 1 8 1 10 12 1 1 8 1 10 12 1 8 1 10 100 12 1 1 1 9 12 1 1 100 1 10 9 100 12 1 1 1 9 100 1 8 1 10 12 1 1 10 12 1 10 12 1 1 10 12 1 10 12 1 1 10 12 1 10 12 1 1 10 12 1 10 12 1 1 10 12 1 1 8 1 10 12 1 1 8 1 10 12 1 10 12 1 1 10 12 1 10 12 1 10 12 1 1 9 100 12 1 1 1 10 12 1 1 11 12 1 10 12 1 10 12 1 1 10 100 12 1 1 1 100 1 11 12 1 10 100 1 11 12 1 100 1 10 12 1 11 12 1 9 100 12 1 1 1 11 12 1 1 11 100 12 1 1 1 10 12 1 1 9 12 1 11 12 1 9 12 1 9 12 1 9 12 1 11 12 1 1 9 12 1 9 12 1 9 12 1 9 12 1 9 12 1 9 12 1 9 12 1 8 1 10 12 1 10 12 1 8 1 10 12 1 10 12 1 10 10 7 12 1 1 10 12 1 1 100 1 8 1 10 12 1 1 10 12 1 1 10 12 1 10 12 1 100 1 10 100 12 1 1 1 10 12 1 9 7 12 1 1 1 10 12 1 1 10 12 1 1 8 1 9 12 1 9 12 1 1 9 12 1 1 10 12 1 7 1 10 12 1 10 12 1 1 9 12 1 1 9 12 1 1 10 7 12 1 1 1 11 7 12 1 1 9 12 1 10 12 1 1 10 12 1 9 12 1 10 12 1 8 10 12 1 1 8 1 1 1 1 1 1 100 1 1 1 1 1 1 1 1 1 1 1 1 1 1 1 1 1 1 1 1 1 1 1 1 1 1 1 1 1 1 1 1 1 1 1 1 1 1 1 1 1 1 1 1 1 1 1 1 1 1 1 1 1 1 1 1 1 1 1 1 1 1 1 1 1 1 1 1 1 100 1 1 1 1 1 1 1 1 1 100 1 1 1 1 1 1 1 1 1 1 1 1 1 1 1 1 1 1 1 1 1 1 1 1 1 1 1 100 1 1 100 1 1 100 1 1 1 1
staticfield java/lang/invoke/MethodHandle FORM_OFFSET J 20
staticfield java/lang/invoke/MethodHandle UPDATE_OFFSET J 13
staticfield java/lang/invoke/MethodHandle $assertionsDisabled Z 1
ciInstanceKlass jdk/internal/reflect/CallerSensitive 0 0 17 100 1 100 1 100 1 1 1 1 1 1 1 1 1 1 1
ciInstanceKlass jdk/internal/reflect/NativeConstructorAccessorImpl 1 1 126 10 7 12 1 1 1 9 7 12 1 1 1 9 12 1 1 10 7 12 1 1 1 10 7 12 1 1 1 10 7 12 1 1 1 9 12 1 9 12 1 1 9 12 1 1 10 7 12 1 1 1 7 1 10 10 12 1 1 10 12 1 10 12 1 10 12 1 1 9 12 1 1 10 7 12 1 1 1 100 1 10 12 1 1 10 12 1 1 8 10 12 1 1 1 1 1 1 1 1 1 1 1 1 1 1 1 1 1 1 1 1 1 1 100 1 100 1 100 1 1 1 1 1 1 1
staticfield jdk/internal/reflect/NativeConstructorAccessorImpl U Ljdk/internal/misc/Unsafe; jdk/internal/misc/Unsafe
staticfield jdk/internal/reflect/NativeConstructorAccessorImpl GENERATED_OFFSET J 16
instanceKlass sun/net/www/http/KeepAliveCache
instanceKlass java/lang/ProcessEnvironment
instanceKlass java/util/LinkedHashMap
ciInstanceKlass java/util/HashMap 1 1 610 10 7 12 1 1 1 100 1 10 12 1 1 100 1 10 100 12 1 1 1 100 1 11 12 1 1 11 12 1 11 12 1 1 10 7 12 1 1 1 7 1 3 10 7 12 1 1 1 100 1 100 1 10 8 1 10 12 1 1 10 12 1 10 12 1 1 10 12 1 10 7 12 1 1 1 8 1 10 12 1 9 12 1 1 10 12 1 9 12 1 1 4 10 12 1 10 12 1 1 11 7 12 1 1 9 12 1 1 4 10 12 1 1 11 12 1 1 11 7 12 1 1 1 11 7 12 1 1 1 11 12 1 1 7 1 11 12 1 11 12 1 10 12 1 10 12 1 1 9 12 10 12 1 1 9 7 12 1 1 1 9 12 9 12 1 10 12 1 1 9 12 1 7 1 10 12 1 1 10 12 1 1 10 12 1 1 10 12 1 1 10 12 1 1 9 12 1 10 12 1 1 3 10 12 1 1 10 12 1 1 9 12 1 1 9 10 12 1 1 10 12 1 1 10 12 1 1 10 12 1 9 12 1 1 7 1 10 12 1 10 12 1 10 100 12 1 1 1 100 1 9 12 1 1 7 1 10 9 12 7 1 10 100 1 10 11 7 12 1 1 1 100 1 10 11 7 12 1 1 11 100 12 1 1 1 10 12 1 100 1 100 1 10 12 1 10 12 1 10 12 1 10 100 12 1 1 10 12 1 1 10 12 1 1 10 100 12 1 1 1 8 10 100 12 1 1 1 100 1 10 4 10 100 12 1 1 1 4 10 12 1 10 100 12 1 1 1 10 12 1 8 1 4 10 100 12 1 1 1 100 1 11 100 12 1 1 1 10 12 1 10 12 1 10 10 12 1 1 100 1 100 1 1 1 1 5 0 1 3 1 1 1 3 1 3 1 3 1 1 1 1 1 1 1 1 1 1 1 1 1 1 1 1 1 1 1 1 1 1 100 1 1 1 1 1 1 1 1 1 1 1 1 1 1 1 1 1 1 1 1 1 1 1 1 1 1 1 1 1 1 1 1 100 1 1 1 1 1 1 1 1 1 1 1 1 1 1 1 1 1 1 1 1 1 1 1 1 1 1 1 1 1 1 1 1 1 1 1 1 1 1 1 1 1 1 1 1 1 1 1 1 1 1 100 1 1 1 1 1 1 1 1 1 1 1 1 1 1 1 1 1 1 1 1 1 1 1 1 1 1 1 1 1 1 1 1 1 1 1 1 1 1 1 1 1 1 1 1 1 1 1 1 100 1 1 1 1 1 1 1 1 100 1 1 1 1 1 1 1 1 1 1 1 1 1 1 100 1 100 1 100 1 100 1 100 1 100 1 100 1 100 1 1 1 1 1 1 1 1 1 1 1 1 1 1 1 1 1 1
ciMethod java/util/HashMap get (Ljava/lang/Object;)Ljava/lang/Object; 1536 0 13188 0 1312
instanceKlass java/lang/invoke/DirectMethodHandle$Special
instanceKlass java/lang/invoke/DirectMethodHandle$Interface
instanceKlass java/lang/invoke/DirectMethodHandle$Constructor
instanceKlass java/lang/invoke/DirectMethodHandle$Accessor
ciInstanceKlass java/lang/invoke/DirectMethodHandle 1 1 940 7 1 7 1 100 1 7 1 7 1 10 7 12 1 1 1 10 7 12 1 1 1 100 1 10 12 1 10 12 1 1 10 7 12 1 1 10 12 1 1 10 12 1 10 12 1 7 1 10 12 1 1 10 12 1 1 10 12 1 10 12 1 1 10 7 12 1 1 1 10 12 1 9 12 1 1 100 1 10 9 12 1 1 9 12 1 10 12 1 10 12 1 10 12 1 1 10 12 1 10 12 1 10 12 1 10 7 12 1 1 1 10 12 1 10 12 1 1 8 1 10 12 1 1 7 1 10 12 1 7 1 10 10 12 1 10 12 1 10 12 1 10 7 12 1 1 1 10 12 1 1 100 1 10 12 1 10 12 1 7 1 10 12 1 10 12 1 1 10 12 1 1 10 12 1 8 10 100 12 1 1 1 10 12 1 10 12 1 10 12 1 1 10 12 1 9 7 12 1 1 1 7 1 10 12 1 10 7 12 1 1 1 10 12 1 10 12 1 1 9 12 1 1 100 1 10 8 1 10 12 1 1 10 12 1 10 12 1 10 10 12 1 10 12 1 10 12 1 10 12 1 10 12 1 1 10 12 1 10 12 1 1 10 12 1 10 12 1 1 10 10 7 12 1 1 1 10 12 1 10 12 1 1 10 12 1 10 12 1 1 8 1 9 7 12 1 1 1 8 1 9 12 1 9 12 1 8 1 9 12 1 9 12 1 8 1 9 12 1 9 12 1 8 1 10 12 1 10 12 1 1 9 12 1 1 7 1 10 12 1 1 100 1 10 7 12 1 1 1 10 12 1 1 10 12 1 10 12 1 1 7 1 10 12 1 1 10 12 1 10 12 1 1 7 1 10 12 1 1 10 7 12 1 1 1 10 12 1 10 12 1 10 12 1 9 12 1 1 10 7 1 9 12 9 12 1 10 7 12 1 1 1 10 12 1 7 1 7 1 7 1 9 12 1 1 10 7 12 1 10 12 1 1 10 12 1 100 1 10 12 1 10 12 1 1 9 100 12 1 1 1 10 12 1 1 100 1 10 100 12 1 1 1 10 12 1 10 12 1 8 1 9 12 1 9 12 1 10 12 1 9 12 1 1 10 100 12 1 1 1 9 12 1 1 9 12 1 1 10 12 1 10 12 1 10 12 1 10 12 1 10 12 1 1 10 12 1 10 7 12 1 1 9 12 1 10 12 1 10 12 1 10 12 1 10 12 1 1 10 12 1 1 9 12 1 1 10 12 1 1 9 7 12 1 1 1 9 12 1 9 12 1 9 12 1 9 12 1 9 12 1 9 12 1 9 12 1 9 12 1 9 12 1 9 12 1 9 12 1 9 12 1 9 12 1 9 12 1 9 12 1 9 12 1 9 12 1 9 12 1 9 12 1 9 12 1 9 12 1 9 12 1 9 12 1 9 12 1 9 12 1 9 12 1 9 12 1 9 12 1 9 12 1 9 12 1 9 12 1 9 12 1 9 12 1 9 12 1 9 12 1 9 12 1 8 1 9 12 1 1 9 12 1 1 10 12 1 10 12 1 1 9 7 1 10 12 1 9 12 1 1 10 12 10 12 1 10 12 1 10 12 1 10 8 1 8 1 8 1 8 1 10 12 1 1 9 12 1 1 10 12 1 10 100 12 1 1 1 8 9 12 1 1 10 12 1 1 8 1 8 8 9 12 1 8 1 8 8 8 8 8 1 8 10 12 1 10 12 1 8 1 8 1 10 12 1 10 12 1 10 12 1 10 12 1 1 7 1 1 1 1 3 1 3 1 3 1 3 1 3 1 3 1 3 1 3 1 3 1 3 1 1 1 1 1 1 1 1 1 1 3 1 3 1 1 1 1 3 1 1 1 1 1 1 1 1 1 1 1 1 1 1 1 1 1 1 1 1 1 1 1 1 1 1 1 1 1 1 1 1 1 1 1 1 1 1 1 1 1 1 1 1 1 1 1 1 1 1 1 1 1 1 1 1 100 1 1 1 1 1 1 1 1 1 1 1 1 100 1 1 1 1 1 1 1 1 1 1 1 1 1 1 1 1 1 1 1 1 1 1 1 1 1 1 1 1 1 1 1 1 1 1 1 1 1 1 1 1 1 1 1 1 1 1 1 1 1 1 1
staticfield java/lang/invoke/DirectMethodHandle IMPL_NAMES Ljava/lang/invoke/MemberName$Factory; java/lang/invoke/MemberName$Factory
staticfield java/lang/invoke/DirectMethodHandle FT_UNCHECKED_REF I 8
staticfield java/lang/invoke/DirectMethodHandle ACCESSOR_FORMS [Ljava/lang/invoke/LambdaForm; 132 [Ljava/lang/invoke/LambdaForm;
staticfield java/lang/invoke/DirectMethodHandle ALL_WRAPPERS [Lsun/invoke/util/Wrapper; 10 [Lsun/invoke/util/Wrapper;
staticfield java/lang/invoke/DirectMethodHandle NFS [Ljava/lang/invoke/LambdaForm$NamedFunction; 12 [Ljava/lang/invoke/LambdaForm$NamedFunction;
staticfield java/lang/invoke/DirectMethodHandle OBJ_OBJ_TYPE Ljava/lang/invoke/MethodType; java/lang/invoke/MethodType
staticfield java/lang/invoke/DirectMethodHandle LONG_OBJ_TYPE Ljava/lang/invoke/MethodType; java/lang/invoke/MethodType
staticfield java/lang/invoke/DirectMethodHandle $assertionsDisabled Z 1
ciInstanceKlass java/lang/invoke/LambdaForm 1 1 1052 100 1 9 7 12 1 1 1 10 7 12 1 1 1 10 7 12 1 1 9 12 1 1 9 12 1 1 10 12 1 1 100 1 10 9 12 1 10 12 1 1 9 12 1 10 7 12 1 1 1 9 12 1 9 12 1 9 12 1 1 9 12 1 10 12 1 1 7 1 10 12 1 10 100 12 1 1 1 10 100 12 1 1 1 10 12 1 10 12 1 1 9 100 12 1 1 1 10 12 1 1 9 12 1 10 12 1 1 10 12 1 10 12 1 1 10 12 1 1 10 100 12 1 1 1 7 1 10 10 12 1 1 8 1 10 12 1 10 12 1 10 12 1 1 7 1 10 7 12 1 1 1 10 12 1 1 10 12 1 10 12 1 1 9 12 1 1 9 12 1 9 12 1 1 10 12 1 9 12 1 10 100 12 1 1 1 10 12 1 1 10 12 1 9 12 1 1 10 100 12 1 1 1 10 12 1 10 12 1 10 12 1 10 12 1 10 12 1 10 12 1 1 10 12 1 10 12 1 1 8 1 10 12 1 10 12 1 8 1 8 1 9 12 1 9 12 1 9 12 1 1 10 12 1 1 10 12 1 9 12 1 10 12 1 1 10 7 12 1 1 1 10 12 1 1 10 12 1 10 12 1 10 12 1 1 9 12 1 10 12 1 8 1 8 1 8 1 8 1 8 1 8 1 8 1 8 1 10 12 1 9 12 1 7 1 10 12 1 1 9 12 1 10 12 1 10 12 1 1 10 12 10 12 1 10 12 1 1 10 12 1 1 10 10 12 1 1 10 12 1 1 7 1 8 1 10 12 1 1 10 12 1 10 12 1 1 10 8 1 10 12 1 1 8 1 8 1 8 1 10 12 1 9 12 1 1 10 12 1 1 10 12 1 1 100 1 10 12 1 1 10 12 1 10 7 12 1 1 1 10 12 1 1 9 12 1 1 8 1 10 100 12 1 1 1 10 7 12 1 1 10 12 10 10 12 1 1 9 12 1 8 10 12 1 1 100 1 10 12 1 1 10 12 1 9 7 12 1 1 9 12 1 1 8 1 10 100 12 1 1 10 12 1 1 100 1 100 1 10 10 12 1 1 10 12 1 1 8 1 8 1 100 1 8 1 10 12 10 12 1 10 12 1 10 12 1 1 8 1 8 1 9 100 12 1 1 1 10 12 1 10 12 1 1 8 1 8 1 8 1 100 1 8 1 100 1 8 1 100 1 8 1 10 12 1 8 1 9 10 7 12 1 1 1 10 12 1 9 12 1 1 10 12 1 10 10 12 1 10 12 1 10 12 1 10 12 1 1 10 12 1 10 12 1 1 10 12 1 1 10 12 1 1 8 1 100 10 12 1 10 12 1 9 12 1 1 10 7 12 1 1 8 1 8 1 100 1 8 1 8 1 8 1 8 1 8 1 8 1 8 1 8 1 10 12 1 1 10 12 1 1 10 12 1 10 12 1 8 1 8 1 8 1 10 12 1 8 1 10 12 1 8 1 8 1 8 1 8 1 8 1 10 12 1 10 12 1 10 12 1 1 10 7 12 1 1 1 10 12 1 10 12 1 10 12 1 10 12 1 10 12 1 10 12 1 10 12 1 9 12 1 1 8 1 10 12 1 1 9 12 1 1 10 12 1 1 9 12 1 9 12 1 1 9 12 1 9 12 1 1 7 1 10 7 12 1 1 1 9 12 1 10 12 1 10 12 1 8 1 10 12 1 9 12 1 1 7 1 10 7 12 1 1 1 8 1 100 1 10 12 1 9 12 1 9 12 1 10 12 1 10 12 1 10 7 12 1 1 1 10 12 1 9 7 12 1 1 10 12 1 1 10 12 1 10 12 1 9 12 10 12 1 10 10 12 1 9 9 12 1 7 9 12 1 1 10 12 1 1 9 12 1 10 12 1 10 7 1 9 1 1 1 1 3 1 3 1 3 1 1 1 1 1 1 1 1 1 1 1 1 1 1 1 1 1 1 1 1 1 1 1 1 1 1 1 1 1 1 1 1 1 1 1 1 1 1 1 1 1 1 1 1 1 1 1 1 1 1 1 1 1 1 1 1 100 1 1 1 1 1 1 1 1 1 1 1 1 1 1 1 1 1 1 1 1 1 1 1 1 1 1 1 1 1 1 1 1 1 1 1 1 1 1 1 1 1 1 1 1 1 1 1 1 1 1 1 1 1 1 1 1 1 1 1 100 1 1 1 1 1 1 1 1 1 1 1 1 1 1 1 1 1 1 1 1 1 1 1 1 1 1 1 1 1 1 1 1 1 1 100 1 1 1 1 1 1 1 1 1 1 1 1 1 1 1 1 1 1 1 1 1 1 100 1 1 1 100 1 1 100 1 1 1 1 1 1 1 1 1 1 1
staticfield java/lang/invoke/LambdaForm COMPILE_THRESHOLD I 0
staticfield java/lang/invoke/LambdaForm INTERNED_ARGUMENTS [[Ljava/lang/invoke/LambdaForm$Name; 5 [[Ljava/lang/invoke/LambdaForm$Name;
staticfield java/lang/invoke/LambdaForm IMPL_NAMES Ljava/lang/invoke/MemberName$Factory; java/lang/invoke/MemberName$Factory
staticfield java/lang/invoke/LambdaForm LF_identity [Ljava/lang/invoke/LambdaForm; 6 [Ljava/lang/invoke/LambdaForm;
staticfield java/lang/invoke/LambdaForm LF_zero [Ljava/lang/invoke/LambdaForm; 6 [Ljava/lang/invoke/LambdaForm;
staticfield java/lang/invoke/LambdaForm NF_identity [Ljava/lang/invoke/LambdaForm$NamedFunction; 6 [Ljava/lang/invoke/LambdaForm$NamedFunction;
staticfield java/lang/invoke/LambdaForm NF_zero [Ljava/lang/invoke/LambdaForm$NamedFunction; 6 [Ljava/lang/invoke/LambdaForm$NamedFunction;
staticfield java/lang/invoke/LambdaForm createFormsLock Ljava/lang/Object; java/lang/Object
staticfield java/lang/invoke/LambdaForm DEBUG_NAME_COUNTERS Ljava/util/HashMap; null
staticfield java/lang/invoke/LambdaForm DEBUG_NAMES Ljava/util/HashMap; null
staticfield java/lang/invoke/LambdaForm TRACE_INTERPRETER Z 0
staticfield java/lang/invoke/LambdaForm $assertionsDisabled Z 1
ciInstanceKlass java/lang/invoke/MethodHandleNatives 1 1 684 100 1 10 7 12 1 1 1 9 7 12 1 1 1 10 12 1 1 100 1 10 10 12 1 1 10 12 1 10 12 1 8 1 8 1 8 1 8 1 8 1 8 1 8 1 8 1 8 1 8 1 10 12 1 1 7 1 10 7 12 1 1 1 10 100 12 1 1 1 7 1 10 10 12 1 1 8 1 10 12 1 8 1 10 12 1 1 8 1 10 12 1 1 9 100 12 1 1 1 8 1 10 100 12 1 1 1 100 1 10 12 100 1 100 1 8 1 7 1 10 10 12 1 7 1 9 7 12 1 1 10 12 1 1 10 12 1 10 7 12 1 1 1 7 1 10 12 1 1 10 7 12 1 1 1 10 12 1 10 12 1 1 10 12 1 1 9 12 1 8 1 10 12 1 8 1 10 12 1 8 1 8 1 8 1 100 1 10 12 1 8 1 10 12 1 1 10 12 1 10 100 12 1 1 1 100 1 8 1 10 100 12 1 1 1 7 1 8 1 10 12 1 8 1 8 1 8 1 8 1 8 1 10 12 1 1 10 12 1 1 10 12 1 10 12 1 1 10 12 1 1 7 1 10 12 1 100 1 100 1 10 12 1 10 12 1 8 1 8 1 10 10 12 1 1 10 12 1 1 8 1 10 100 12 1 1 1 8 1 8 1 10 12 1 1 10 7 12 1 1 1 100 1 10 12 1 1 7 1 9 12 1 1 10 7 12 1 1 1 10 10 12 1 9 12 1 10 12 1 1 9 12 1 9 12 1 10 12 1 1 10 12 1 10 12 1 1 7 1 7 1 10 12 1 1 10 12 1 10 12 1 1 10 7 12 1 1 1 10 12 1 8 1 10 12 1 10 12 1 10 12 1 1 10 12 1 10 7 12 1 1 1 10 12 1 1 100 1 8 1 10 9 7 12 1 1 1 10 12 1 1 10 12 1 1 100 1 10 12 1 1 10 12 1 1 100 1 100 1 10 10 100 1 100 1 10 100 1 10 10 12 1 1 10 100 1 10 12 1 10 12 1 10 12 1 1 10 12 1 1 10 12 1 1 10 12 1 10 12 1 1 10 8 1 100 1 10 12 1 10 12 1 10 12 1 10 12 1 10 12 1 1 10 12 1 9 12 1 1 10 7 12 1 1 1 9 12 1 1 11 7 12 1 1 1 10 12 1 10 12 1 10 10 12 1 10 7 12 1 1 1 1 1 1 1 1 1 1 1 1 1 1 1 100 1 1 1 1 1 1 1 1 1 1 1 1 1 1 1 1 1 1 1 1 1 1 1 1 1 1 1 1 1 1 1 1 1 1 1 1 1 1 1 1 1 1 1 1 1 1 1 1 1 1 1 1 1 1 1 1 1 1 1 1 1 1 1 1 1 1 1 1 1 1 1 1 1 1 1 1 1 1 1 1 1 1 1 1 1 1 1 1 1 1 1 1 1 1 1 1 1 1 100 1 1 1 1 1 1 1 1 1 1 1 1 1 1 1 1 1 1 1 1 1 1 1 1 1 1 1 1 100 1 1 1 1 1 1 1 100 1 1 1
staticfield java/lang/invoke/MethodHandleNatives JLA Ljdk/internal/access/JavaLangAccess; java/lang/System$2
staticfield java/lang/invoke/MethodHandleNatives $assertionsDisabled Z 1
ciInstanceKlass jdk/internal/reflect/ConstantPool 1 1 142 10 100 12 1 1 1 9 7 12 1 1 1 10 12 1 1 10 12 1 1 10 12 1 10 12 1 1 10 12 1 1 10 12 1 10 12 1 1 10 12 1 10 12 1 1 10 12 1 10 12 1 10 12 1 10 12 1 1 10 12 1 1 10 12 1 1 10 12 1 1 10 12 1 10 12 1 1 10 100 12 1 1 1 8 11 7 12 1 1 1 10 7 12 1 1 1 1 1 1 1 1 1 1 1 1 1 1 1 1 1 1 1 1 1 1 1 1 1 1 1 1 1 1 1 1 1 1 1 1 1 1 1 1 1 1 1 1 1 1 1 1
instanceKlass jdk/internal/reflect/UnsafeQualifiedStaticFieldAccessorImpl
ciInstanceKlass jdk/internal/reflect/UnsafeStaticFieldAccessorImpl 1 1 47 10 7 12 1 1 1 9 7 12 1 1 1 10 7 12 1 1 1 9 12 1 1 8 11 7 12 1 1 1 10 7 12 1 1 1 1 1 1 1 1 1 1 1 1 1 1
instanceKlass jdk/internal/reflect/UnsafeFieldAccessorImpl
ciInstanceKlass jdk/internal/reflect/FieldAccessorImpl 1 1 59 10 7 12 1 1 1 100 1 100 1 1 1 1 1 1 1 1 1 100 1 1 1 1 1 1 1 1 1 1 1 1 1 1 1 1 1 1 1 100 1 1 1 1 1 1 1 1 1 1 1 1 1 1 1 1 1 1 1
instanceKlass jdk/internal/reflect/UnsafeStaticFieldAccessorImpl
ciInstanceKlass jdk/internal/reflect/UnsafeFieldAccessorImpl 1 1 254 10 7 12 1 1 1 9 7 12 1 1 1 10 7 12 1 1 1 10 7 12 1 1 1 9 12 1 1 10 7 12 1 1 1 9 12 1 1 10 12 1 10 12 1 9 12 1 10 12 1 1 10 100 12 1 1 10 100 12 1 1 1 10 12 1 1 100 1 10 10 12 1 1 10 12 1 1 8 1 10 10 12 1 100 1 8 1 10 12 1 8 1 10 12 1 8 1 10 12 1 100 1 10 12 1 1 10 8 1 10 12 1 1 8 1 10 100 12 1 1 8 1 10 100 12 1 1 8 1 10 100 12 1 1 8 1 10 100 12 1 1 8 1 10 100 12 1 1 8 1 10 100 12 1 1 8 1 10 100 12 1 1 8 1 10 100 12 1 1 10 12 1 1 8 1 8 1 8 1 8 1 8 1 8 1 10 100 12 1 1 1 8 1 8 1 8 1 10 12 10 12 1 1 1 1 1 1 1 1 1 1 1 1 1 1 1 1 1 1 1 1 1 1 1 1 1 1 1 1 1 1 1 1 1 1 1 1 1 1 1 1 1 1 1 1 1 1 1 1 1 1 1 1
staticfield jdk/internal/reflect/UnsafeFieldAccessorImpl unsafe Ljdk/internal/misc/Unsafe; jdk/internal/misc/Unsafe
ciInstanceKlass java/lang/invoke/ConstantCallSite 1 1 65 10 7 12 1 1 1 9 7 12 1 1 1 9 12 1 1 10 7 12 1 1 1 10 12 1 100 1 10 12 9 12 1 1 100 1 10 10 12 1 1 10 12 1 1 1 1 1 1 1 1 1 1 1 1 1 100 1 1 1 1 1 1 1 1
staticfield java/lang/invoke/ConstantCallSite UNSAFE Ljdk/internal/misc/Unsafe; jdk/internal/misc/Unsafe
ciInstanceKlass java/lang/invoke/MutableCallSite 0 0 63 10 100 12 1 1 1 10 12 1 9 100 12 1 1 1 10 12 1 10 12 1 1 9 12 1 1 10 100 12 1 1 1 10 100 12 1 1 1 10 12 1 1 1 1 1 1 1 1 1 1 1 1 1 1 1 1 1 1 100 1 1 1
instanceKlass java/lang/invoke/VarHandleByteArrayAsLongs$ByteArrayViewVarHandle
instanceKlass java/lang/invoke/VarHandleByteArrayAsInts$ByteArrayViewVarHandle
instanceKlass java/lang/invoke/VarHandleLongs$FieldInstanceReadOnly
instanceKlass java/lang/invoke/VarHandleReferences$FieldInstanceReadOnly
instanceKlass java/lang/invoke/VarHandleInts$FieldInstanceReadOnly
ciInstanceKlass java/lang/invoke/VarHandle 1 1 390 10 7 12 1 1 1 10 7 12 1 1 9 12 1 1 9 12 1 1 100 1 10 8 1 10 12 1 1 10 7 12 1 1 1 10 12 1 1 10 100 12 1 1 1 9 100 12 1 1 1 10 12 1 1 10 100 12 1 1 1 10 12 1 1 9 12 1 10 12 1 9 12 1 1 10 7 12 1 1 10 12 1 9 7 12 1 1 1 9 12 1 1 10 12 1 1 100 1 100 1 10 8 1 10 12 1 1 10 12 1 8 1 10 12 1 10 12 1 10 12 1 1 9 7 12 1 1 1 10 12 1 10 12 1 1 10 12 1 10 10 100 12 1 1 1 10 12 1 1 10 12 1 1 10 100 12 1 1 1 10 100 12 1 1 1 10 100 12 1 1 1 9 12 1 1 10 9 12 1 1 10 12 1 10 12 1 10 12 1 1 10 12 1 10 100 12 1 1 1 9 12 1 1 10 12 1 1 9 12 1 10 12 1 10 12 1 10 100 12 1 1 100 1 10 9 7 12 1 1 1 9 12 1 1 10 7 12 1 1 1 10 12 1 10 12 1 10 12 1 10 12 1 10 12 1 10 12 1 1 7 1 10 10 7 12 1 1 1 9 12 1 1 8 10 12 1 1 7 1 10 12 1 1 100 1 1 1 1 1 1 1 1 1 1 1 1 1 1 1 1 1 1 1 1 1 1 1 1 1 1 1 1 1 1 1 1 1 1 1 1 1 1 1 1 1 1 1 1 1 1 1 1 1 1 1 1 1 1 1 1 1 1 1 1 1 1 1 1 1 1 1 1 1 1 1 1 1 1 1 1 1 1 1 1 1 1 1 1 1 1 1 1 1 100 1 100 1 100 1 1 1 1 1 1 1 100 1 1 1
staticfield java/lang/invoke/VarHandle AIOOBE_SUPPLIER Ljava/util/function/BiFunction; jdk/internal/util/Preconditions$1
staticfield java/lang/invoke/VarHandle VFORM_OFFSET J 16
staticfield java/lang/invoke/VarHandle $assertionsDisabled Z 1
ciInstanceKlass java/lang/invoke/MemberName 1 1 757 7 1 7 1 100 1 9 12 1 1 10 7 12 1 1 1 9 12 1 1 10 12 1 1 10 12 1 1 10 12 1 1 10 12 1 10 12 1 1 10 7 12 1 1 1 10 12 1 9 100 12 1 1 10 12 1 100 1 100 1 10 12 1 8 1 10 12 1 1 10 12 1 10 12 1 1 10 12 1 9 12 1 1 8 1 10 100 12 1 1 1 7 1 10 10 12 1 1 100 1 100 1 10 12 1 1 9 12 1 1 100 1 8 1 10 12 1 10 12 1 10 12 1 10 12 1 10 12 1 1 10 12 1 10 12 1 10 12 1 1 10 12 1 1 10 12 1 8 1 8 1 8 1 10 100 12 1 1 1 10 12 1 9 12 1 1 3 10 12 1 10 12 1 10 12 1 10 10 7 12 1 1 1 10 12 1 10 12 1 10 12 1 10 12 1 7 1 8 10 12 1 1 10 12 1 1 8 1 9 100 1 8 9 100 1 10 12 1 1 10 12 1 10 12 1 8 1 10 12 1 1 10 12 1 10 12 1 10 12 1 10 12 1 1 100 1 10 12 1 1 10 12 1 8 1 10 12 1 10 12 1 8 1 10 12 1 1 10 12 1 1 100 1 10 12 1 1 10 12 8 1 8 1 100 1 10 12 1 10 100 12 1 1 1 100 1 10 12 10 12 1 10 12 1 10 12 1 10 12 1 10 10 12 1 10 12 1 10 12 1 3 10 12 1 3 10 12 1 3 3 3 3 3 3 3 100 1 10 12 1 10 7 12 1 1 1 10 12 1 3 9 12 1 10 12 1 1 3 10 12 1 10 10 7 12 1 1 1 10 12 1 1 10 100 1 10 10 12 1 10 12 1 10 12 1 10 10 12 1 1 10 12 1 10 12 1 10 12 1 100 1 10 10 10 12 100 1 10 10 10 12 1 1 10 12 1 1 10 10 12 1 8 10 100 1 10 12 1 10 100 1 10 12 1 10 12 1 10 12 1 10 10 12 1 10 12 1 1 10 12 1 1 10 12 1 10 12 1 10 12 1 100 1 10 12 1 1 100 1 8 1 10 7 1 10 12 1 10 12 10 12 1 1 10 12 1 10 12 1 8 1 8 1 8 1 8 1 10 12 1 10 12 1 10 12 1 1 8 1 8 1 10 12 1 8 1 10 10 12 1 10 12 1 8 1 8 1 10 10 12 1 8 1 10 100 12 1 1 1 8 1 10 12 1 10 12 1 1 10 12 1 8 1 8 1 8 1 8 1 100 1 10 8 1 8 1 8 1 8 1 10 12 1 100 1 100 1 100 1 10 100 1 10 100 1 10 100 12 1 1 1 9 7 12 1 1 1 100 1 100 1 1 1 1 1 1 1 3 1 3 1 3 1 3 1 3 1 3 1 1 1 1 1 1 1 1 3 1 3 1 1 1 1 3 1 1 1 1 1 1 1 1 1 1 1 1 1 1 1 1 1 1 1 1 1 1 1 1 1 1 1 1 1 1 1 1 1 1 1 1 1 1 1 1 1 1 1 1 1 1 1 1 1 1 1 1 1 1 1 1 1 1 1 1 1 1 1 1 1 1 1 1 1 1 1 1 1 1 1 1 1 1 1 1 1 1 1 1 1 1 1 1 1 1 1 1 1 1 1 1 1 1 1 1 1 1 1 1 1 1 100 1 1 1 1 1 1 1 1 1 1 1 1 1 1 1
staticfield java/lang/invoke/MemberName $assertionsDisabled Z 1
ciInstanceKlass java/lang/invoke/ResolvedMethodName 1 1 16 10 100 12 1 1 1 100 1 1 1 1 1 1 1 1
ciInstanceKlass java/lang/StackWalker 0 0 235 9 100 12 1 1 1 10 100 12 1 1 1 100 1 10 100 12 1 1 1 10 12 1 1 11 100 12 1 1 1 10 12 1 1 10 12 1 1 10 12 1 1 100 1 8 1 10 12 1 10 12 1 10 12 1 10 100 12 1 1 9 12 1 1 9 12 1 1 9 12 1 1 9 12 1 1 10 12 1 1 9 12 1 1 10 100 12 1 1 1 11 12 1 1 100 1 8 1 10 10 100 12 1 1 9 12 1 1 10 12 1 1 10 100 12 1 1 1 10 100 12 1 1 1 18 12 1 1 100 1 8 1 10 10 12 1 1 10 100 12 1 1 1 9 100 12 1 1 11 100 12 1 1 1 10 12 1 1 1 1 1 1 1 1 1 1 1 1 1 1 1 1 1 1 1 1 1 1 1 1 1 1 1 1 1 1 1 1 1 1 1 1 1 1 1 1 1 1 1 1 1 1 1 1 1 1 1 100 1 1 15 10 100 12 1 1 1 16 15 10 12 16 1 1 1 1 1 1 1 100 1 100 1 1
ciInstanceKlass java/lang/StackStreamFactory$AbstractStackWalker 1 0 306 100 1 100 1 3 10 100 12 1 1 1 10 100 12 1 1 10 100 12 1 1 1 9 12 1 1 10 12 1 1 9 12 1 1 9 12 1 1 9 12 1 1 9 12 1 9 100 12 1 1 1 10 100 12 1 1 1 10 12 1 1 9 12 1 1 10 100 12 1 1 1 10 12 1 1 9 12 1 1 9 100 12 1 1 1 100 1 10 8 1 10 12 1 1 10 12 1 8 1 10 12 1 1 10 100 12 1 1 1 100 1 8 1 10 12 1 8 1 10 12 9 100 12 1 1 1 10 100 12 1 1 9 12 1 8 1 5 0 8 1 8 1 9 12 1 1 10 12 1 1 10 12 1 1 10 12 1 9 12 1 10 12 1 10 12 1 10 12 1 10 12 1 1 10 12 1 10 12 1 1 8 1 10 12 1 10 12 1 10 12 1 10 12 1 1 8 1 10 12 1 1 10 12 1 1 10 12 1 1 10 12 1 10 12 1 10 100 12 1 1 1 9 12 1 8 1 10 12 1 10 12 1 10 12 1 10 12 1 10 12 1 10 12 1 10 12 1 1 10 12 1 1 10 12 1 1 10 12 1 8 1 1 1 1 1 1 1 1 1 1 1 1 1 1 1 1 1 1 100 1 1 1 1 100 1 1 1 1 1 1 1 1 1 1 1 1 1 1 1 1 1 1 1 1 1
ciInstanceKlass java/util/Comparator 1 1 288 10 100 12 1 1 1 10 100 12 1 1 1 18 12 1 1 100 1 100 1 11 12 1 1 11 12 1 11 12 1 11 12 1 1 11 12 1 1 11 12 1 1 10 12 1 9 100 12 1 1 1 100 1 10 12 1 1 18 12 1 18 12 18 12 18 12 18 12 10 100 12 1 1 1 10 100 12 1 1 1 8 1 10 12 1 1 8 1 8 1 8 1 8 1 8 1 10 12 1 10 12 1 8 10 100 1 10 12 1 8 10 12 1 8 1 10 12 1 10 12 1 8 1 10 12 1 1 100 1 8 1 100 1 8 1 8 1 100 1 8 1 8 1 100 1 100 1 8 1 10 12 1 11 12 1 1 10 100 12 1 1 11 12 1 1 10 100 12 1 1 11 12 1 1 10 100 12 1 1 11 12 1 100 1 11 12 1 11 12 1 1 1 1 1 1 1 1 1 1 1 1 1 1 1 1 1 1 1 1 1 1 1 1 1 1 1 1 1 1 1 1 1 1 1 1 1 1 1 1 1 1 1 1 1 1 1 1 1 1 1 1 1 1 1 1 1 1 1 1 15 10 100 12 1 1 1 16 15 11 12 3 3 15 11 12 15 11 12 15 11 12 15 11 12 15 11 12 1 100 1 1 1 100 1 100 1 1
ciInstanceKlass jdk/internal/module/Modules 1 1 504 10 100 12 1 1 1 9 7 12 1 1 1 11 7 12 1 1 1 11 12 1 1 11 12 1 1 11 12 1 1 11 12 1 11 12 1 11 12 1 11 12 1 11 12 1 1 10 100 12 1 1 1 10 100 12 1 1 1 18 12 1 1 10 100 12 1 1 1 100 1 10 100 12 1 1 1 10 100 12 1 1 1 10 100 12 1 1 10 12 1 1 11 12 1 9 12 1 1 11 100 12 1 1 1 10 12 1 1 10 10 12 1 10 9 12 1 1 10 7 12 1 1 10 12 1 1 10 100 12 1 1 100 1 11 100 12 1 1 1 10 100 12 1 1 1 11 100 12 1 1 10 12 1 1 10 100 12 1 1 10 100 12 1 1 1 10 12 1 1 10 12 1 1 11 12 1 1 18 12 1 1 11 100 12 1 1 10 100 12 1 1 1 11 100 12 1 1 1 100 1 11 12 1 1 11 100 12 1 1 1 11 12 1 1 10 12 1 1 10 100 12 1 1 18 12 1 1 11 12 1 1 18 12 1 1 11 12 1 1 10 12 1 18 18 10 12 1 1 9 12 1 1 11 100 12 1 1 1 100 1 10 11 12 1 11 12 1 1 11 12 1 1 10 100 1 10 12 1 1 10 100 12 1 1 10 12 1 1 11 12 10 12 1 1 100 1 10 18 12 1 10 12 1 1 100 1 8 1 10 12 1 10 100 12 1 1 18 12 1 11 11 12 10 12 1 10 10 100 1 18 12 1 10 10 10 7 12 1 1 10 7 12 1 1 1 10 12 1 1 1 1 1 1 1 1 1 1 1 1 1 1 1 1 1 1 1 1 1 1 1 1 1 1 1 1 1 1 1 1 1 100 1 1 1 1 1 1 1 1 1 1 1 1 1 1 1 1 1 1 1 1 1 1 1 1 1 1 1 1 1 1 1 1 1 1 1 100 1 1 1 1 1 1 1 1 1 1 1 1 1 1 1 1 1 1 1 1 1 1 1 15 10 100 12 1 1 1 16 15 10 12 1 16 16 15 10 12 1 16 1 16 1 15 10 12 1 16 1 16 1 15 10 12 16 1 15 10 16 1 15 10 12 16 1 15 10 12 16 15 10 12 16 15 10 12 1 1 1 100 1 100 1 1
staticfield jdk/internal/module/Modules JLA Ljdk/internal/access/JavaLangAccess; java/lang/System$2
staticfield jdk/internal/module/Modules JLMA Ljdk/internal/access/JavaLangModuleAccess; java/lang/module/ModuleDescriptor$1
staticfield jdk/internal/module/Modules $assertionsDisabled Z 1
instanceKlass java/util/LinkedHashSet
ciInstanceKlass java/util/HashSet 1 1 285 10 7 12 1 1 1 7 1 10 9 7 12 1 1 1 11 7 12 1 1 1 4 10 7 12 1 1 1 10 12 1 10 12 1 1 10 12 1 7 1 10 10 12 1 1 11 7 12 1 1 1 10 10 12 1 1 10 12 1 1 9 12 1 1 10 12 1 1 10 12 1 1 10 12 1 10 7 12 1 1 1 10 100 1 100 1 10 12 1 10 100 12 1 1 10 12 1 10 12 1 10 12 1 1 10 12 1 1 11 100 12 1 1 11 12 1 10 12 1 1 10 100 12 1 1 1 10 12 1 100 1 100 1 10 8 1 10 12 1 1 10 12 1 10 12 1 1 10 12 1 10 12 1 10 100 12 1 1 1 8 1 10 12 1 4 10 12 1 4 10 12 1 8 1 4 10 100 12 1 1 1 100 1 10 12 1 1 11 100 12 1 1 1 100 1 10 12 1 100 1 10 12 1 10 12 1 1 10 12 1 10 100 1 100 1 1 1 1 5 0 1 1 1 1 1 1 1 1 1 1 1 1 1 1 1 1 1 1 1 1 1 1 1 1 1 1 1 1 1 1 1 1 1 1 100 1 1 1 1 100 1 1 1 1 1 1 1 1 1 1 1 1 1 1 1 100 1 1 100 1 100 1 1 1
staticfield java/util/HashSet PRESENT Ljava/lang/Object; java/lang/Object
instanceKlass java/util/LinkedHashMap$Entry
ciInstanceKlass java/util/HashMap$Node 1 1 95 10 7 12 1 1 1 9 7 12 1 1 1 9 12 1 1 9 12 1 9 12 1 1 100 1 10 10 12 1 1 8 1 10 12 1 10 12 1 1 10 100 12 1 1 1 100 1 11 12 1 1 10 12 1 1 11 12 1 1 1 1 1 1 1 1 1 1 1 1 1 1 1 1 1 1 1 1 1 1 1 1 1 1 1 1 1 1 100 1 1 1 100 1 1
ciInstanceKlass java/util/function/BiFunction 1 1 65 10 100 12 1 1 1 18 12 1 1 11 100 12 1 1 11 100 12 1 100 1 1 1 1 1 1 1 1 1 1 1 1 1 1 1 1 1 1 1 1 1 1 1 1 1 1 1 15 10 100 12 1 1 1 16 15 11 12 1 100 1 100 1 1
ciInstanceKlass java/util/ArrayList$Itr 1 1 103 9 7 12 1 1 1 10 7 12 1 1 1 9 12 1 1 9 7 12 1 1 9 12 1 9 12 1 9 12 1 10 12 1 100 1 10 9 12 1 1 100 1 10 100 1 10 10 12 1 1 100 1 10 7 12 1 1 1 10 12 1 1 11 7 12 1 1 1 100 1 1 1 1 1 1 1 1 1 1 1 1 1 1 1 100 1 1 1 1 1 1 1 1 1 1 1 1 1 1 1 1 1
ciMethod java/util/ArrayList$Itr hasNext ()Z 592 0 107633 0 96
ciMethod java/util/ArrayList$Itr next ()Ljava/lang/Object; 514 0 36315 0 288
ciMethod java/util/ArrayList$Itr <init> (Ljava/util/ArrayList;)V 512 0 28563 0 0
ciMethod java/util/ArrayList$Itr checkForComodification ()V 514 0 36325 0 -1
ciMethod java/util/HashSet <init> ()V 430 0 2262 0 -1
ciMethod java/util/Set add (Ljava/lang/Object;)Z 0 0 1 0 -1
ciMethod java/util/HashMap getNode (Ljava/lang/Object;)Ljava/util/HashMap$Node; 1544 62 12217 0 -1
ciMethod java/util/HashMap <init> ()V 672 0 59189 0 -1
ciMethod jdk/internal/util/Preconditions checkIndex (IILjava/util/function/BiFunction;)I 2 0 91757 0 -1
ciMethod java/util/AbstractList <init> ()V 128 0 416024 0 64
ciMethod java/util/List add (ILjava/lang/Object;)V 0 0 1 0 -1
ciMethod java/util/List add (Ljava/lang/Object;)Z 0 0 1 0 -1
ciMethod java/util/List get (I)Ljava/lang/Object; 0 0 1 0 -1
ciMethod java/util/List clear ()V 0 0 1 0 -1
ciMethod java/util/List isEmpty ()Z 0 0 1 0 -1
ciMethod java/util/List size ()I 0 0 1 0 -1
ciMethod java/util/List iterator ()Ljava/util/Iterator; 0 0 1 0 -1
ciMethod java/util/AbstractCollection <init> ()V 816 0 429524 0 64
ciMethod java/util/Collections sort (Ljava/util/List;Ljava/util/Comparator;)V 656 0 12502 0 -1
ciMethod java/util/Arrays copyOfRange ([BII)[B 1022 0 5673 0 768
ciMethod java/lang/Math min (II)I 782 0 106578 0 -1
ciMethod java/util/Map put (Ljava/lang/Object;Ljava/lang/Object;)Ljava/lang/Object; 0 0 1 0 -1
ciMethod java/util/Map get (Ljava/lang/Object;)Ljava/lang/Object; 0 0 1 0 -1
ciMethod java/lang/StringBuilder <init> ()V 154 0 2947249 0 416
ciMethod java/lang/StringBuilder toString ()Ljava/lang/String; 158 0 3097120 0 1088
ciMethod java/lang/StringBuilder append (Ljava/lang/String;)Ljava/lang/StringBuilder; 296 0 5947017 0 1664
ciMethod java/lang/StringBuilder append (I)Ljava/lang/StringBuilder; 12 0 3129 0 0
ciMethod java/lang/StringBuilder setLength (I)V 240 0 138025 0 -1
ciMethod java/lang/String length ()I 1426 0 6792825 0 96
ciMethod java/lang/String <init> ([BB)V 514 0 62135 0 320
ciMethod java/lang/String equals (Ljava/lang/Object;)Z 1330 0 6295 0 448
ciMethod java/lang/String indexOf (Ljava/lang/String;)I 546 0 5460 0 -1
ciMethod java/lang/String coder ()B 1426 0 6940298 0 64
ciMethod java/lang/String isLatin1 ()Z 1132 0 1191460 0 96
ciMethod java/lang/String startsWith (Ljava/lang/String;I)Z 972 4110 5871 0 576
ciMethod java/lang/String startsWith (Ljava/lang/String;)Z 768 0 167869 0 512
ciMethod java/lang/String lastIndexOf (Ljava/lang/String;)I 4 0 210321 0 0
ciMethod java/lang/String lastIndexOf ([BBILjava/lang/String;I)I 4456 0 5375 0 0
ciMethod java/lang/String lastIndexOf (Ljava/lang/String;I)I 4 0 5375 0 672
ciMethod java/lang/String substring (II)Ljava/lang/String; 1030 0 11855 0 -1
ciMethod java/lang/String substring (I)Ljava/lang/String; 16 0 280988 0 1216
ciMethod java/lang/String trim ()Ljava/lang/String; 528 0 23048 0 0
ciMethod java/lang/String toCharArray ()[C 512 0 32928 0 480
ciMethod java/lang/String format (Ljava/lang/String;[Ljava/lang/Object;)Ljava/lang/String; 36 0 20 0 -1
ciMethod java/lang/String endsWith (Ljava/lang/String;)Z 514 0 17059 0 -1
ciMethod java/lang/String contains (Ljava/lang/CharSequence;)Z 32 0 132851 0 -1
ciMethod java/util/ArrayList iterator ()Ljava/util/Iterator; 512 0 28563 0 192
ciMethod java/util/ArrayList size ()I 256 0 128 0 0
ciMethod java/util/ArrayList get (I)Ljava/lang/Object; 2 0 84807 0 224
ciMethod java/util/ArrayList add (Ljava/lang/Object;)Z 8 0 226759 0 512
ciMethod java/util/ArrayList <init> (Ljava/util/Collection;)V 66 0 20740 0 -1
ciMethod java/util/ArrayList <init> ()V 96 0 347139 0 288
ciMethod java/util/ArrayList <init> (I)V 6 0 21908 0 -1
ciMethod java/util/ArrayList add (Ljava/lang/Object;[Ljava/lang/Object;I)V 8 0 226762 0 -1
ciMethod java/util/ArrayList elementData (I)Ljava/lang/Object; 2 0 88649 0 0
ciMethod java/util/Iterator hasNext ()Z 0 0 1 0 -1
ciMethod java/util/Iterator next ()Ljava/lang/Object; 0 0 1 0 -1
ciMethod java/lang/Object <init> ()V 1340 0 2082949 0 128
ciInstanceKlass ca/uhn/fhir/model/api/IElement 1 0 37 100 1 100 1 100 1 1 1 1 100 1 8 1 1 12 10 1 1 1 8 1 1 1 8 1 1 8 1 1 1 8 1 1 1 8 1
instanceKlass org/hl7/fhir/r5/utils/FHIRPathEngine$FHIRConstant
instanceKlass org/hl7/fhir/r5/elementmodel/Element
instanceKlass org/hl7/fhir/r5/model/Element
instanceKlass org/hl7/fhir/r5/model/BaseResource
ciInstanceKlass org/hl7/fhir/r5/model/Base 1 1 323 10 9 11 7 10 11 11 11 10 7 10 10 100 10 11 9 11 9 7 10 10 10 10 100 100 10 8 10 10 10 8 10 11 11 11 100 10 10 8 10 11 8 10 11 11 7 11 100 10 10 10 10 11 10 10 10 10 10 100 10 10 10 8 8 8 8 8 10 7 100 100 100 1 1 1 1 1 1 1 1 1 1 1 1 1 1 1 1 1 1 1 1 1 1 1 1 1 1 1 1 1 1 1 1 1 1 1 1 1 1 1 1 1 1 1 1 1 1 1 1 1 1 1 1 1 1 1 1 1 100 1 1 1 1 1 1 1 1 1 1 1 1 1 1 1 1 1 7 100 1 1 1 1 1 1 1 1 1 1 1 1 1 1 1 1 1 1 1 1 1 1 1 1 1 1 1 1 1 1 1 1 1 1 1 1 1 1 1 1 1 1 1 1 1 1 1 1 1 1 1 1 1 1 1 1 1 1 1 1 1 1 1 1 1 1 1 12 12 7 12 1 12 12 12 12 1 12 12 1 12 12 12 12 12 1 12 12 12 1 1 1 12 12 1 12 12 12 12 1 12 12 1 12 12 1 12 12 12 1 12 1 12 12 100 12 12 12 12 12 12 100 12 1 12 12 1 1 1 1 1 12 1 1 1 1 1 1 1 1 1 1 1 1 1 1 1 1 1 1 1 1 1 1 1 1 1 1 1 1 1 1 1 1 1 1 1 1 1 1 1 1 1
instanceKlass org/hl7/fhir/r5/model/Parameters
instanceKlass org/hl7/fhir/r5/model/BaseBinary
instanceKlass org/hl7/fhir/r5/model/Bundle
instanceKlass org/hl7/fhir/r5/model/DomainResource
ciInstanceKlass org/hl7/fhir/r5/model/Resource 1 1 342 10 9 10 100 8 10 10 7 10 10 10 10 10 9 8 7 10 10 9 8 100 10 10 10 100 10 9 8 100 10 10 10 10 10 7 8 8 10 11 8 8 8 8 8 8 8 8 8 10 100 10 10 10 10 10 10 10 10 10 10 10 10 10 10 100 8 10 8 8 10 8 10 10 10 10 10 10 7 10 10 10 10 100 10 10 10 10 10 10 7 100 1 1 1 1 1 1 1 3 1 1 3 1 1 1 1 1 1 1 1 1 1 1 1 1 3 1 1 1 1 3 1 1 1 1 1 1 1 1 5 0 1 1 1 1 1 1 1 1 1 1 1 1 1 1 1 1 1 1 1 1 1 1 1 1 1 1 1 1 1 1 1 1 1 1 1 1 1 1 1 1 1 1 1 1 1 1 1 1 1 1 1 1 1 1 1 1 1 1 1 1 1 1 100 1 1 1 1 1 1 1 1 1 1 1 1 1 1 1 1 1 1 1 1 1 1 1 1 1 1 1 1 1 1 1 1 1 1 1 1 1 12 12 7 12 1 1 12 12 1 12 12 100 12 12 12 1 1 12 1 1 12 1 12 12 1 1 12 1 12 7 12 1 1 1 12 1 12 100 12 12 12 12 12 12 12 12 12 12 12 12 12 1 1 1 1 12 1 12 12 12 12 12 12 1 12 12 12 1 100 12 12 12 12 12 12 1 1 1 1 1 1 1 1 1 1 1 1 1 1 1 1 1 1 1 1 1 1 1 1 1 1 1 1 1 1 1 1 1 1 1
instanceKlass org/hl7/fhir/r5/model/Slot
instanceKlass org/hl7/fhir/r5/model/Task
instanceKlass org/hl7/fhir/r5/model/Person
instanceKlass org/hl7/fhir/r5/model/Group
instanceKlass org/hl7/fhir/r5/model/Device
instanceKlass org/hl7/fhir/r5/model/Goal
instanceKlass org/hl7/fhir/r5/model/Flag
instanceKlass org/hl7/fhir/r5/model/VerificationResult
instanceKlass org/hl7/fhir/r5/model/VisionPrescription
instanceKlass org/hl7/fhir/r5/model/Substance
instanceKlass org/hl7/fhir/r5/model/SupplyRequest
instanceKlass org/hl7/fhir/r5/model/SubstanceReferenceInformation
instanceKlass org/hl7/fhir/r5/model/TestReport
instanceKlass org/hl7/fhir/r5/model/SubstancePolymer
instanceKlass org/hl7/fhir/r5/model/SubstanceSourceMaterial
instanceKlass org/hl7/fhir/r5/model/SubstanceProtein
instanceKlass org/hl7/fhir/r5/model/SubscriptionStatus
instanceKlass org/hl7/fhir/r5/model/SubstanceNucleicAcid
instanceKlass org/hl7/fhir/r5/model/SubstanceDefinition
instanceKlass org/hl7/fhir/r5/model/SupplyDelivery
instanceKlass org/hl7/fhir/r5/model/SubscriptionTopic
instanceKlass org/hl7/fhir/r5/model/ResearchStudy
instanceKlass org/hl7/fhir/r5/model/PractitionerRole
instanceKlass org/hl7/fhir/r5/model/RelatedPerson
instanceKlass org/hl7/fhir/r5/model/Schedule
instanceKlass org/hl7/fhir/r5/model/QuestionnaireResponse
instanceKlass org/hl7/fhir/r5/model/Procedure
instanceKlass org/hl7/fhir/r5/model/RequestGroup
instanceKlass org/hl7/fhir/r5/model/RegulatedAuthorization
instanceKlass org/hl7/fhir/r5/model/ServiceRequest
instanceKlass org/hl7/fhir/r5/model/Subscription
instanceKlass org/hl7/fhir/r5/model/ResearchSubject
instanceKlass org/hl7/fhir/r5/model/RiskAssessment
instanceKlass org/hl7/fhir/r5/model/Practitioner
instanceKlass org/hl7/fhir/r5/model/Specimen
instanceKlass org/hl7/fhir/r5/model/SpecimenDefinition
instanceKlass org/hl7/fhir/r5/model/Patient
instanceKlass org/hl7/fhir/r5/model/Organization
instanceKlass org/hl7/fhir/r5/model/OrganizationAffiliation
instanceKlass org/hl7/fhir/r5/model/MessageHeader
instanceKlass org/hl7/fhir/r5/model/Observation
instanceKlass org/hl7/fhir/r5/model/NutritionProduct
instanceKlass org/hl7/fhir/r5/model/Permission
instanceKlass org/hl7/fhir/r5/model/MolecularSequence
instanceKlass org/hl7/fhir/r5/model/PaymentReconciliation
instanceKlass org/hl7/fhir/r5/model/PaymentNotice
instanceKlass org/hl7/fhir/r5/model/NutritionOrder
instanceKlass org/hl7/fhir/r5/model/ObservationDefinition
instanceKlass org/hl7/fhir/r5/model/PackagedProductDefinition
instanceKlass org/hl7/fhir/r5/model/NutritionIntake
instanceKlass org/hl7/fhir/r5/model/MedicinalProductDefinition
instanceKlass org/hl7/fhir/r5/model/Invoice
instanceKlass org/hl7/fhir/r5/model/MedicationAdministration
instanceKlass org/hl7/fhir/r5/model/Medication
instanceKlass org/hl7/fhir/r5/model/ImmunizationRecommendation
instanceKlass org/hl7/fhir/r5/model/ManufacturedItemDefinition
instanceKlass org/hl7/fhir/r5/model/InventoryReport
instanceKlass org/hl7/fhir/r5/model/MedicationUsage
instanceKlass org/hl7/fhir/r5/model/MedicationRequest
instanceKlass org/hl7/fhir/r5/model/MeasureReport
instanceKlass org/hl7/fhir/r5/model/Linkage
instanceKlass org/hl7/fhir/r5/model/InsurancePlan
instanceKlass org/hl7/fhir/r5/model/Ingredient
instanceKlass org/hl7/fhir/r5/model/MedicationKnowledge
instanceKlass org/hl7/fhir/r5/model/MedicationDispense
instanceKlass org/hl7/fhir/r5/model/Location
instanceKlass org/hl7/fhir/r5/model/EpisodeOfCare
instanceKlass org/hl7/fhir/r5/model/ImagingStudy
instanceKlass org/hl7/fhir/r5/model/GuidanceResponse
instanceKlass org/hl7/fhir/r5/model/ImmunizationEvaluation
instanceKlass org/hl7/fhir/r5/model/EnrollmentRequest
instanceKlass org/hl7/fhir/r5/model/Immunization
instanceKlass org/hl7/fhir/r5/model/FamilyMemberHistory
instanceKlass org/hl7/fhir/r5/model/ImagingSelection
instanceKlass org/hl7/fhir/r5/model/EnrollmentResponse
instanceKlass org/hl7/fhir/r5/model/HealthcareService
instanceKlass org/hl7/fhir/r5/model/ExplanationOfBenefit
instanceKlass org/hl7/fhir/r5/model/Endpoint
instanceKlass org/hl7/fhir/r5/model/DetectedIssue
instanceKlass org/hl7/fhir/r5/model/Coverage
instanceKlass org/hl7/fhir/r5/model/DeviceMetric
instanceKlass org/hl7/fhir/r5/model/DeviceUsage
instanceKlass org/hl7/fhir/r5/model/Encounter
instanceKlass org/hl7/fhir/r5/model/DocumentReference
instanceKlass org/hl7/fhir/r5/model/DeviceDispense
instanceKlass org/hl7/fhir/r5/model/DocumentManifest
instanceKlass org/hl7/fhir/r5/model/DiagnosticReport
instanceKlass org/hl7/fhir/r5/model/DeviceRequest
instanceKlass org/hl7/fhir/r5/model/DeviceDefinition
instanceKlass org/hl7/fhir/r5/model/Composition
instanceKlass org/hl7/fhir/r5/model/Consent
instanceKlass org/hl7/fhir/r5/model/ClinicalUseIssue
instanceKlass org/hl7/fhir/r5/model/ClinicalUseDefinition
instanceKlass org/hl7/fhir/r5/model/Condition
instanceKlass org/hl7/fhir/r5/model/Contract
instanceKlass org/hl7/fhir/r5/model/CommunicationRequest
instanceKlass org/hl7/fhir/r5/model/ClinicalImpression
instanceKlass org/hl7/fhir/r5/model/Communication
instanceKlass org/hl7/fhir/r5/model/ClaimResponse
instanceKlass org/hl7/fhir/r5/model/Claim
instanceKlass org/hl7/fhir/r5/model/CareTeam
instanceKlass org/hl7/fhir/r5/model/ChargeItem
instanceKlass org/hl7/fhir/r5/model/CarePlan
instanceKlass org/hl7/fhir/r5/model/BodyStructure
instanceKlass org/hl7/fhir/r5/model/Basic
instanceKlass org/hl7/fhir/r5/model/CoverageEligibilityResponse
instanceKlass org/hl7/fhir/r5/model/CoverageEligibilityRequest
instanceKlass org/hl7/fhir/r5/model/AdministrableProductDefinition
instanceKlass org/hl7/fhir/r5/model/Appointment
instanceKlass org/hl7/fhir/r5/model/AppointmentResponse
instanceKlass org/hl7/fhir/r5/model/Account
instanceKlass org/hl7/fhir/r5/model/AllergyIntolerance
instanceKlass org/hl7/fhir/r5/model/AdverseEvent
instanceKlass org/hl7/fhir/r5/model/AuditEvent
instanceKlass org/hl7/fhir/r5/model/BiologicallyDerivedProduct
instanceKlass org/hl7/fhir/r5/model/Provenance
instanceKlass org/hl7/fhir/r5/model/ListResource
instanceKlass org/hl7/fhir/r5/model/OperationOutcome
instanceKlass org/hl7/fhir/r5/model/CanonicalResource
ciInstanceKlass org/hl7/fhir/r5/model/DomainResource 1 1 428 10 9 10 100 8 10 10 7 10 10 9 7 10 11 11 11 7 10 11 9 7 10 10 9 10 7 8 8 8 10 8 8 8 100 3 10 8 8 8 8 8 10 100 11 11 100 10 10 10 10 10 10 10 10 10 10 10 100 8 10 10 10 10 100 10 8 10 8 10 10 10 10 10 7 10 10 10 7 10 10 100 10 8 10 8 10 10 10 10 8 10 10 10 8 8 10 10 8 10 10 10 8 10 10 7 8 10 9 100 100 100 1 1 1 1 1 1 1 3 1 1 3 1 1 1 1 1 1 1 1 1 1 1 1 3 1 1 1 1 1 3 1 1 1 3 1 1 1 1 1 5 0 1 1 1 1 1 1 1 1 1 1 1 1 1 1 1 1 1 1 1 1 1 1 1 1 1 1 1 1 1 1 1 1 1 1 1 1 7 1 1 1 1 1 1 1 1 1 1 1 1 1 1 1 1 1 1 1 1 1 1 1 1 1 1 1 1 1 1 1 1 1 1 1 1 1 1 1 1 1 1 1 1 1 1 1 1 1 1 1 1 1 1 1 1 1 1 1 1 1 1 1 1 1 1 1 1 1 1 1 1 1 1 1 1 1 1 1 1 1 1 1 1 1 1 1 1 12 12 100 12 1 1 12 12 1 12 12 1 7 12 12 12 1 12 12 1 12 12 1 1 12 1 1 12 1 12 1 12 12 1 12 100 12 12 12 12 12 12 12 12 12 12 1 1 12 12 12 1 12 1 12 1 12 12 12 12 12 1 12 12 12 1 100 12 12 1 1 12 1 12 12 12 12 1 7 12 1 1 12 12 1 12 12 12 1 7 12 12 1 12 1 1 1 1 1 1 1 1 1 1 1 1 1 1 1 1 1 1 1 1 1 1 1 1 1 1 1 1 1 1 1 1 1 1 1 1 1 1 1 1 1 1 1 1 1 1 1 1 1 1 1 1 1 1 1 1
staticfield org/hl7/fhir/r5/model/DomainResource TEXT Lca/uhn/fhir/rest/gclient/SpecialClientParam; ca/uhn/fhir/rest/gclient/SpecialClientParam
instanceKlass org/hl7/fhir/exceptions/PathEngineException
instanceKlass org/hl7/fhir/r5/utils/FHIRLexer$FHIRLexerException
instanceKlass org/hl7/fhir/exceptions/TerminologyServiceException
instanceKlass org/hl7/fhir/exceptions/DefinitionException
instanceKlass org/hl7/fhir/exceptions/FHIRFormatError
ciInstanceKlass org/hl7/fhir/exceptions/FHIRException 1 1 29 10 10 10 10 100 7 1 1 1 1 1 1 1 1 1 1 1 1 1 1 1 1 12 12 12 12 1 1
instanceKlass org/hl7/fhir/r5/model/DataRequirement$DataRequirementCodeFilterComponent
instanceKlass org/hl7/fhir/r5/model/DataRequirement$DataRequirementDateFilterComponent
instanceKlass org/hl7/fhir/r5/model/ElementDefinition$TypeRefComponent
instanceKlass org/hl7/fhir/r5/model/ElementDefinition$ElementDefinitionSlicingComponent
instanceKlass org/hl7/fhir/r5/model/ElementDefinition$ElementDefinitionConstraintComponent
instanceKlass org/hl7/fhir/r5/model/ElementDefinition$ElementDefinitionExampleComponent
instanceKlass org/hl7/fhir/r5/model/ElementDefinition$ElementDefinitionMappingComponent
instanceKlass org/hl7/fhir/r5/model/ElementDefinition$ElementDefinitionBaseComponent
instanceKlass org/hl7/fhir/r5/model/ElementDefinition$ElementDefinitionBindingComponent
instanceKlass org/hl7/fhir/r5/model/ElementDefinition$ElementDefinitionSlicingDiscriminatorComponent
instanceKlass org/hl7/fhir/r5/model/Timing$TimingRepeatComponent
instanceKlass org/hl7/fhir/r5/model/DataRequirement$DataRequirementSortComponent
instanceKlass org/hl7/fhir/r5/model/Dosage$DosageDoseAndRateComponent
instanceKlass org/hl7/fhir/r5/model/BackboneElement
instanceKlass org/hl7/fhir/r5/model/DataType
ciInstanceKlass org/hl7/fhir/r5/model/Element 1 1 390 10 9 10 100 8 10 10 7 10 10 10 7 10 10 9 7 10 11 11 11 7 10 10 11 10 11 10 11 10 7 8 8 8 10 8 8 8 100 3 10 10 7 11 11 100 10 10 10 10 10 10 10 10 10 100 8 10 10 8 10 10 10 10 7 10 10 10 10 10 7 10 10 10 9 8 10 10 8 10 10 10 10 100 10 8 10 8 10 10 10 11 10 10 8 10 10 8 10 100 100 1 1 1 1 1 1 1 3 1 1 3 1 1 1 1 1 1 1 1 1 1 1 1 3 1 1 1 1 1 5 0 1 1 1 1 1 1 1 1 1 1 1 1 1 1 1 1 1 1 1 1 1 1 1 1 1 1 1 1 1 1 1 1 1 7 1 1 1 1 1 1 1 1 1 1 1 1 1 1 1 1 1 1 1 1 1 1 1 1 1 1 1 1 1 1 1 1 1 1 1 1 1 1 1 1 1 1 1 1 1 1 1 1 1 1 1 1 1 1 1 1 1 1 1 1 1 1 1 1 1 1 1 1 1 1 7 1 1 1 1 1 1 12 12 100 12 1 1 12 12 1 12 12 1 7 12 12 12 1 12 12 12 1 12 12 12 12 12 1 1 12 1 1 12 12 1 12 12 1 12 100 12 12 12 12 12 12 12 12 1 1 12 12 12 12 12 1 12 12 12 12 1 7 12 12 12 12 1 12 12 1 7 12 12 1 1 12 1 12 12 12 7 12 12 1 12 7 12 1 12 1 1 1 1 1 1 1 1 1 1 1 1 1 1 1 1 1 1 1 1 1 1 1 1 1 1 1 1 1 1 1 1 1 1 1 1 1 1 1 1 1 1 1 1 1 1 1 1 1 1 1 1 1 1 1 1 1 1 1
instanceKlass org/hl7/fhir/r5/model/UsageContext
instanceKlass org/hl7/fhir/r5/model/TriggerDefinition
instanceKlass org/hl7/fhir/r5/model/Signature
instanceKlass org/hl7/fhir/r5/model/SampledData
instanceKlass org/hl7/fhir/r5/model/RelatedArtifact
instanceKlass org/hl7/fhir/r5/model/RatioRange
instanceKlass org/hl7/fhir/r5/model/Ratio
instanceKlass org/hl7/fhir/r5/model/Period
instanceKlass org/hl7/fhir/r5/model/ParameterDefinition
instanceKlass org/hl7/fhir/r5/model/BaseNarrative
instanceKlass org/hl7/fhir/r5/model/Money
instanceKlass org/hl7/fhir/r5/model/Meta
instanceKlass org/hl7/fhir/r5/model/Identifier
instanceKlass org/hl7/fhir/r5/model/HumanName
instanceKlass org/hl7/fhir/r5/model/Expression
instanceKlass org/hl7/fhir/r5/model/BackboneType
instanceKlass org/hl7/fhir/r5/model/DataRequirement
instanceKlass org/hl7/fhir/r5/model/Contributor
instanceKlass org/hl7/fhir/r5/model/ContactPoint
instanceKlass org/hl7/fhir/r5/model/ContactDetail
instanceKlass org/hl7/fhir/r5/model/CodeableReference
instanceKlass org/hl7/fhir/r5/model/Attachment
instanceKlass org/hl7/fhir/r5/model/Address
instanceKlass org/hl7/fhir/r5/model/Annotation
instanceKlass org/hl7/fhir/r5/model/BaseExtension
instanceKlass org/hl7/fhir/r5/model/Range
instanceKlass org/hl7/fhir/r5/model/Quantity
instanceKlass org/hl7/fhir/r5/model/Coding
instanceKlass org/hl7/fhir/r5/model/CodeableConcept
instanceKlass org/hl7/fhir/r5/model/PrimitiveType
instanceKlass org/hl7/fhir/r5/model/BaseReference
ciInstanceKlass org/hl7/fhir/r5/model/DataType 1 1 43 10 8 10 10 100 7 100 100 1 1 1 5 0 1 1 1 1 1 1 1 1 1 1 1 1 1 1 1 1 1 1 1 1 1 12 12 12 1 1 1 1 1
ciInstanceKlass org/hl7/fhir/r5/context/IWorkerContext 1 0 189 100 100 100 1 1 100 1 100 1 100 1 100 1 100 1 100 1 1 1 1 1 1 1 1 1 1 1 1 1 1 1 100 1 1 1 1 1 1 1 1 1 1 1 1 1 1 1 1 1 1 1 1 1 1 1 1 1 1 1 1 1 1 1 1 1 1 1 100 1 1 1 1 1 1 1 1 1 1 100 1 1 1 1 100 1 1 1 100 1 1 100 1 1 1 1 1 1 1 1 1 1 1 1 1 1 1 1 1 1 1 1 1 1 1 1 1 1 1 1 1 1 1 1 1 1 1 1 1 1 1 1 1 1 1 1 1 1 1 1 1 1 1 100 100 1 1 1 1 1 1 1 1 1 1 1 1 1 1 1 1 1 1 1 1 1 1 1 1 1 1 1 1 1 1 1 1 1 100 1 100 1 100 1 1 1 1 1 1
instanceKlass org/hl7/fhir/r5/model/Enumeration
instanceKlass org/hl7/fhir/r5/model/DecimalType
instanceKlass org/hl7/fhir/r5/model/TimeType
instanceKlass org/hl7/fhir/r5/model/Base64BinaryType
instanceKlass org/hl7/fhir/r5/model/Integer64Type
instanceKlass org/hl7/fhir/r5/model/IntegerType
instanceKlass org/hl7/fhir/r5/model/BooleanType
instanceKlass org/hl7/fhir/r5/model/BaseDateTimeType
instanceKlass org/hl7/fhir/r5/model/StringType
instanceKlass org/hl7/fhir/r5/model/UriType
ciInstanceKlass org/hl7/fhir/r5/model/PrimitiveType 1 1 240 10 9 10 10 7 7 10 10 10 10 9 10 10 100 10 10 10 10 10 10 11 100 10 10 10 7 10 10 10 8 8 10 10 10 11 10 10 8 10 10 3 10 100 100 10 10 10 8 10 10 10 10 7 100 100 100 100 1 1 1 5 0 1 1 1 1 1 1 1 1 1 1 1 1 1 1 1 1 1 1 1 1 1 1 1 1 1 1 1 1 1 1 1 1 1 1 1 1 1 1 1 1 1 1 1 1 1 1 1 1 1 1 1 1 1 1 1 100 100 1 1 1 1 1 1 1 1 1 1 1 1 1 1 1 1 1 100 1 1 1 1 1 1 1 1 1 1 1 1 1 1 1 100 1 1 1 12 12 12 7 12 1 1 12 12 12 12 12 12 1 12 12 12 7 12 12 100 12 1 12 12 12 1 7 12 12 1 1 12 12 12 100 12 12 12 12 12 1 1 12 12 12 1 12 12 12 12 1 1 1 1 1 1 1 1 1 1 1 1 1 1 1 1 1 1 1 1 1 1 1 1 1 1 1 1 1 1 1 1
instanceKlass org/hl7/fhir/r5/model/UrlType
instanceKlass org/hl7/fhir/r5/model/UuidType
instanceKlass org/hl7/fhir/r5/model/OidType
instanceKlass org/hl7/fhir/r5/model/IdType
instanceKlass org/hl7/fhir/r5/model/CanonicalType
ciInstanceKlass org/hl7/fhir/r5/model/UriType 1 1 156 10 10 10 10 7 10 7 10 10 10 10 10 10 100 10 10 8 10 10 10 10 100 100 10 100 10 8 10 10 10 10 10 10 8 10 10 10 7 1 1 1 5 0 1 1 1 1 1 1 1 1 1 1 1 1 1 1 1 1 1 1 1 1 1 1 1 1 1 1 1 1 1 1 1 1 1 1 1 1 1 1 1 1 1 1 1 1 1 1 1 1 1 1 1 1 1 1 1 12 12 12 12 1 12 1 12 12 12 100 12 12 12 1 12 1 12 12 12 12 1 1 1 1 12 12 7 12 12 12 12 12 1 1 1 1 1 1 1 1 1 1 1 1 1 1 1 1 1 1 1 1 1 1 1 1
ciInstanceKlass org/hl7/fhir/r5/model/CanonicalType 1 1 58 10 10 10 7 10 7 10 10 8 10 7 1 1 1 5 0 1 1 1 1 1 1 1 1 1 1 1 1 1 1 1 1 1 1 1 1 1 1 1 1 1 1 1 1 12 12 12 1 12 1 12 12 1 1 1 1 1
instanceKlass org/hl7/fhir/r5/model/MarkdownType
instanceKlass org/hl7/fhir/r5/model/CodeType
ciInstanceKlass org/hl7/fhir/r5/model/StringType 1 1 123 10 10 10 7 10 7 10 10 8 10 11 11 11 100 10 100 8 10 8 10 8 10 10 10 10 7 1 1 1 5 0 1 1 1 1 1 1 1 1 1 1 1 1 1 1 1 1 1 1 1 1 1 1 1 1 1 1 100 1 100 1 1 1 1 1 1 1 1 1 1 1 1 12 12 12 1 100 12 1 12 12 12 100 12 12 12 1 12 1 1 12 12 1 12 12 12 12 1 1 1 1 1 1 1 1 1 1 1 1 1 1 1 1 1 1 1 1 1 1 1 1 1
ciInstanceKlass org/hl7/fhir/r5/model/CodeType 1 1 115 10 10 10 7 10 10 10 7 10 10 8 9 10 10 10 10 10 10 7 100 100 1 1 1 5 0 1 1 1 1 1 1 1 1 1 1 1 1 1 1 1 1 1 1 1 1 1 1 1 1 1 1 1 1 1 1 1 1 1 1 1 1 1 1 1 1 1 1 1 1 1 1 1 1 1 1 1 1 12 12 12 1 100 12 12 12 1 12 12 12 12 100 12 12 12 12 12 1 1 1 1 1 1 1 1 1 1 1 1 1 1 1 1 1
ciInstanceKlass org/hl7/fhir/r5/model/StructureDefinition 1 1 1457 10 10 10 10 10 10 10 9 10 100 8 10 10 7 10 10 10 7 10 9 7 10 11 11 11 100 10 10 11 10 11 10 11 9 8 7 10 10 10 10 10 9 8 9 8 9 8 7 100 10 10 10 10 100 10 9 8 100 10 10 10 100 10 10 10 9 8 100 10 10 10 100 10 9 8 9 100 10 10 10 10 9 8 100 10 10 10 10 9 100 10 10 10 10 9 100 10 10 10 10 9 8 9 8 9 100 10 10 10 10 9 8 100 10 100 9 100 10 10 10 10 9 8 100 10 7 9 8 9 100 10 10 10 10 9 10 9 8 9 8 7 10 10 10 10 9 8 100 10 7 9 8 7 10 10 9 8 7 10 10 10 100 8 8 8 10 8 8 8 100 3 10 8 8 8 8 8 8 8 8 8 8 8 8 8 8 8 8 8 8 8 8 8 8 8 8 8 8 8 8 8 8 8 8 8 8 8 8 8 8 8 8 8 8 8 8 8 8 8 8 8 8 8 8 8 8 8 8 8 8 8 8 8 10 100 11 11 100 10 10 10 10 10 10 10 10 10 10 10 10 10 10 10 10 10 10 10 10 10 10 10 10 10 10 10 10 10 10 10 10 10 10 10 10 10 10 10 10 10 8 10 100 8 10 8 8 8 8 8 8 8 8 8 8 8 8 8 8 8 8 8 10 8 7 10 10 10 10 10 10 10 10 10 10 10 10 10 10 10 10 10 10 10 10 10 10 10 10 10 10 10 100 10 9 8 10 9 10 10 10 9 8 8 8 8 8 8 8 8 8 10 10 10 10 10 10 10 10 10 10 10 10 10 10 10 10 10 10 10 10 10 10 10 10 10 10 10 7 10 9 8 9 7 8 10 9 7 8 10 10 9 9 9 8 9 9 9 8 9 7 10 9 8 9 8 9 7 8 10 9 7 8 10 9 8 9 8 9 9 7 10 9 7 10 9 9 9 9 9 9 9 9 9 7 100 1 1 1 1 1 1 1 1 1 100 1 100 1 1 1 1 1 1 1 1 3 1 3 1 1 1 1 1 1 1 1 1 1 1 1 1 3 1 1 1 1 3 1 1 3 1 1 1 3 1 1 1 1 1 1 1 3 1 1 1 1 1 1 1 3 1 1 1 1 3 1 1 1 3 1 1 1 1 1 3 1 1 1 1 3 1 1 1 1 1 3 1 1 1 1 1 3 1 1 1 1 3 1 1 1 3 1 1 1 1 1 3 1 1 1 1 1 1 3 1 1 1 1 1 3 1 1 1 1 3 1 1 1 1 1 3 1 1 1 1 3 1 1 1 1 3 1 1 3 1 1 1 1 1 3 1 1 1 1 3 1 1 1 1 1 3 1 1 1 1 3 1 1 1 1 1 5 0 1 1 1 1 1 1 1 1 1 1 1 1 1 1 1 1 1 1 1 1 1 1 1 1 1 1 1 1 1 1 1 1 1 1 1 1 1 1 1 1 1 1 1 1 1 1 1 1 1 1 1 1 1 1 1 1 1 1 1 1 1 1 1 1 1 1 1 1 1 1 1 1 1 1 1 1 1 1 1 1 1 1 1 1 1 1 1 1 1 1 1 1 1 1 1 1 1 1 1 1 1 1 1 1 1 1 1 1 1 1 1 1 1 1 1 1 1 1 1 1 1 1 1 1 1 1 1 1 1 1 1 1 1 1 1 1 1 1 1 1 1 1 1 1 1 1 1 1 1 1 1 1 1 1 1 1 1 1 1 1 1 1 1 100 1 1 1 1 1 1 1 1 1 1 1 1 1 1 1 1 1 1 1 1 1 1 1 1 1 1 1 1 1 1 1 1 1 1 1 1 1 1 1 1 1 1 1 1 1 1 1 1 1 1 1 1 1 1 1 1 1 1 1 1 1 1 1 1 1 1 1 1 1 1 1 1 1 1 1 1 1 1 1 1 1 1 1 1 1 1 1 1 1 1 1 1 1 1 1 1 1 1 1 1 1 1 1 1 1 1 1 1 1 1 1 1 1 1 1 1 1 1 1 1 1 1 1 1 1 1 1 1 1 1 1 1 1 1 1 1 1 1 1 1 1 1 1 1 1 1 1 1 1 1 1 1 1 1 1 1 1 1 1 1 1 1 1 1 1 1 1 1 1 1 1 1 1 1 1 1 1 1 1 1 1 1 1 1 1 1 1 1 1 1 1 1 1 1 1 1 1 1 1 1 1 1 1 1 1 1 1 1 1 1 1 1 1 1 1 1 1 1 1 1 1 1 1 1 1 1 1 1 1 1 1 1 1 1 1 1 1 1 1 1 1 1 1 1 1 1 1 1 1 1 1 1 1 1 1 1 1 1 1 1 1 1 1 1 1 1 1 1 1 1 1 1 1 1 1 1 1 1 1 1 1 1 1 1 1 12 12 12 12 12 12 12 12 7 12 1 1 12 12 1 12 12 1 12 12 1 7 12 12 12 1 12 12 12 12 12 1 1 100 12 12 1 12 1 12 1 1 100 1 1 12 1 12 1 1 1 12 12 12 1 1 1 12 12 1 12 1 12 12 12 1 1 12 1 12 12 12 1 12 12 12 1 12 1 12 1 12 12 12 1 1 1 1 12 1 12 12 12 1 1 1 12 1 12 1 12 12 12 12 12 1 12 1 1 12 1 1 1 12 1 1 12 1 1 12 1 12 1 1 12 1 1 1 1 1 1 1 1 1 1 12 1 12 12 1 12 100 12 12 12 12 12 12 12 12 12 12 12 12 12 12 12 12 12 12 12 12 12 12 12 12 12 12 12 12 12 12 12 12 12 12 12 12 12 1 12 1 1 1 1 1 1 1 1 1 1 1 1 1 1 1 1 1 1 1 12 1 12 12 12 12 12 12 12 12 12 12 12 12 12 12 12 12 12 12 12 12 12 12 12 12 12 1 100 12 100 12 1 12 12 12 12 12 12 1 1 1 1 1 1 1 1 1 12 12 12 12 12 12 12 12 12 12 12 12 12 12 12 12 12 12 12 12 12 12 12 12 12 12 12 1 12 12 1 12 1 1 12 12 12 12 12 12 12 12 1 12 12 1 12 1 12 1 12 12 12 12 1 12 1 12 12 12 12 12 12 12 12 12 1 1 1 1 1 1 1 1 1 1 1 1 1 1 1 1 1 1 1 1 1 1 1 1 1 1 1 1 1 1 1 1 1 1 1 1 1 1 1 1 1 1 1 1 1 1 1 1 1 1 1 1 1 1 1 1 1 1 1 1 1 1 1 1 1 1 1 1 1 1 1 1 1 1 1 1 1 1 1 1
staticfield org/hl7/fhir/r5/model/StructureDefinition ABSTRACT Lca/uhn/fhir/rest/gclient/TokenClientParam; ca/uhn/fhir/rest/gclient/TokenClientParam
staticfield org/hl7/fhir/r5/model/StructureDefinition BASE_PATH Lca/uhn/fhir/rest/gclient/TokenClientParam; ca/uhn/fhir/rest/gclient/TokenClientParam
staticfield org/hl7/fhir/r5/model/StructureDefinition BASE Lca/uhn/fhir/rest/gclient/ReferenceClientParam; ca/uhn/fhir/rest/gclient/ReferenceClientParam
staticfield org/hl7/fhir/r5/model/StructureDefinition INCLUDE_BASE Lca/uhn/fhir/model/api/Include; ca/uhn/fhir/model/api/Include
staticfield org/hl7/fhir/r5/model/StructureDefinition DERIVATION Lca/uhn/fhir/rest/gclient/TokenClientParam; ca/uhn/fhir/rest/gclient/TokenClientParam
staticfield org/hl7/fhir/r5/model/StructureDefinition EXPERIMENTAL Lca/uhn/fhir/rest/gclient/TokenClientParam; ca/uhn/fhir/rest/gclient/TokenClientParam
staticfield org/hl7/fhir/r5/model/StructureDefinition EXT_CONTEXT Lca/uhn/fhir/rest/gclient/TokenClientParam; ca/uhn/fhir/rest/gclient/TokenClientParam
staticfield org/hl7/fhir/r5/model/StructureDefinition KEYWORD Lca/uhn/fhir/rest/gclient/TokenClientParam; ca/uhn/fhir/rest/gclient/TokenClientParam
staticfield org/hl7/fhir/r5/model/StructureDefinition KIND Lca/uhn/fhir/rest/gclient/TokenClientParam; ca/uhn/fhir/rest/gclient/TokenClientParam
staticfield org/hl7/fhir/r5/model/StructureDefinition PATH Lca/uhn/fhir/rest/gclient/TokenClientParam; ca/uhn/fhir/rest/gclient/TokenClientParam
staticfield org/hl7/fhir/r5/model/StructureDefinition TYPE Lca/uhn/fhir/rest/gclient/UriClientParam; ca/uhn/fhir/rest/gclient/UriClientParam
staticfield org/hl7/fhir/r5/model/StructureDefinition VALUESET Lca/uhn/fhir/rest/gclient/ReferenceClientParam; ca/uhn/fhir/rest/gclient/ReferenceClientParam
staticfield org/hl7/fhir/r5/model/StructureDefinition INCLUDE_VALUESET Lca/uhn/fhir/model/api/Include; ca/uhn/fhir/model/api/Include
staticfield org/hl7/fhir/r5/model/StructureDefinition CONTEXT_QUANTITY Lca/uhn/fhir/rest/gclient/QuantityClientParam; ca/uhn/fhir/rest/gclient/QuantityClientParam
staticfield org/hl7/fhir/r5/model/StructureDefinition CONTEXT_TYPE_QUANTITY Lca/uhn/fhir/rest/gclient/CompositeClientParam; ca/uhn/fhir/rest/gclient/CompositeClientParam
staticfield org/hl7/fhir/r5/model/StructureDefinition CONTEXT_TYPE_VALUE Lca/uhn/fhir/rest/gclient/CompositeClientParam; ca/uhn/fhir/rest/gclient/CompositeClientParam
staticfield org/hl7/fhir/r5/model/StructureDefinition CONTEXT_TYPE Lca/uhn/fhir/rest/gclient/TokenClientParam; ca/uhn/fhir/rest/gclient/TokenClientParam
staticfield org/hl7/fhir/r5/model/StructureDefinition CONTEXT Lca/uhn/fhir/rest/gclient/TokenClientParam; ca/uhn/fhir/rest/gclient/TokenClientParam
staticfield org/hl7/fhir/r5/model/StructureDefinition DATE Lca/uhn/fhir/rest/gclient/DateClientParam; ca/uhn/fhir/rest/gclient/DateClientParam
staticfield org/hl7/fhir/r5/model/StructureDefinition DESCRIPTION Lca/uhn/fhir/rest/gclient/StringClientParam; ca/uhn/fhir/rest/gclient/StringClientParam
staticfield org/hl7/fhir/r5/model/StructureDefinition IDENTIFIER Lca/uhn/fhir/rest/gclient/TokenClientParam; ca/uhn/fhir/rest/gclient/TokenClientParam
staticfield org/hl7/fhir/r5/model/StructureDefinition JURISDICTION Lca/uhn/fhir/rest/gclient/TokenClientParam; ca/uhn/fhir/rest/gclient/TokenClientParam
staticfield org/hl7/fhir/r5/model/StructureDefinition NAME Lca/uhn/fhir/rest/gclient/StringClientParam; ca/uhn/fhir/rest/gclient/StringClientParam
staticfield org/hl7/fhir/r5/model/StructureDefinition PUBLISHER Lca/uhn/fhir/rest/gclient/StringClientParam; ca/uhn/fhir/rest/gclient/StringClientParam
staticfield org/hl7/fhir/r5/model/StructureDefinition STATUS Lca/uhn/fhir/rest/gclient/TokenClientParam; ca/uhn/fhir/rest/gclient/TokenClientParam
staticfield org/hl7/fhir/r5/model/StructureDefinition TITLE Lca/uhn/fhir/rest/gclient/StringClientParam; ca/uhn/fhir/rest/gclient/StringClientParam
staticfield org/hl7/fhir/r5/model/StructureDefinition URL Lca/uhn/fhir/rest/gclient/UriClientParam; ca/uhn/fhir/rest/gclient/UriClientParam
staticfield org/hl7/fhir/r5/model/StructureDefinition VERSION Lca/uhn/fhir/rest/gclient/TokenClientParam; ca/uhn/fhir/rest/gclient/TokenClientParam
ciInstanceKlass org/hl7/fhir/r5/elementmodel/Element 1 1 861 9 9 10 9 9 9 9 9 10 9 11 7 10 9 10 11 11 11 7 10 10 11 8 10 10 10 10 10 100 100 10 8 10 8 8 10 10 10 10 100 10 10 100 10 10 10 8 10 7 10 10 10 8 11 11 100 100 10 11 100 10 10 10 10 10 10 10 11 10 8 10 9 10 10 10 10 10 10 10 8 8 10 8 10 10 10 10 7 11 10 11 10 10 10 10 9 11 11 100 10 10 100 10 11 11 8 8 100 3 10 10 8 10 10 10 10 10 9 9 8 10 10 10 7 10 100 9 8 10 10 10 10 10 8 10 10 9 8 10 10 10 10 10 8 10 10 10 10 10 8 10 8 10 10 8 8 8 8 10 10 10 100 10 10 10 11 10 10 11 10 10 10 10 10 10 100 10 7 11 100 10 10 11 100 10 10 8 10 10 9 100 10 10 11 10 10 10 100 10 10 10 10 10 10 10 10 10 10 10 10 10 8 8 10 8 8 8 9 10 8 8 10 8 9 8 9 9 9 18 11 9 9 100 1 1 1 100 1 1 1 1 1 1 1 1 1 1 1 1 1 1 1 1 1 1 1 1 1 1 1 1 1 1 1 1 1 1 1 1 1 1 1 1 1 1 1 1 1 1 1 1 1 1 1 1 1 1 1 1 1 1 1 1 1 1 1 1 1 1 1 1 1 1 1 1 1 7 1 1 1 1 1 1 1 1 1 1 1 1 1 1 1 1 1 1 1 1 1 1 1 1 1 1 1 1 1 1 1 1 1 1 1 100 1 1 1 1 1 1 1 1 1 1 1 1 1 1 1 1 1 1 1 1 1 1 1 1 1 1 1 1 1 1 1 1 1 1 1 1 1 1 1 1 1 1 1 1 1 1 1 1 1 1 1 1 1 1 1 1 1 1 1 1 1 1 1 1 1 1 1 1 1 100 1 1 1 1 1 1 1 1 1 1 1 1 1 1 1 1 1 1 1 1 1 1 100 1 1 1 1 1 1 1 1 1 1 1 1 1 1 1 1 1 1 1 1 1 1 1 1 1 1 1 1 1 1 1 1 1 1 1 1 1 1 1 1 1 12 12 12 12 12 12 12 12 12 12 12 1 12 12 12 12 12 1 12 12 12 1 12 12 12 12 12 1 1 1 12 1 1 12 12 12 12 1 12 1 12 12 12 100 12 1 12 12 1 12 12 1 12 1 12 12 100 12 12 12 12 12 12 12 100 12 12 12 12 12 12 12 12 1 1 1 12 12 1 12 12 12 12 12 12 12 12 12 12 1 12 12 1 12 100 12 12 1 1 1 12 12 1 12 12 12 12 12 1 12 12 12 1 12 1 100 12 100 12 12 12 12 12 1 12 12 12 1 12 12 12 12 1 12 100 12 12 1 12 1 12 12 1 1 1 12 12 12 1 12 12 12 12 12 12 12 12 12 1 12 1 12 12 12 1 12 100 12 1 12 100 12 100 12 1 12 12 12 12 100 12 100 12 1 12 12 12 12 12 12 12 12 12 12 12 12 1 1 12 1 1 1 12 12 1 1 12 12 1 12 12 12 1 15 16 15 16 12 12 12 12 1 1 1 1 1 100 1 1 1 1 1 1 1 1 1 1 1 1 1 1 1 1 1 1 1 1 1 1 1 1 1 1 1 1 1 1 1 1 1 1 1 1 1 1 1 1 1 1 1 1 1 1 1 1 1 1 1 1 1 1 1 1 1 1 1 1 1 1 1 1 1 1 1 1 1 1 1 1 1 1 1 1 1 1 1 1 1 1 1 1 1 1 1 1 1 1 1 1 1 1 1 1 1 1 1 1 1 1 1 1 100 1 1 1 1 1 1 1 1 1 1 1 1 1 1 1 1 1 1 1 1 1 1 1 1 1 1 1 1 1 1 1 1 10 10 1 1 1 1 1 1 100 12 12 1 1 100 1 1 100 1 1
instanceKlass org/hl7/fhir/r5/model/Extension
ciInstanceKlass org/hl7/fhir/r5/model/BaseExtension 1 1 66 10 7 10 100 10 100 10 100 100 100 1 1 1 5 0 1 1 1 1 1 1 1 1 1 1 1 1 1 1 1 1 1 1 1 1 12 1 12 1 12 1 12 1 1 1 1 1 1 100 1 8 1 1 12 10 1 1 1 8 1 1 1 8 1 1
ciInstanceKlass org/hl7/fhir/r5/model/Extension 1 1 959 10 10 10 9 10 100 8 10 10 7 10 10 10 7 10 9 7 10 100 100 10 8 10 10 10 8 10 10 7 10 8 7 10 8 7 10 8 7 10 8 7 10 8 7 10 8 7 10 8 7 10 8 7 10 8 7 10 8 7 10 8 7 10 8 7 10 8 7 10 8 7 10 8 7 10 8 8 7 10 8 7 10 8 7 10 8 7 10 8 7 10 8 7 10 8 7 10 8 7 10 8 7 10 8 7 10 8 7 10 8 7 10 8 7 10 8 7 10 8 7 10 8 7 10 8 7 10 8 7 10 8 7 10 8 7 10 8 7 10 8 7 10 8 7 10 8 7 10 8 7 10 8 7 10 8 7 10 8 7 10 8 7 10 8 100 10 8 100 10 8 100 10 8 100 10 8 100 10 8 100 10 8 10 8 10 10 7 8 8 8 10 11 8 8 8 8 8 8 8 8 8 8 8 8 8 8 8 8 8 8 8 8 8 8 8 8 8 8 8 8 8 8 8 8 8 8 8 8 8 8 8 8 8 8 8 8 8 8 8 8 8 8 8 8 8 8 10 100 10 10 10 10 10 10 10 10 10 10 8 8 8 8 8 8 8 8 8 8 8 8 8 8 8 8 8 8 8 8 8 8 8 8 8 8 8 8 8 8 8 8 8 8 8 8 8 8 8 8 8 8 8 8 8 8 8 8 8 8 8 8 8 8 10 8 7 10 10 10 10 10 10 10 10 10 10 10 7 10 7 100 100 1 1 1 1 1 1 1 3 1 3 1 1 1 1 1 1 1 1 1 1 1 1 1 1 1 1 1 1 1 1 1 1 1 1 1 1 1 1 1 1 1 1 1 1 1 1 1 1 1 1 1 1 1 1 1 1 1 1 1 1 1 1 1 1 1 1 1 1 1 1 1 1 1 1 1 1 1 5 0 1 1 1 1 1 1 1 1 1 1 1 1 1 1 1 1 1 1 1 1 1 1 1 1 1 1 1 1 1 1 1 1 1 1 1 1 1 1 1 1 1 1 1 1 1 1 1 1 1 1 1 1 1 1 1 1 1 1 1 1 1 1 1 1 1 1 1 1 1 1 1 1 1 1 1 1 1 1 1 1 1 1 1 1 1 1 1 1 1 1 1 1 1 1 1 1 1 1 1 1 1 1 1 1 1 1 1 1 1 1 1 1 1 1 1 1 1 1 1 1 1 1 1 1 1 1 1 1 1 1 1 1 1 1 1 1 1 1 1 1 1 1 1 1 1 1 1 1 1 1 1 1 1 1 1 1 1 1 1 1 1 1 1 1 1 1 1 1 1 1 1 1 1 1 1 1 1 1 1 1 1 1 1 1 1 1 1 1 1 1 1 1 1 1 1 1 1 1 1 1 1 1 1 1 1 1 1 1 100 1 1 1 1 1 1 1 1 1 1 1 1 1 1 1 1 7 1 1 1 1 1 1 1 1 1 1 1 1 1 1 1 12 12 12 12 100 12 1 1 12 12 1 12 12 1 12 12 1 1 1 1 12 100 12 100 12 1 12 1 1 1 1 1 1 1 1 1 1 1 1 1 1 1 1 1 1 1 1 1 1 1 1 1 1 1 1 1 1 1 1 1 1 1 1 1 1 1 1 1 1 1 1 1 1 1 1 1 1 1 1 1 1 1 1 1 1 1 1 1 1 1 1 1 1 1 1 1 1 1 1 1 1 1 1 1 1 1 1 1 1 1 1 1 1 1 1 1 1 1 1 1 1 1 1 1 1 1 1 1 1 1 1 12 12 1 1 12 7 12 1 1 1 1 1 1 1 1 1 1 1 1 1 1 1 1 1 1 1 1 1 1 1 1 1 1 1 1 1 1 1 1 1 1 1 1 1 1 1 1 1 1 1 1 1 1 1 1 1 1 1 1 12 1 12 100 12 12 12 12 12 12 12 12 12 1 1 1 1 1 1 1 1 1 1 1 1 1 1 1 1 1 1 1 1 1 1 1 1 1 1 1 1 1 1 1 1 1 1 1 1 1 1 1 1 1 1 1 1 1 1 1 1 1 1 1 1 1 1 12 1 12 12 12 12 12 12 12 12 12 1 7 12 1 1 1 1 1 1 1 1 1 1 1 1 1 1 1 1 1 1 1 1 1 1 1 1 1 1 1 1 1 1 1 1 1 1 1 1
ciInstanceKlass org/hl7/fhir/utilities/validation/ValidationMessage$IssueSeverity 1 1 142 9 10 100 7 10 10 8 10 8 9 8 9 8 9 8 9 100 100 10 8 10 8 10 10 9 10 8 8 8 8 8 8 8 8 8 8 8 10 8 8 8 8 9 7 1 1 1 1 1 1 1 1 1 1 1 1 1 1 1 1 1 1 1 1 1 1 1 1 1 1 1 1 1 1 1 1 1 1 1 1 1 1 1 1 12 100 12 100 1 12 12 1 100 12 1 12 1 12 1 12 1 12 1 1 12 1 12 1 12 12 100 12 12 1 1 1 1 1 1 1 1 1 1 12 1 1 1 1 1 1 1 1 1 1 1 1 1 1 1 1 1
staticfield org/hl7/fhir/utilities/validation/ValidationMessage$IssueSeverity FATAL Lorg/hl7/fhir/utilities/validation/ValidationMessage$IssueSeverity; org/hl7/fhir/utilities/validation/ValidationMessage$IssueSeverity
staticfield org/hl7/fhir/utilities/validation/ValidationMessage$IssueSeverity ERROR Lorg/hl7/fhir/utilities/validation/ValidationMessage$IssueSeverity; org/hl7/fhir/utilities/validation/ValidationMessage$IssueSeverity
staticfield org/hl7/fhir/utilities/validation/ValidationMessage$IssueSeverity WARNING Lorg/hl7/fhir/utilities/validation/ValidationMessage$IssueSeverity; org/hl7/fhir/utilities/validation/ValidationMessage$IssueSeverity
staticfield org/hl7/fhir/utilities/validation/ValidationMessage$IssueSeverity INFORMATION Lorg/hl7/fhir/utilities/validation/ValidationMessage$IssueSeverity; org/hl7/fhir/utilities/validation/ValidationMessage$IssueSeverity
staticfield org/hl7/fhir/utilities/validation/ValidationMessage$IssueSeverity NULL Lorg/hl7/fhir/utilities/validation/ValidationMessage$IssueSeverity; org/hl7/fhir/utilities/validation/ValidationMessage$IssueSeverity
staticfield org/hl7/fhir/utilities/validation/ValidationMessage$IssueSeverity $VALUES [Lorg/hl7/fhir/utilities/validation/ValidationMessage$IssueSeverity; 5 [Lorg/hl7/fhir/utilities/validation/ValidationMessage$IssueSeverity;
ciInstanceKlass org/hl7/fhir/r5/context/SimpleWorkerContext 1 1 1112 10 10 10 10 10 10 7 10 9 10 10 10 9 9 11 9 9 9 9 8 10 10 8 10 8 10 10 10 7 10 8 10 11 10 10 9 8 100 10 9 7 10 11 9 11 9 10 10 11 10 10 10 11 10 10 10 10 100 100 9 100 8 8 100 10 10 10 11 100 10 10 100 100 8 10 10 100 10 11 11 11 100 10 9 9 8 8 11 10 11 11 8 10 10 100 100 10 10 10 10 100 10 10 11 10 7 8 8 8 8 8 8 8 8 8 8 8 8 8 10 8 10 10 10 11 10 10 10 10 9 8 10 11 8 9 8 10 11 10 10 10 8 10 7 10 10 8 8 10 7 7 10 10 10 10 8 10 10 11 100 10 10 10 10 10 10 10 8 10 8 10 10 100 8 10 8 8 9 10 10 10 100 8 10 10 8 10 8 10 8 9 11 10 7 10 9 10 9 10 10 9 8 8 10 9 7 10 11 10 8 10 10 8 10 8 10 11 100 10 10 100 10 10 10 11 10 9 10 100 10 100 10 9 10 10 8 10 10 10 10 8 8 10 10 8 7 10 10 10 7 10 10 10 10 7 9 9 10 8 9 10 8 10 9 10 9 8 10 10 8 10 8 10 8 10 8 10 9 10 10 9 7 7 100 100 100 1 100 1 100 1 100 1 1 1 1 1 1 1 1 1 1 1 1 1 1 1 1 1 1 1 1 1 1 1 1 1 1 1 100 1 1 1 1 1 1 1 1 1 1 1 7 1 1 1 1 1 1 1 1 1 1 1 1 1 1 1 1 1 1 1 1 1 1 1 1 7 100 7 1 1 1 1 1 1 1 1 1 1 1 1 1 1 100 100 7 1 1 1 1 1 1 1 1 1 1 1 7 100 1 1 1 1 1 1 1 1 1 1 1 1 1 1 1 1 1 1 1 1 1 1 1 1 1 1 1 100 1 1 1 1 1 100 1 1 1 1 1 1 1 1 1 1 1 1 1 1 1 1 1 7 1 1 1 1 1 1 1 1 1 1 1 1 100 1 1 100 1 1 1 1 1 1 1 1 1 1 1 1 1 1 1 1 1 1 7 1 1 1 1 1 1 1 1 1 1 1 100 1 1 1 1 1 1 1 1 1 1 1 1 1 1 1 1 1 1 1 1 1 1 1 1 1 1 1 100 1 1 1 1 1 1 1 1 1 1 1 1 1 1 1 1 1 1 1 1 1 1 1 1 1 1 1 1 1 1 1 1 1 1 1 1 1 1 1 1 1 1 1 100 1 1 1 1 1 1 1 1 1 1 1 1 1 1 1 1 1 1 1 1 1 1 1 1 1 12 12 12 12 12 1 12 12 12 12 12 7 12 12 12 12 12 1 12 12 1 12 1 12 12 12 1 1 12 12 12 12 12 1 1 12 12 1 12 12 12 12 7 12 12 12 12 12 12 12 12 12 7 12 1 1 12 1 1 1 1 12 12 12 12 1 12 1 1 1 1 12 12 12 12 1 12 12 100 12 1 1 100 12 12 12 12 12 12 1 1 12 1 12 12 12 1 1 1 1 1 1 1 1 1 1 1 1 1 1 12 1 12 12 12 12 7 12 100 12 12 12 7 12 1 7 12 12 1 12 1 12 12 12 12 12 1 12 1 12 12 1 1 12 1 1 12 12 12 12 7 12 12 1 12 12 12 12 12 7 12 12 1 12 1 12 12 1 1 1 1 12 100 12 12 12 1 1 1 12 1 1 12 12 12 1 12 7 12 12 7 12 7 12 12 1 1 12 12 1 12 1 12 12 1 12 1 12 1 12 1 7 12 12 12 100 12 12 1 12 1 12 100 12 1 12 12 12 12 1 1 12 12 1 1 12 12 12 1 12 12 12 12 1 100 12 100 12 12 1 7 12 12 1 12 12 12 12 1 12 1 1 12 1 12 1 12 100 12 12 12 1 1 1 1 1 1 1 1 1 1 1 1 1 1 1 1 1 1 1 100 1 1 1 1 1 1 1 1 1 1 1 1 1 1 1 1 1 1 1 1 1 1 1 1 1 1 1 1 1 1 1 1 1 1 1 1 1 1 1 1 1 1 1 1 1 1 1 1 1 1 1 1 1 1 1 1 1 1 1 1 1 1 1 1 1 1 1 1 1 1 1 1 1 1 1 1 1 1 1 1 1 1 1 1 1 1 1 1 1 1 1 1 1 1 1 1 1 1 1 1 1 1 1 1 1 1 1 1 1 1 1 1 1 1 100 1 1 1 1 1 1 1 1 1 1 1 1 1 1 1 1 1 1 1 1 1 1 1 1 1 1 1 1 1 1 1 1 1 1 1 1 1 1 1 1 1 1 1 1 1 1 1 1 1 1 1 1 1 1 1 1 1 1 1 1 1 1 1 1 1 1 1 1 1 1 100 1 1 1 1 1 1 1 1 1 1 1 1 1 1 1 1 1 1 1 1 1 1 1 1 1 1 1 1 1 1 1 1 1 1 1 1 1 1 1 1 1 1 1 1 1 1 100 1 1
ciInstanceKlass org/hl7/fhir/utilities/Utilities 1 1 1219 10 100 10 10 10 8 10 10 10 10 10 8 10 8 8 8 10 100 10 9 9 9 8 10 8 9 8 8 8 8 8 10 10 8 8 10 10 8 7 10 8 10 8 8 8 10 10 10 10 10 7 10 10 100 8 8 10 10 10 9 10 10 11 10 7 10 10 10 10 100 10 100 10 10 10 10 10 10 10 8 11 8 8 8 11 11 11 7 8 8 10 10 9 10 10 10 10 10 10 10 10 8 10 10 8 10 8 8 8 10 8 8 8 8 8 8 8 8 8 8 8 10 8 8 8 8 8 8 8 8 8 10 10 10 8 10 8 10 10 8 8 8 8 8 10 8 8 8 10 11 11 11 10 10 10 10 8 8 10 10 10 10 8 8 8 8 8 8 100 10 10 10 11 100 8 8 8 8 8 8 10 10 8 10 100 100 10 10 10 10 8 10 10 100 10 10 8 10 10 10 10 8 8 10 8 8 10 10 10 7 8 10 10 100 10 10 10 10 100 10 8 8 8 8 10 8 8 8 8 8 8 10 8 10 100 10 10 9 10 10 10 8 8 11 10 10 11 10 8 11 10 11 11 11 8 10 100 10 10 8 8 10 8 10 10 10 10 5 0 8 7 10 10 10 8 10 8 8 10 11 100 8 10 6 0 6 0 10 10 8 6 0 8 10 8 8 5 0 100 10 10 5 0 9 10 10 9 10 9 10 9 10 9 8 8 8 100 10 10 10 10 100 10 11 100 10 100 9 10 10 10 7 10 11 11 8 10 10 10 9 10 10 8 8 8 10 8 10 100 1 1 7 1 1 1 1 1 1 1 3 1 1 1 1 1 1 1 1 1 1 1 1 1 1 1 1 1 1 1 1 1 1 1 1 1 1 1 1 100 1 1 1 1 1 1 1 1 1 1 1 1 1 1 1 1 1 1 1 1 1 1 1 1 1 1 1 1 1 1 1 1 1 1 1 1 1 1 1 1 1 1 1 1 100 1 1 1 1 1 1 1 1 1 1 1 1 1 1 1 1 1 1 1 1 1 1 1 1 1 1 1 1 1 1 1 7 1 1 1 1 1 1 1 1 1 1 1 1 1 1 1 1 1 1 1 1 1 1 1 1 1 1 1 1 1 1 1 1 1 1 1 1 1 1 1 1 1 1 1 1 1 1 1 1 1 1 1 1 1 1 1 1 1 1 1 1 1 1 1 1 1 1 1 1 1 1 1 1 1 1 1 1 7 1 1 1 1 1 1 1 1 1 1 1 1 1 1 1 1 1 1 1 1 1 100 1 1 1 1 1 1 1 1 1 1 1 1 1 1 1 1 1 1 1 1 1 1 1 1 1 1 1 1 1 1 1 1 1 1 1 1 1 100 1 1 1 1 1 1 1 1 1 1 1 1 1 1 1 1 1 1 1 1 1 1 1 1 1 1 1 1 100 1 1 1 1 1 1 100 1 1 1 1 1 1 1 1 1 1 1 1 1 1 1 1 1 1 1 1 1 1 1 1 1 1 1 1 1 1 1 1 1 1 1 1 1 1 1 1 1 1 1 1 1 1 1 1 1 1 1 1 1 1 1 1 1 1 1 1 100 100 1 1 1 1 1 1 1 1 1 1 1 1 1 1 1 1 1 1 1 1 12 1 12 7 12 1 12 12 12 7 12 12 1 12 1 1 1 100 12 1 12 12 12 12 1 12 1 12 1 1 1 1 1 12 12 1 1 12 12 1 1 1 12 1 1 1 12 12 12 12 12 1 12 12 1 1 1 12 12 12 12 12 12 12 1 12 12 1 12 1 12 100 12 12 12 1 12 1 1 1 12 12 12 1 1 1 7 12 12 12 12 12 12 12 12 12 1 12 12 1 7 12 1 1 1 12 1 1 1 1 1 1 1 1 1 1 1 12 1 1 1 1 1 1 1 1 1 12 12 1 12 1 7 12 12 1 1 1 1 1 12 1 1 1 100 12 12 12 12 12 1 1 12 12 12 1 1 1 1 1 1 1 12 12 12 1 1 1 1 1 1 12 12 1 100 12 1 1 12 100 12 12 1 12 12 1 12 1 12 100 12 1 1 12 1 1 12 12 12 1 1 12 1 12 12 12 1 12 1 1 1 1 12 1 1 1 1 1 1 12 1 12 1 12 100 12 12 12 1 1 12 12 12 12 1 12 100 12 100 12 1 12 1 12 1 1 12 1 12 12 7 12 1 1 7 12 12 12 1 12 1 1 12 100 1 1 100 12 12 1 1 12 1 1 7 12 7 12 12 12 12 12 12 12 12 12 12 1 1 1 1 12 12 1 100 12 12 1 12 1 100 12 12 12 1 12 12 12 1 12 12 12 12 12 1 1 1 12 1 12 1 1 1 1 1 1 1 1 1 1 1 1 1 1 1 1 1 1 1 1 1 1 1 1 1 1 1 1 1 1 1 1 1 1 1 1 1 1 1 1 1 1 1 1 1 1 1 1 1 1 1 1 1 1 1 1 1 1 1 1 1 1 1 1 1 1 1 1 1 1 1 1 1 1 1 1 1 1 1 1 1 1 1 1 1 1 1 1 1 1 1 1 1 1 1 1 1 1 1 1 1 1 1 1 1 1 1 1 1 1 1 1 1 1 1 1 1 1 1 1 1 1 1 1 1 1 1 1 1 1 1 1 1 1 1 1 1 1 1 1 1 1 1 1 1 1 1 1 1 1 1 1 1 1 1 1 1 1 1 1 1 1 1 1 1 1 1 1 1 1 1 1 1 1 1 1 1
staticfield org/hl7/fhir/utilities/Utilities illegalChars [I 41
ciInstanceKlass java/util/NoSuchElementException 0 0 34 10 100 12 1 1 1 10 12 1 10 12 1 10 12 1 100 1 1 1 1 5 0 1 1 1 1 1 1 1 1 1 1 1
ciInstanceKlass org/hl7/fhir/exceptions/FHIRFormatError 0 0 34 10 10 10 10 100 100 1 1 1 5 0 1 1 1 1 1 1 1 1 1 1 1 1 1 1 1 1 12 12 12 12 1 1
instanceKlass org/hl7/fhir/r5/model/SubstanceAmount
instanceKlass org/hl7/fhir/r5/model/Timing
instanceKlass org/hl7/fhir/r5/model/ProductShelfLife
instanceKlass org/hl7/fhir/r5/model/ProdCharacteristic
instanceKlass org/hl7/fhir/r5/model/Population
instanceKlass org/hl7/fhir/r5/model/MarketingStatus
instanceKlass org/hl7/fhir/r5/model/ElementDefinition
instanceKlass org/hl7/fhir/r5/model/Dosage
ciInstanceKlass org/hl7/fhir/r5/model/BackboneType 1 1 246 10 9 100 10 11 11 11 100 10 10 11 10 11 10 11 10 100 8 8 8 100 3 10 10 100 11 11 100 10 10 10 10 10 10 100 10 10 8 10 10 10 7 10 10 10 10 10 100 100 10 8 10 8 10 10 10 7 100 1 1 1 1 1 1 1 1 1 1 3 1 1 3 1 3 1 1 1 1 1 1 1 1 1 5 0 1 1 1 1 1 1 1 1 1 1 1 1 1 1 1 1 1 1 1 100 1 1 1 1 1 1 1 1 1 1 1 1 1 1 1 1 1 1 1 1 1 1 1 1 1 1 1 1 1 1 1 1 1 1 1 1 1 1 1 1 1 1 1 1 1 1 1 1 1 1 1 1 1 1 1 1 1 1 1 12 12 1 100 12 12 12 1 12 12 12 12 12 12 1 1 1 12 12 1 12 12 1 12 100 12 12 12 12 12 1 12 12 12 12 12 1 12 12 100 12 12 1 1 1 12 1 12 12 12 1 1 1 1 1 1 1 1 1 1 1 1 1 1 1 1 1 1 1 1 1 1 1 1 1 1 1 1 1 1 1
ciInstanceKlass org/hl7/fhir/r5/model/ElementDefinition 1 1 2486 10 10 9 10 100 8 10 10 7 10 10 10 7 10 9 7 10 11 11 11 7 10 100 10 10 11 10 10 7 10 9 8 10 9 8 7 10 10 10 100 10 10 10 9 8 9 7 10 10 10 11 10 11 9 8 7 10 10 9 8 9 8 7 10 10 10 10 9 8 9 8 9 10 9 8 7 10 10 10 7 10 10 10 9 8 9 8 7 10 10 9 8 7 10 10 10 10 9 7 10 10 10 10 9 7 10 100 100 10 8 10 10 10 8 10 10 8 7 10 8 7 10 8 7 10 8 7 10 8 7 10 8 7 10 8 7 10 8 7 10 8 7 10 8 8 7 10 8 7 10 8 8 7 10 8 8 8 7 10 8 7 10 8 7 10 8 7 10 8 7 10 8 7 10 8 7 10 8 7 10 8 8 7 10 8 7 10 8 7 10 8 7 10 8 7 10 8 7 10 8 7 10 8 7 10 8 7 10 8 100 10 8 100 10 8 100 10 8 100 10 8 100 10 8 100 10 8 100 10 8 100 10 8 100 10 8 100 10 8 100 10 8 100 10 8 100 10 8 100 10 8 100 10 8 100 10 8 100 10 8 10 8 10 9 8 9 8 9 8 9 8 9 100 10 10 10 10 9 8 9 8 9 8 10 10 10 9 10 10 10 9 7 10 10 10 10 9 8 9 8 9 8 9 8 9 8 7 10 10 9 7 10 10 10 10 10 100 8 8 8 10 8 8 8 3 10 8 8 8 8 8 8 8 8 8 8 8 8 8 8 8 8 8 8 8 8 8 8 8 8 8 8 8 8 8 8 8 8 8 8 8 8 8 8 8 8 8 8 8 8 8 8 8 8 8 8 8 8 8 8 8 8 8 8 8 8 8 8 8 8 8 8 8 8 8 8 8 8 8 8 8 8 8 8 8 8 8 8 8 8 8 8 8 8 8 8 8 8 8 8 8 8 8 8 8 8 8 8 8 8 8 8 8 8 8 8 8 8 8 8 8 8 8 10 100 11 11 100 10 10 10 10 10 10 10 10 10 10 10 10 10 10 10 10 10 10 10 10 10 10 10 10 10 10 10 10 10 10 10 10 10 10 10 10 10 10 10 10 10 10 10 10 10 10 10 10 8 8 8 8 8 8 8 8 8 8 8 8 8 8 8 8 8 8 8 8 8 8 8 8 8 8 8 8 8 8 8 8 8 8 8 8 8 8 8 8 8 8 8 8 8 8 8 8 8 8 8 8 8 8 8 8 8 8 8 8 8 8 8 8 8 8 8 8 8 8 8 8 8 8 8 8 8 8 8 8 8 8 8 8 8 8 8 8 8 8 8 8 8 8 8 8 8 8 8 8 8 8 8 8 8 8 8 8 8 8 8 8 8 8 8 8 8 8 8 8 8 8 8 8 8 8 8 8 8 8 8 8 8 8 8 8 8 8 8 8 8 8 8 8 8 8 8 8 8 8 8 8 8 8 8 8 8 8 8 8 8 8 8 8 8 8 8 8 8 8 8 8 8 8 8 8 8 8 8 8 8 8 8 8 8 8 8 8 8 8 8 8 8 8 8 8 8 8 8 8 10 8 7 10 10 10 10 10 10 10 10 10 10 10 10 10 10 10 10 10 10 10 10 10 10 10 10 10 10 10 10 100 10 10 10 10 10 8 10 10 10 10 10 10 100 10 10 10 10 10 8 10 8 10 10 10 10 10 10 10 10 10 8 10 10 8 10 10 10 8 10 8 8 10 8 7 100 100 1 1 1 1 1 1 1 100 1 1 100 1 100 1 100 1 100 1 1 1 100 1 100 1 100 1 100 1 100 1 100 1 1 1 1 1 1 1 1 3 1 3 1 1 1 1 1 1 1 1 1 1 1 1 1 3 1 1 1 1 1 1 3 1 1 1 1 3 1 1 1 3 1 1 1 1 1 3 1 1 1 1 1 3 1 1 1 1 3 1 1 1 1 3 1 1 1 3 1 1 1 3 1 1 1 1 3 1 1 1 3 1 1 3 1 1 1 1 3 1 1 1 1 3 1 1 1 3 1 1 1 1 1 1 1 1 1 1 1 1 1 1 1 1 1 1 1 1 1 1 1 1 1 1 1 1 1 1 1 1 1 1 1 1 1 1 1 1 1 1 1 1 1 1 1 1 1 1 3 1 1 1 3 1 1 1 3 1 1 1 3 1 1 1 3 1 1 1 1 3 1 1 1 3 1 1 1 3 1 1 1 3 1 1 1 1 3 1 1 1 1 3 1 1 1 3 1 1 1 3 1 1 1 3 1 1 1 3 1 1 1 1 3 1 1 1 1 3 1 1 1 1 1 5 0 1 1 1 1 1 1 1 1 1 1 1 1 1 1 1 1 1 1 1 1 1 1 1 1 1 1 1 1 1 1 1 1 1 1 1 1 1 1 1 7 1 1 1 1 1 1 1 1 1 1 1 1 1 1 1 1 1 1 1 1 1 1 1 1 1 1 1 1 1 1 1 1 1 1 1 1 1 1 1 1 1 1 1 1 1 1 1 1 1 1 1 1 1 1 1 1 1 1 1 1 1 1 1 1 1 1 1 1 1 1 1 1 1 1 1 1 1 1 1 1 1 1 1 1 1 1 1 1 1 1 1 1 1 1 1 1 1 1 1 1 1 1 1 1 1 1 1 1 1 1 1 1 1 1 1 1 1 1 1 1 1 1 1 1 1 1 1 1 1 1 1 1 1 1 1 1 1 1 1 1 1 1 1 1 1 1 1 1 1 1 1 1 1 1 1 1 1 1 1 1 1 1 1 1 1 1 1 1 1 1 1 1 1 1 1 1 1 1 1 1 1 1 1 1 1 1 1 1 1 1 1 1 1 1 1 1 1 1 1 1 1 1 1 1 1 1 1 1 1 1 1 1 1 1 1 1 1 1 1 1 1 1 1 1 1 1 1 1 1 1 1 1 1 1 1 1 1 1 1 1 1 1 1 1 1 1 1 1 1 1 1 1 1 1 1 1 1 1 1 1 1 1 1 1 1 1 1 1 1 1 1 1 1 1 1 1 1 1 1 1 1 1 1 1 1 1 1 1 1 1 1 1 1 1 1 1 1 1 1 1 1 1 1 1 1 1 1 1 1 1 1 1 1 1 1 1 1 1 1 1 1 1 1 1 1 1 1 1 1 1 1 1 1 1 1 1 1 1 1 1 1 1 1 1 1 1 1 1 1 1 1 1 1 1 1 1 1 1 1 1 1 1 1 1 1 1 1 1 1 1 1 1 1 1 1 1 1 1 1 1 1 1 1 1 1 1 1 1 1 1 1 1 1 1 1 1 1 1 1 1 1 1 1 1 1 1 1 1 1 1 1 1 1 1 1 1 1 1 1 1 1 1 1 1 1 1 1 1 1 1 1 1 1 1 1 1 1 1 1 1 1 1 1 1 1 1 1 1 1 1 1 1 1 1 1 1 1 1 1 1 1 1 1 1 1 1 1 1 1 1 1 1 1 1 1 1 1 1 1 1 1 1 1 1 1 1 1 1 1 1 1 1 1 1 1 1 1 1 1 1 1 1 1 1 1 1 1 1 1 1 1 1 1 1 1 1 1 1 1 1 1 1 1 1 1 1 1 1 1 1 1 1 1 1 1 1 1 1 1 1 1 1 1 1 1 1 1 1 1 1 1 1 1 1 1 1 1 1 1 1 1 1 1 1 1 1 1 1 1 1 1 1 1 1 1 1 1 1 1 1 1 1 1 1 1 1 1 1 1 1 1 1 1 1 1 1 1 1 1 1 1 1 1 1 1 1 1 1 1 1 1 1 1 1 1 1 1 1 1 1 1 1 1 1 1 1 1 1 1 1 1 1 1 1 1 1 1 1 1 1 1 1 1 1 1 1 1 1 1 1 1 1 1 1 1 1 1 1 1 1 1 1 1 1 7 1 1 1 1 1 1 1 1 1 1 1 1 1 1 1 1 1 1 1 1 1 1 1 1 1 1 1 1 1 1 1 1 1 1 1 1 1 1 12 12 12 100 12 1 1 12 12 1 12 12 1 12 12 1 7 12 12 12 1 1 12 12 1 12 12 1 7 12 12 1 1 1 12 12 12 1 12 1 12 12 12 12 1 1 12 1 12 1 1 12 1 12 1 12 12 1 1 1 12 12 12 1 12 1 1 12 1 1 12 1 12 12 12 1 1 1 1 12 12 100 12 1 12 1 1 1 1 1 1 1 1 1 1 1 1 1 1 1 1 1 1 1 1 1 1 1 1 1 1 1 1 1 1 1 1 1 1 1 1 1 1 1 1 1 1 1 1 1 1 1 1 1 1 1 1 1 1 1 1 1 1 1 1 1 1 1 1 1 1 1 1 1 1 1 1 1 1 1 1 1 1 1 1 1 1 1 1 1 1 1 1 1 1 1 1 1 1 1 1 1 1 1 12 12 1 12 1 12 1 12 1 12 1 12 12 12 1 12 1 12 1 12 12 12 12 1 12 12 12 1 12 1 12 1 12 1 12 1 1 12 1 12 12 12 1 1 12 12 1 1 1 1 1 1 1 1 1 1 1 1 1 1 1 1 1 1 1 1 1 1 1 1 1 1 1 1 1 1 1 1 1 1 1 1 1 1 1 1 1 1 1 1 1 1 1 1 1 1 1 1 1 1 1 1 1 12 1 12 12 1 12 100 12 12 12 12 12 12 12 12 12 12 12 12 12 12 12 12 12 12 12 12 12 12 12 12 12 12 12 12 12 12 12 12 12 12 12 12 12 12 12 12 12 12 12 12 12 12 12 1 1 1 1 1 1 1 1 1 1 1 1 1 1 1 1 1 1 1 1 1 1 1 1 1 1 1 1 1 1 1 1 1 1 1 1 1 1 1 1 1 1 1 1 1 1 1 1 1 1 1 1 1 1 1 1 1 1 1 1 1 1 1 1 1 1 1 1 1 1 1 1 1 1 1 1 1 1 1 1 1 1 1 1 1 1 1 1 1 1 1 1 1 1 1 1 1 1 1 1 1 1 1 1 1 1 1 1 1 1 1 1 1 1 1 1 1 1 1 1 1 1 1 1 1 1 1 1 1 1 1 1 1 1 1 1 1 1 1 1 1 1 1 1 1 1 1 1 1 1 1 1 1 1 1 1 1 1 1 1 1 1 1 1 1 1 1 1 1 1 1 1 1 1 1 1 1 1 1 1 1 1 1 1 1 1 1 1 1 1 1 1 1 1 1 1 1 1 1 1 12 1 12 12 12 12 12 12 12 12 12 12 12 12 12 12 12 12 12 12 12 12 12 12 12 12 12 12 1 100 12 12 12 12 12 1 12 12 12 12 12 12 1 12 12 12 1 1 12 12 12 12 12 12 12 12 1 12 12 1 12 12 12 1 12 1 1 12 1 1 1 1 1 1 1 1 1 1 1 1 1 1 1 1 1 1 1 1 1 1 1 1 1 1 1 1 1 1 1 1 1 1 1 1 1 1 1 1 1 1 1 1 1 1 1 1 1 1 1 1 1 1 1 1 1 1 1 1 1 1 1 1 1 1 1 1 1 1 1 1 1 1 1 1 1 1 1 1 1 1 1 1 1 1 1 1 1 1 1 1 1 1 1 1 1 1 1 1 1 1 1 1
ciInstanceKlass java/lang/AssertionError 0 0 79 10 100 12 1 1 1 10 12 1 10 100 12 1 1 1 10 100 1 100 1 10 12 1 1 10 12 1 10 12 1 10 12 1 10 12 1 10 12 1 10 12 1 10 12 1 1 1 1 5 0 1 1 1 1 1 1 1 1 1 1 100 1 1 1 1 1 1 1 1 1 1 1 1 1 1 1 1 1
ciInstanceKlass java/io/StringWriter 1 1 115 10 7 12 1 1 1 7 1 10 9 7 12 1 1 1 9 12 1 1 100 1 8 1 10 12 1 10 12 1 10 12 1 1 100 1 10 10 12 1 10 12 1 10 12 1 10 7 12 1 1 1 10 12 1 8 1 11 100 12 1 1 1 10 12 1 10 12 10 12 1 1 10 12 1 10 12 1 1 1 1 1 1 1 1 1 1 1 1 1 1 1 1 1 1 1 1 1 1 1 1 1 1 1 1 100 1 1 1 1 1 1 1 1 1
ciInstanceKlass java/util/ConcurrentModificationException 0 0 34 10 100 12 1 1 1 10 12 1 10 12 1 10 12 1 100 1 1 1 1 5 0 1 1 1 1 1 1 1 1 1 1 1
ciInstanceKlass org/w3c/dom/Node 1 0 101 100 1 100 1 1 1 1 3 1 3 1 3 1 3 1 3 1 3 1 3 1 3 1 3 1 3 1 3 1 3 1 1 1 1 1 3 1 3 1 1 1 1 100 1 1 1 1 1 1 1 1 1 1 1 1 1 1 1 1 1 1 1 1 1 1 1 1 1 1 1 1 1 1 1 1 1 1 1 1 1 1 1 1 1 1 1 1 1 1 1 1 1 1 1 1 1 1 1 1 1
ciInstanceKlass org/hl7/fhir/r5/model/ElementDefinition$PropertyRepresentation 1 1 153 9 10 7 7 10 10 8 10 8 9 8 9 8 9 8 9 8 9 10 100 100 10 8 10 8 10 10 9 10 8 8 8 8 8 8 8 8 8 8 8 8 8 10 8 8 8 8 9 7 1 1 1 1 1 1 1 1 1 1 1 1 1 1 1 1 1 1 1 1 1 1 1 1 1 1 1 1 1 1 1 1 1 1 1 1 1 1 12 7 12 100 1 12 12 1 100 12 1 12 1 12 1 12 1 12 1 12 100 12 1 1 12 1 12 1 12 12 100 12 12 1 1 1 1 1 1 1 1 1 1 1 12 1 1 1 1 1 1 1 1 1 1 1 1 1 1 1 1 1 1 1 1
staticfield org/hl7/fhir/r5/model/ElementDefinition$PropertyRepresentation XMLATTR Lorg/hl7/fhir/r5/model/ElementDefinition$PropertyRepresentation; org/hl7/fhir/r5/model/ElementDefinition$PropertyRepresentation
staticfield org/hl7/fhir/r5/model/ElementDefinition$PropertyRepresentation XMLTEXT Lorg/hl7/fhir/r5/model/ElementDefinition$PropertyRepresentation; org/hl7/fhir/r5/model/ElementDefinition$PropertyRepresentation
staticfield org/hl7/fhir/r5/model/ElementDefinition$PropertyRepresentation TYPEATTR Lorg/hl7/fhir/r5/model/ElementDefinition$PropertyRepresentation; org/hl7/fhir/r5/model/ElementDefinition$PropertyRepresentation
staticfield org/hl7/fhir/r5/model/ElementDefinition$PropertyRepresentation CDATEXT Lorg/hl7/fhir/r5/model/ElementDefinition$PropertyRepresentation; org/hl7/fhir/r5/model/ElementDefinition$PropertyRepresentation
staticfield org/hl7/fhir/r5/model/ElementDefinition$PropertyRepresentation XHTML Lorg/hl7/fhir/r5/model/ElementDefinition$PropertyRepresentation; org/hl7/fhir/r5/model/ElementDefinition$PropertyRepresentation
staticfield org/hl7/fhir/r5/model/ElementDefinition$PropertyRepresentation NULL Lorg/hl7/fhir/r5/model/ElementDefinition$PropertyRepresentation; org/hl7/fhir/r5/model/ElementDefinition$PropertyRepresentation
staticfield org/hl7/fhir/r5/model/ElementDefinition$PropertyRepresentation $VALUES [Lorg/hl7/fhir/r5/model/ElementDefinition$PropertyRepresentation; 6 [Lorg/hl7/fhir/r5/model/ElementDefinition$PropertyRepresentation;
ciInstanceKlass org/hl7/fhir/r5/model/ElementDefinition$ElementDefinitionBaseComponent 1 1 291 10 10 10 10 9 10 100 8 10 10 7 10 10 10 7 10 9 8 7 10 10 10 7 10 10 10 9 8 10 100 8 8 8 10 11 8 8 8 8 8 10 100 10 10 10 10 10 10 10 10 10 10 10 100 8 10 8 8 10 7 10 10 10 10 10 10 10 10 10 10 7 10 8 10 7 100 1 1 1 1 1 1 1 3 1 1 1 3 1 1 1 1 1 1 1 3 1 1 3 1 1 1 1 1 5 0 1 1 1 1 1 1 1 1 1 1 1 1 1 1 1 1 1 1 1 1 1 1 1 1 1 1 1 1 1 1 1 1 1 1 1 1 1 1 1 1 1 1 1 1 1 1 1 1 1 1 1 1 1 1 1 1 1 1 1 1 100 1 1 1 1 1 1 1 1 1 1 1 1 1 1 1 1 1 1 1 1 1 1 1 1 1 1 12 12 12 12 12 100 12 1 1 12 12 1 12 12 1 12 12 1 1 1 12 12 12 1 12 1 1 12 100 12 1 12 1 12 100 12 12 12 12 12 12 12 12 12 12 1 1 1 1 12 100 1 12 12 12 12 12 12 12 12 1 7 12 1 12 1 1 1 1 1 1 1 1 1 1 1 1 1 1 1 1 1 1 1 1 1 1 1 1 1 1 1 1 1 1 1 1
ciInstanceKlass org/hl7/fhir/r5/model/ElementDefinition$TypeRefComponent 1 1 539 10 10 9 10 100 8 10 10 7 10 10 10 7 10 9 7 10 11 11 11 7 10 10 11 10 10 10 9 9 100 10 100 10 10 10 10 100 10 9 8 100 10 100 10 100 8 8 8 10 8 8 8 100 3 10 8 8 8 8 8 8 10 100 11 11 100 10 10 10 10 10 10 10 10 10 10 10 10 10 10 10 10 10 8 10 100 8 10 8 8 8 8 10 7 10 10 10 10 10 10 10 10 10 10 10 10 10 7 10 8 10 8 8 10 100 8 10 10 10 8 10 10 8 10 8 8 8 8 8 8 8 8 8 8 8 8 8 8 8 8 8 8 8 8 8 8 8 8 100 10 8 10 8 10 10 8 8 8 10 8 8 10 10 7 100 1 1 1 1 1 1 1 3 1 1 1 3 1 1 1 1 1 1 1 1 1 1 1 1 1 1 3 3 1 1 1 3 1 1 1 1 1 1 1 3 1 1 1 1 1 1 1 3 1 1 1 1 1 1 5 0 1 1 1 1 1 1 1 1 1 1 1 1 1 1 1 1 1 1 1 1 1 1 1 1 1 1 1 1 1 1 1 1 1 7 1 1 1 1 1 1 1 1 1 1 1 1 1 1 1 1 1 1 1 1 1 1 1 1 1 1 1 1 1 1 1 1 1 1 1 1 1 1 1 1 1 1 1 1 1 1 1 1 1 1 1 1 1 1 1 1 1 1 1 1 1 1 1 1 1 1 1 1 1 1 1 1 1 1 1 1 1 1 1 1 1 1 1 1 1 1 1 1 1 1 12 12 12 100 12 1 1 12 12 1 12 12 1 12 12 1 7 12 12 12 1 12 12 12 12 1 100 1 1 12 1 12 1 1 1 1 12 1 1 12 1 1 12 12 1 12 12 1 12 100 12 12 12 12 12 12 12 12 12 12 12 12 12 12 12 1 12 1 1 1 1 1 1 12 1 12 12 12 12 12 12 12 12 12 12 12 1 7 12 1 12 1 1 100 12 1 1 12 12 12 1 1 12 1 1 1 1 1 1 1 1 1 1 1 1 1 1 1 1 1 1 1 1 1 1 1 1 1 1 12 1 12 12 1 1 1 12 1 1 12 12 1 1 1 1 1 1 1 1 1 1 1 1 1 1 1 1 1 1 1 1 1 1 1 1 1 1 1 1 1 1 1 1 1 1 1 1 1 1 1 1 1 1 1 1 1 1 1 1 1 1 1 1
ciInstanceKlass org/hl7/fhir/r5/model/Enumeration 1 1 192 10 100 8 10 9 10 10 7 10 7 10 9 100 10 11 11 11 100 10 11 11 8 11 11 7 10 10 11 11 10 10 10 10 10 7 100 100 1 1 1 5 0 1 1 1 1 1 1 1 1 1 1 1 1 1 1 1 1 1 1 1 1 1 1 1 100 1 1 1 1 1 1 1 1 1 1 100 1 1 1 1 1 1 1 1 1 1 1 1 1 1 1 1 1 100 100 1 1 1 1 1 1 1 1 1 1 1 1 1 1 1 1 1 1 1 1 1 1 1 1 1 1 1 1 3 12 1 1 12 12 12 12 1 12 1 12 12 1 100 12 12 12 1 12 12 12 12 100 12 1 12 12 12 100 12 12 12 12 12 12 1 1 1 1 1 1 1 1 1 1 1 1 1 1 1 1 1 1 1 1 1 1 1 1 1 1 1 1 1 1 1
ciInstanceKlass org/hl7/fhir/r5/model/StructureDefinition$StructureDefinitionKind 1 1 145 9 10 7 7 10 10 8 10 8 9 8 9 8 9 8 9 10 100 100 10 8 10 8 10 10 9 10 8 8 8 8 8 8 8 8 8 8 8 10 8 8 8 8 9 7 1 1 1 1 1 1 1 1 1 1 1 1 1 1 1 1 1 1 1 1 1 1 1 1 1 1 1 1 1 1 1 1 1 1 1 1 1 12 7 12 100 1 12 12 1 100 12 1 12 1 12 1 12 1 12 100 12 1 1 12 1 12 1 12 12 100 12 12 1 1 1 1 1 1 1 1 1 1 12 1 1 1 1 1 1 1 1 1 1 1 1 1 1 1 1 1 1 1 1
staticfield org/hl7/fhir/r5/model/StructureDefinition$StructureDefinitionKind PRIMITIVETYPE Lorg/hl7/fhir/r5/model/StructureDefinition$StructureDefinitionKind; org/hl7/fhir/r5/model/StructureDefinition$StructureDefinitionKind
staticfield org/hl7/fhir/r5/model/StructureDefinition$StructureDefinitionKind COMPLEXTYPE Lorg/hl7/fhir/r5/model/StructureDefinition$StructureDefinitionKind; org/hl7/fhir/r5/model/StructureDefinition$StructureDefinitionKind
staticfield org/hl7/fhir/r5/model/StructureDefinition$StructureDefinitionKind RESOURCE Lorg/hl7/fhir/r5/model/StructureDefinition$StructureDefinitionKind; org/hl7/fhir/r5/model/StructureDefinition$StructureDefinitionKind
staticfield org/hl7/fhir/r5/model/StructureDefinition$StructureDefinitionKind LOGICAL Lorg/hl7/fhir/r5/model/StructureDefinition$StructureDefinitionKind; org/hl7/fhir/r5/model/StructureDefinition$StructureDefinitionKind
staticfield org/hl7/fhir/r5/model/StructureDefinition$StructureDefinitionKind NULL Lorg/hl7/fhir/r5/model/StructureDefinition$StructureDefinitionKind; org/hl7/fhir/r5/model/StructureDefinition$StructureDefinitionKind
staticfield org/hl7/fhir/r5/model/StructureDefinition$StructureDefinitionKind $VALUES [Lorg/hl7/fhir/r5/model/StructureDefinition$StructureDefinitionKind; 5 [Lorg/hl7/fhir/r5/model/StructureDefinition$StructureDefinitionKind;
ciInstanceKlass org/hl7/fhir/r5/model/StructureDefinition$StructureDefinitionSnapshotComponent 1 1 232 10 10 9 7 10 11 11 11 7 10 10 11 10 11 10 11 10 100 8 8 8 100 3 10 10 100 11 11 100 10 10 10 10 10 10 100 10 10 7 10 10 10 10 10 10 10 10 10 8 10 7 100 1 1 1 1 1 1 1 1 1 1 3 1 1 3 1 3 1 1 1 1 1 1 1 1 1 5 0 1 1 1 1 1 1 1 1 1 1 1 1 1 1 1 1 1 1 1 1 1 1 100 1 1 1 1 1 1 1 1 1 1 1 1 1 1 1 1 1 1 1 100 1 1 1 1 1 1 1 1 1 1 1 1 1 1 1 1 1 1 1 1 1 1 1 1 1 1 1 1 1 1 1 1 1 1 12 12 12 1 7 12 12 12 1 12 12 12 12 12 12 1 1 1 12 12 1 12 12 1 12 100 12 12 12 12 12 1 12 12 100 1 12 12 12 12 12 12 7 12 1 12 1 1 1 1 1 1 1 1 1 1 1 1 1 1 1 1 1 1 1 1 1 1 1 1 1 1 1 1 1
ciInstanceKlass org/hl7/fhir/utilities/xml/XMLUtil 1 1 589 10 10 10 10 10 10 10 10 10 10 3 3 3 10 10 8 10 8 8 100 8 10 10 10 8 10 10 10 10 7 10 10 10 10 8 10 8 8 10 8 8 8 10 7 10 8 10 10 10 8 10 8 11 11 7 11 7 10 11 11 10 11 11 11 100 10 11 10 10 8 10 8 8 8 8 8 10 11 11 11 100 11 11 10 8 100 8 10 11 8 10 10 8 11 10 10 10 100 10 10 10 100 10 11 11 11 10 10 100 10 100 100 10 10 10 8 8 11 11 10 11 11 11 11 11 11 11 11 11 8 10 11 11 11 11 10 11 7 100 1 1 1 8 1 1 1 1 1 1 1 1 1 1 1 1 1 1 1 1 1 1 1 1 1 1 1 1 1 1 1 1 1 1 1 1 1 1 100 100 1 100 1 1 1 1 1 1 1 1 1 100 1 1 1 1 1 1 1 1 1 1 1 1 1 1 1 1 1 1 1 1 1 1 1 1 1 1 1 1 1 1 1 1 100 1 1 1 1 1 1 1 1 7 1 100 100 1 1 1 1 1 1 1 1 1 1 1 1 1 1 1 1 1 1 1 1 1 1 1 1 1 1 1 1 1 1 1 1 1 1 1 1 1 1 1 1 1 1 1 1 1 1 1 1 1 1 1 1 1 1 100 1 1 1 100 1 1 1 1 1 1 1 100 1 1 1 1 1 1 100 1 1 1 1 1 1 1 1 1 1 1 1 1 1 1 1 1 1 1 1 1 1 1 12 12 12 12 12 12 12 12 12 12 12 12 1 12 1 1 1 1 12 12 12 1 12 12 12 12 1 12 12 12 1 12 1 1 12 1 1 1 12 1 1 12 100 12 12 1 1 12 12 1 12 1 12 12 12 12 12 12 1 12 12 100 12 1 12 1 1 1 1 1 12 100 12 12 12 1 12 100 12 12 1 1 12 12 1 12 12 1 100 12 100 12 12 12 1 12 12 100 12 1 12 12 100 12 12 1 12 1 1 12 100 12 1 1 12 12 12 12 12 12 12 12 12 100 12 12 1 12 12 12 12 12 12 1 1 1 1 1 1 1 1 1 1 1 1 1 1 1 1 1 1 1 1 1 1 1 1 1 1 1 1 1 1 1 1 1 1 1 1 1 1 1 1 1 1 1 1 1 1 1 1 1 1 1 1 1 1 1 1 1 1 1 1 1 1 1 1 1 1 1 1 1 1 1 1 1 1 1 1 1 1 1 1 1 1 1 1 1 1 1 1 1 1 1 1 1 1 1 1 1 1 1 1 1 1 1 1 1 1 1 1 1 1 1 1 1 1 1 1 1 1 1 1 1 1
ciInstanceKlass ca/uhn/fhir/util/ElementUtil 1 1 157 10 100 12 1 1 1 7 1 10 7 12 1 1 1 7 1 10 12 1 7 1 11 11 12 1 1 11 12 1 1 100 1 100 1 10 8 1 10 12 1 1 10 12 1 1 10 12 1 8 1 10 100 12 1 1 1 10 12 1 10 12 1 100 1 10 100 1 10 12 1 1 11 12 1 1 11 100 12 1 1 11 12 1 1 100 1 8 1 10 10 12 1 1 10 12 1 1 10 12 1 1 100 1 11 12 1 1 10 12 1 1 1 1 1 1 1 1 1 1 1 1 1 1 1 1 1 1 1 1 1 1 1 1 1 1 1 1 1 1 1 1 1 1 1 1 1 1 1 100 1 1 1 1 1 1 1
ciInstanceKlass org/hl7/fhir/utilities/validation/ValidationMessage 1 1 332 10 9 9 9 100 8 10 9 10 9 9 9 9 9 10 8 10 9 9 8 10 8 8 8 8 8 8 8 8 8 100 10 10 10 8 8 10 8 8 10 8 8 10 8 8 8 8 10 8 8 8 8 8 10 8 8 8 10 100 9 10 8 10 8 8 8 10 10 7 10 10 10 10 10 10 8 7 10 10 10 10 10 9 9 9 9 9 9 9 9 10 100 100 100 1 100 1 7 1 100 1 1 1 1 1 1 1 1 1 1 1 1 1 1 1 1 1 1 1 1 1 1 1 1 1 1 1 1 1 1 1 1 1 1 100 1 1 1 1 1 1 1 1 1 1 1 1 1 1 1 1 1 1 1 1 1 1 1 1 1 1 1 1 1 1 1 1 1 1 1 1 1 1 1 1 1 1 1 1 1 1 1 1 1 1 1 1 1 1 1 1 1 1 1 1 1 1 1 1 1 1 1 1 1 1 1 1 1 1 1 1 1 1 12 12 12 12 1 1 12 12 7 12 12 12 12 12 12 12 1 12 12 12 1 12 1 1 1 1 1 1 1 1 1 1 12 12 1 1 100 12 1 1 1 1 12 1 1 1 1 12 1 1 1 1 1 12 1 1 1 12 1 100 12 12 12 12 12 1 12 12 12 12 1 1 12 12 12 12 12 12 12 12 12 12 12 12 12 12 1 1 1 1 1 1 1 1 1 1 1 1 1 1 1 1 1 1 1 1 1 1 1 1 1 1 1 1 1 1 1 1
ciInstanceKlass org/hl7/fhir/utilities/validation/ValidationMessage$Source 1 1 96 9 10 100 7 10 10 8 10 9 8 9 8 9 8 9 8 9 8 9 8 9 8 9 8 9 8 9 8 9 8 9 8 9 7 1 1 1 1 1 1 1 1 1 1 1 1 1 1 1 1 1 1 1 1 1 1 1 1 1 1 1 1 1 1 1 1 1 1 1 1 12 100 12 100 1 12 12 12 12 12 12 12 12 12 12 12 12 12 12 12 1 1 1 1 1
staticfield org/hl7/fhir/utilities/validation/ValidationMessage$Source ExampleValidator Lorg/hl7/fhir/utilities/validation/ValidationMessage$Source; org/hl7/fhir/utilities/validation/ValidationMessage$Source
staticfield org/hl7/fhir/utilities/validation/ValidationMessage$Source ProfileValidator Lorg/hl7/fhir/utilities/validation/ValidationMessage$Source; org/hl7/fhir/utilities/validation/ValidationMessage$Source
staticfield org/hl7/fhir/utilities/validation/ValidationMessage$Source ResourceValidator Lorg/hl7/fhir/utilities/validation/ValidationMessage$Source; org/hl7/fhir/utilities/validation/ValidationMessage$Source
staticfield org/hl7/fhir/utilities/validation/ValidationMessage$Source InstanceValidator Lorg/hl7/fhir/utilities/validation/ValidationMessage$Source; org/hl7/fhir/utilities/validation/ValidationMessage$Source
staticfield org/hl7/fhir/utilities/validation/ValidationMessage$Source Template Lorg/hl7/fhir/utilities/validation/ValidationMessage$Source; org/hl7/fhir/utilities/validation/ValidationMessage$Source
staticfield org/hl7/fhir/utilities/validation/ValidationMessage$Source Schema Lorg/hl7/fhir/utilities/validation/ValidationMessage$Source; org/hl7/fhir/utilities/validation/ValidationMessage$Source
staticfield org/hl7/fhir/utilities/validation/ValidationMessage$Source Schematron Lorg/hl7/fhir/utilities/validation/ValidationMessage$Source; org/hl7/fhir/utilities/validation/ValidationMessage$Source
staticfield org/hl7/fhir/utilities/validation/ValidationMessage$Source Publisher Lorg/hl7/fhir/utilities/validation/ValidationMessage$Source; org/hl7/fhir/utilities/validation/ValidationMessage$Source
staticfield org/hl7/fhir/utilities/validation/ValidationMessage$Source LinkChecker Lorg/hl7/fhir/utilities/validation/ValidationMessage$Source; org/hl7/fhir/utilities/validation/ValidationMessage$Source
staticfield org/hl7/fhir/utilities/validation/ValidationMessage$Source Ontology Lorg/hl7/fhir/utilities/validation/ValidationMessage$Source; org/hl7/fhir/utilities/validation/ValidationMessage$Source
staticfield org/hl7/fhir/utilities/validation/ValidationMessage$Source ProfileComparer Lorg/hl7/fhir/utilities/validation/ValidationMessage$Source; org/hl7/fhir/utilities/validation/ValidationMessage$Source
staticfield org/hl7/fhir/utilities/validation/ValidationMessage$Source TerminologyEngine Lorg/hl7/fhir/utilities/validation/ValidationMessage$Source; org/hl7/fhir/utilities/validation/ValidationMessage$Source
staticfield org/hl7/fhir/utilities/validation/ValidationMessage$Source QuestionnaireResponseValidator Lorg/hl7/fhir/utilities/validation/ValidationMessage$Source; org/hl7/fhir/utilities/validation/ValidationMessage$Source
staticfield org/hl7/fhir/utilities/validation/ValidationMessage$Source $VALUES [Lorg/hl7/fhir/utilities/validation/ValidationMessage$Source; 13 [Lorg/hl7/fhir/utilities/validation/ValidationMessage$Source;
ciInstanceKlass org/hl7/fhir/utilities/validation/ValidationMessage$IssueType 1 1 397 9 10 100 7 10 10 8 10 8 9 8 9 8 9 8 9 8 9 8 9 8 9 8 9 8 9 8 9 8 9 8 9 8 9 8 9 8 9 8 9 8 9 8 9 8 9 8 9 8 9 8 9 8 9 8 9 8 9 8 9 8 9 8 9 8 9 100 100 10 8 10 8 10 10 9 10 8 8 8 8 8 8 8 8 8 8 8 8 8 8 8 8 8 8 8 8 8 8 8 8 8 8 8 8 8 8 8 8 8 8 8 8 8 8 8 8 8 8 8 8 8 8 8 8 8 8 8 8 8 8 8 8 8 8 8 8 8 10 8 9 8 8 8 8 8 8 8 9 8 8 8 8 8 8 8 8 8 8 8 8 8 8 8 8 8 8 8 8 8 8 8 9 7 1 1 1 1 1 1 1 1 1 1 1 1 1 1 1 1 1 1 1 1 1 1 1 1 1 1 1 1 1 1 1 1 1 1 1 1 1 1 1 1 1 1 1 1 1 1 1 1 1 1 1 1 1 1 1 1 1 1 1 1 1 1 1 1 12 100 12 100 1 12 12 1 100 12 1 12 1 12 1 12 1 12 1 12 1 12 1 12 1 12 1 12 1 12 1 12 1 12 1 12 1 12 1 12 1 12 1 12 1 12 1 12 1 12 1 12 1 12 1 12 1 12 1 12 1 12 1 12 1 12 1 12 1 1 12 1 12 1 12 12 100 12 12 1 1 1 1 1 1 1 1 1 1 1 1 1 1 1 1 1 1 1 1 1 1 1 1 1 1 1 1 1 1 1 1 1 1 1 1 1 1 1 1 1 1 1 1 1 1 1 1 1 1 1 1 1 1 1 1 1 1 1 1 12 12 12 1 1 1 1 1 1 1 1 1 1 1 1 1 1 1 1 1
staticfield org/hl7/fhir/utilities/validation/ValidationMessage$IssueType INVALID Lorg/hl7/fhir/utilities/validation/ValidationMessage$IssueType; org/hl7/fhir/utilities/validation/ValidationMessage$IssueType
staticfield org/hl7/fhir/utilities/validation/ValidationMessage$IssueType DELETED Lorg/hl7/fhir/utilities/validation/ValidationMessage$IssueType; org/hl7/fhir/utilities/validation/ValidationMessage$IssueType
staticfield org/hl7/fhir/utilities/validation/ValidationMessage$IssueType STRUCTURE Lorg/hl7/fhir/utilities/validation/ValidationMessage$IssueType; org/hl7/fhir/utilities/validation/ValidationMessage$IssueType
staticfield org/hl7/fhir/utilities/validation/ValidationMessage$IssueType REQUIRED Lorg/hl7/fhir/utilities/validation/ValidationMessage$IssueType; org/hl7/fhir/utilities/validation/ValidationMessage$IssueType
staticfield org/hl7/fhir/utilities/validation/ValidationMessage$IssueType VALUE Lorg/hl7/fhir/utilities/validation/ValidationMessage$IssueType; org/hl7/fhir/utilities/validation/ValidationMessage$IssueType
staticfield org/hl7/fhir/utilities/validation/ValidationMessage$IssueType INVARIANT Lorg/hl7/fhir/utilities/validation/ValidationMessage$IssueType; org/hl7/fhir/utilities/validation/ValidationMessage$IssueType
staticfield org/hl7/fhir/utilities/validation/ValidationMessage$IssueType SECURITY Lorg/hl7/fhir/utilities/validation/ValidationMessage$IssueType; org/hl7/fhir/utilities/validation/ValidationMessage$IssueType
staticfield org/hl7/fhir/utilities/validation/ValidationMessage$IssueType LOGIN Lorg/hl7/fhir/utilities/validation/ValidationMessage$IssueType; org/hl7/fhir/utilities/validation/ValidationMessage$IssueType
staticfield org/hl7/fhir/utilities/validation/ValidationMessage$IssueType MULTIPLEMATCHES Lorg/hl7/fhir/utilities/validation/ValidationMessage$IssueType; org/hl7/fhir/utilities/validation/ValidationMessage$IssueType
staticfield org/hl7/fhir/utilities/validation/ValidationMessage$IssueType UNKNOWN Lorg/hl7/fhir/utilities/validation/ValidationMessage$IssueType; org/hl7/fhir/utilities/validation/ValidationMessage$IssueType
staticfield org/hl7/fhir/utilities/validation/ValidationMessage$IssueType EXPIRED Lorg/hl7/fhir/utilities/validation/ValidationMessage$IssueType; org/hl7/fhir/utilities/validation/ValidationMessage$IssueType
staticfield org/hl7/fhir/utilities/validation/ValidationMessage$IssueType FORBIDDEN Lorg/hl7/fhir/utilities/validation/ValidationMessage$IssueType; org/hl7/fhir/utilities/validation/ValidationMessage$IssueType
staticfield org/hl7/fhir/utilities/validation/ValidationMessage$IssueType SUPPRESSED Lorg/hl7/fhir/utilities/validation/ValidationMessage$IssueType; org/hl7/fhir/utilities/validation/ValidationMessage$IssueType
staticfield org/hl7/fhir/utilities/validation/ValidationMessage$IssueType PROCESSING Lorg/hl7/fhir/utilities/validation/ValidationMessage$IssueType; org/hl7/fhir/utilities/validation/ValidationMessage$IssueType
staticfield org/hl7/fhir/utilities/validation/ValidationMessage$IssueType NOTSUPPORTED Lorg/hl7/fhir/utilities/validation/ValidationMessage$IssueType; org/hl7/fhir/utilities/validation/ValidationMessage$IssueType
staticfield org/hl7/fhir/utilities/validation/ValidationMessage$IssueType DUPLICATE Lorg/hl7/fhir/utilities/validation/ValidationMessage$IssueType; org/hl7/fhir/utilities/validation/ValidationMessage$IssueType
staticfield org/hl7/fhir/utilities/validation/ValidationMessage$IssueType NOTFOUND Lorg/hl7/fhir/utilities/validation/ValidationMessage$IssueType; org/hl7/fhir/utilities/validation/ValidationMessage$IssueType
staticfield org/hl7/fhir/utilities/validation/ValidationMessage$IssueType TOOLONG Lorg/hl7/fhir/utilities/validation/ValidationMessage$IssueType; org/hl7/fhir/utilities/validation/ValidationMessage$IssueType
staticfield org/hl7/fhir/utilities/validation/ValidationMessage$IssueType CODEINVALID Lorg/hl7/fhir/utilities/validation/ValidationMessage$IssueType; org/hl7/fhir/utilities/validation/ValidationMessage$IssueType
staticfield org/hl7/fhir/utilities/validation/ValidationMessage$IssueType EXTENSION Lorg/hl7/fhir/utilities/validation/ValidationMessage$IssueType; org/hl7/fhir/utilities/validation/ValidationMessage$IssueType
staticfield org/hl7/fhir/utilities/validation/ValidationMessage$IssueType TOOCOSTLY Lorg/hl7/fhir/utilities/validation/ValidationMessage$IssueType; org/hl7/fhir/utilities/validation/ValidationMessage$IssueType
staticfield org/hl7/fhir/utilities/validation/ValidationMessage$IssueType BUSINESSRULE Lorg/hl7/fhir/utilities/validation/ValidationMessage$IssueType; org/hl7/fhir/utilities/validation/ValidationMessage$IssueType
staticfield org/hl7/fhir/utilities/validation/ValidationMessage$IssueType CONFLICT Lorg/hl7/fhir/utilities/validation/ValidationMessage$IssueType; org/hl7/fhir/utilities/validation/ValidationMessage$IssueType
staticfield org/hl7/fhir/utilities/validation/ValidationMessage$IssueType INCOMPLETE Lorg/hl7/fhir/utilities/validation/ValidationMessage$IssueType; org/hl7/fhir/utilities/validation/ValidationMessage$IssueType
staticfield org/hl7/fhir/utilities/validation/ValidationMessage$IssueType TRANSIENT Lorg/hl7/fhir/utilities/validation/ValidationMessage$IssueType; org/hl7/fhir/utilities/validation/ValidationMessage$IssueType
staticfield org/hl7/fhir/utilities/validation/ValidationMessage$IssueType LOCKERROR Lorg/hl7/fhir/utilities/validation/ValidationMessage$IssueType; org/hl7/fhir/utilities/validation/ValidationMessage$IssueType
staticfield org/hl7/fhir/utilities/validation/ValidationMessage$IssueType NOSTORE Lorg/hl7/fhir/utilities/validation/ValidationMessage$IssueType; org/hl7/fhir/utilities/validation/ValidationMessage$IssueType
staticfield org/hl7/fhir/utilities/validation/ValidationMessage$IssueType EXCEPTION Lorg/hl7/fhir/utilities/validation/ValidationMessage$IssueType; org/hl7/fhir/utilities/validation/ValidationMessage$IssueType
staticfield org/hl7/fhir/utilities/validation/ValidationMessage$IssueType TIMEOUT Lorg/hl7/fhir/utilities/validation/ValidationMessage$IssueType; org/hl7/fhir/utilities/validation/ValidationMessage$IssueType
staticfield org/hl7/fhir/utilities/validation/ValidationMessage$IssueType THROTTLED Lorg/hl7/fhir/utilities/validation/ValidationMessage$IssueType; org/hl7/fhir/utilities/validation/ValidationMessage$IssueType
staticfield org/hl7/fhir/utilities/validation/ValidationMessage$IssueType INFORMATIONAL Lorg/hl7/fhir/utilities/validation/ValidationMessage$IssueType; org/hl7/fhir/utilities/validation/ValidationMessage$IssueType
staticfield org/hl7/fhir/utilities/validation/ValidationMessage$IssueType NULL Lorg/hl7/fhir/utilities/validation/ValidationMessage$IssueType; org/hl7/fhir/utilities/validation/ValidationMessage$IssueType
staticfield org/hl7/fhir/utilities/validation/ValidationMessage$IssueType $VALUES [Lorg/hl7/fhir/utilities/validation/ValidationMessage$IssueType; 32 [Lorg/hl7/fhir/utilities/validation/ValidationMessage$IssueType;
ciInstanceKlass org/hl7/fhir/exceptions/DefinitionException 0 0 29 10 10 10 10 100 100 1 1 1 1 1 1 1 1 1 1 1 1 1 1 1 1 12 12 12 12 1 1
ciInstanceKlass org/hl7/fhir/r5/conformance/ProfileUtilities 1 1 4865 7 10 10 9 9 7 10 9 7 10 9 9 9 9 9 7 10 9 9 9 10 8 10 10 10 10 10 7 10 10 11 100 7 10 8 10 8 10 8 10 10 11 11 11 7 10 10 100 8 100 10 11 11 11 11 8 10 11 10 100 8 10 10 10 10 10 8 10 8 10 10 10 8 10 8 8 10 7 10 8 10 8 10 8 8 10 8 10 10 9 8 11 8 10 8 10 10 8 10 10 9 7 10 10 10 10 10 8 10 10 9 9 10 10 10 10 8 10 10 10 10 10 10 10 10 10 10 10 11 8 10 10 9 9 8 10 8 8 10 8 10 10 8 10 8 10 10 8 7 10 8 8 8 10 7 10 8 8 8 10 8 7 9 9 9 10 10 8 8 8 8 10 8 8 8 8 9 10 7 10 10 10 10 10 7 10 10 10 8 10 10 10 10 10 10 7 10 7 10 7 9 10 10 9 10 8 8 9 10 8 8 10 8 8 100 10 11 10 10 10 10 11 8 10 8 10 11 10 10 100 7 10 10 11 8 11 10 8 8 8 10 10 10 10 10 100 8 10 8 8 8 8 8 10 8 8 10 10 8 10 8 10 8 8 11 7 10 10 10 10 10 8 10 10 10 8 10 10 8 8 10 8 10 10 100 8 10 8 10 8 10 8 8 8 8 8 8 10 8 8 10 8 8 8 10 8 8 8 8 8 10 10 10 10 10 8 10 10 10 8 8 8 10 8 10 10 8 10 10 10 10 8 8 10 8 10 10 10 10 10 8 10 7 10 9 10 8 8 8 8 10 10 100 8 10 10 8 10 10 8 8 10 8 8 8 10 10 10 10 8 10 10 10 10 10 9 8 10 10 10 8 10 10 10 10 10 10 10 10 11 10 8 10 10 10 100 10 11 10 9 10 10 10 7 10 10 9 10 8 10 10 10 11 10 10 10 8 10 8 10 10 8 8 10 10 10 8 8 8 8 8 10 11 10 11 10 11 8 9 10 10 8 10 8 10 8 10 10 8 8 8 10 10 8 10 10 10 10 9 100 10 8 10 10 10 8 10 10 8 10 10 8 10 8 8 10 8 8 10 10 10 8 8 10 8 8 8 10 10 8 8 10 10 10 8 10 8 8 8 8 8 10 8 10 10 10 10 100 10 10 10 10 10 10 100 10 10 10 10 10 10 10 10 10 10 10 10 10 10 10 7 10 10 10 10 10 10 10 10 10 10 10 10 10 10 10 10 10 10 10 10 10 10 10 10 10 10 10 10 10 100 10 10 10 10 8 10 8 10 10 8 10 8 10 8 8 8 10 10 10 8 10 8 7 10 10 10 10 8 10 8 8 10 8 10 8 10 10 10 10 10 11 9 10 10 10 10 8 10 10 10 8 8 11 8 8 8 8 8 8 8 8 8 8 8 8 8 8 8 8 8 8 8 10 8 10 8 10 8 10 8 10 8 10 8 10 10 10 10 10 10 10 10 10 10 9 10 8 8 9 10 10 10 10 8 10 10 10 10 10 10 10 10 10 10 10 8 8 10 10 10 10 10 10 10 10 10 9 8 8 10 8 10 10 10 10 8 8 10 10 10 100 10 10 10 10 10 10 10 10 10 10 8 10 10 10 10 10 10 10 10 10 9 8 8 10 100 8 8 11 10 8 10 8 10 8 8 8 10 8 10 10 10 10 10 10 10 10 10 10 8 8 10 10 10 10 10 10 10 10 10 10 100 10 10 10 10 10 10 10 11 9 8 8 8 8 8 8 8 9 8 8 8 8 8 8 8 8 8 8 10 8 10 8 10 10 10 100 10 10 10 10 10 8 10 10 10 10 10 10 10 100 10 10 10 10 8 8 10 10 8 8 8 100 10 10 10 8 8 10 100 8 10 10 100 10 10 8 8 8 8 8 10 10 10 10 8 10 10 10 10 8 8 8 100 10 8 10 10 10 11 10 8 8 10 8 10 10 9 11 9 8 10 10 10 10 10 10 10 10 10 10 10 10 8 8 10 8 10 10 8 10 10 10 10 10 8 10 8 8 8 8 10 10 10 10 8 10 8 8 100 10 100 10 10 10 11 8 8 8 8 8 11 11 10 10 10 10 10 9 10 8 8 8 8 10 8 8 100 10 8 8 100 10 8 10 100 8 10 10 10 10 8 10 8 8 100 10 10 10 10 10 10 10 100 10 10 10 10 8 9 100 10 8 8 10 10 8 10 10 10 10 10 10 10 10 10 10 10 10 10 10 8 8 8 8 8 10 8 8 8 8 8 8 8 8 8 8 8 8 8 10 9 10 10 10 10 8 8 8 8 8 10 8 10 10 8 8 8 8 10 10 10 10 10 8 10 8 10 8 8 10 10 8 8 8 8 10 8 8 10 10 8 10 8 10 10 8 10 10 10 10 8 10 10 10 10 8 10 10 10 10 8 8 8 8 8 10 8 8 8 8 8 9 8 8 10 8 10 10 100 10 8 10 8 8 8 8 10 8 10 8 10 10 8 10 8 10 10 8 8 10 8 8 8 8 10 8 10 10 10 10 8 10 11 8 8 8 8 8 8 8 10 10 8 8 10 10 10 10 8 10 8 10 11 8 10 10 10 10 8 8 8 8 10 10 8 8 10 10 8 10 8 8 8 10 10 10 100 10 8 8 7 10 10 10 8 8 10 100 10 10 10 10 8 8 8 8 10 8 10 3 8 10 8 8 10 10 8 8 10 8 7 8 8 10 10 10 10 10 11 10 100 10 10 10 100 100 8 10 8 8 8 8 10 10 10 8 8 8 8 100 10 11 11 8 8 8 10 10 10 8 8 9 10 8 8 8 8 10 8 8 8 8 8 8 8 8 8 8 8 8 8 8 8 8 8 8 8 8 8 8 8 8 8 9 8 8 8 8 8 8 8 8 8 8 8 8 8 8 8 8 8 8 8 10 100 10 10 100 10 10 100 10 10 10 100 10 10 10 10 8 8 8 10 8 8 10 10 10 10 10 10 10 10 10 8 10 10 10 10 10 8 8 8 10 8 8 8 10 8 10 8 8 100 9 10 8 10 10 100 10 10 10 100 10 10 8 9 8 8 9 10 10 9 10 10 8 8 8 8 10 8 8 10 10 10 10 10 8 8 10 10 10 7 10 7 10 8 10 10 10 11 11 8 11 8 8 10 100 10 10 10 100 10 100 100 10 10 11 10 10 10 11 100 10 10 8 8 10 10 10 8 10 10 10 10 10 8 10 8 8 8 8 8 8 8 8 10 8 10 10 10 10 8 10 10 10 10 100 10 10 10 10 10 10 10 10 10 10 10 8 10 8 10 10 10 10 10 8 8 10 10 10 8 100 10 8 10 8 10 10 100 10 8 8 10 8 8 8 8 8 8 10 10 8 8 10 10 10 10 10 8 9 10 8 9 8 8 9 10 9 10 8 8 8 8 8 8 10 10 10 8 10 8 10 10 10 10 10 10 10 10 10 10 9 10 10 10 11 10 8 8 10 10 9 100 10 10 10 10 10 10 10 10 10 10 9 10 10 9 9 10 9 10 10 10 9 10 10 9 8 8 10 10 7 100 1 1 1 1 100 1 1 1 1 1 1 1 100 1 1 1 1 1 1 1 1 1 1 1 3 1 1 1 1 1 1 8 1 3 1 3 1 3 1 3 1 3 1 1 1 1 1 1 1 1 1 1 1 1 1 1 1 1 1 1 1 1 1 1 1 1 1 1 1 1 1 1 1 1 1 1 1 1 1 1 1 1 1 1 1 1 1 1 1 1 1 1 7 7 1 1 1 1 1 1 1 1 1 1 1 1 1 1 1 1 1 1 1 1 1 1 1 1 1 1 1 1 7 1 1 1 1 1 1 1 1 1 1 1 1 1 1 1 1 1 1 1 1 1 1 1 1 1 1 1 1 1 1 1 1 1 1 1 1 1 1 1 1 1 1 1 1 1 1 1 1 1 1 1 1 1 1 1 1 1 1 1 1 1 1 1 1 100 1 1 1 1 1 1 1 1 1 1 1 1 1 1 1 1 1 1 1 1 1 1 7 1 1 1 1 1 1 1 1 1 1 1 1 1 1 100 100 100 1 1 1 1 1 1 1 1 1 1 1 1 1 1 1 1 1 1 1 1 1 1 1 1 1 1 1 1 1 1 1 1 1 1 1 1 1 1 1 1 1 1 1 1 1 1 1 1 1 1 1 1 1 1 1 1 1 1 1 1 1 1 1 1 1 1 1 1 1 1 1 1 1 1 1 1 1 1 1 1 1 1 1 1 1 1 1 1 1 1 1 1 1 1 1 1 1 1 100 1 1 1 1 1 1 1 1 1 1 1 1 1 1 1 1 1 1 1 1 1 1 1 1 1 1 1 1 1 1 1 1 1 1 1 1 1 1 1 1 1 1 1 1 1 1 1 1 1 1 1 1 1 1 1 1 1 1 1 1 1 1 1 1 1 1 1 1 1 1 1 1 1 1 1 1 1 1 1 1 1 1 1 1 1 1 1 1 100 1 1 1 1 1 1 1 1 1 1 1 1 1 1 1 1 1 1 1 1 1 1 1 1 1 1 1 1 1 1 1 1 1 1 1 1 1 1 1 1 1 1 1 1 1 1 1 1 1 1 1 1 1 1 1 1 1 1 1 1 1 1 1 1 7 1 1 1 1 1 1 1 1 1 1 1 1 1 1 1 1 1 1 1 1 1 1 1 1 1 1 1 1 1 1 1 100 1 1 1 1 1 1 1 1 1 1 1 1 1 1 1 1 1 1 1 1 1 1 1 1 1 1 1 100 1 1 1 1 1 1 1 1 1 1 1 1 1 1 1 1 1 1 1 1 1 1 1 1 1 1 1 1 1 1 1 1 1 1 1 1 1 1 1 1 1 1 1 1 1 1 1 1 1 1 1 1 1 1 1 1 1 1 1 1 1 1 1 1 1 1 1 1 1 1 1 100 1 1 1 1 1 1 1 1 1 1 1 1 1 1 1 1 1 1 1 1 1 1 1 1 1 1 1 1 1 1 1 1 1 1 1 1 1 1 1 1 1 1 1 1 1 1 1 1 1 1 1 1 1 1 1 1 1 1 1 1 1 1 1 1 1 1 1 1 1 1 1 1 1 1 1 1 1 1 1 1 1 1 1 1 1 1 1 1 1 1 1 1 1 1 1 1 1 1 1 1 1 1 1 1 1 1 1 1 1 1 1 1 1 1 1 1 1 1 1 1 1 1 1 1 7 1 1 1 1 1 1 1 1 1 1 1 1 1 1 1 1 1 1 1 1 1 1 1 1 1 1 1 1 1 1 1 1 1 1 1 1 1 1 1 1 1 1 1 1 1 1 1 1 1 1 1 1 1 1 1 1 1 1 1 1 1 1 1 1 1 1 1 1 1 1 1 1 1 1 1 1 1 1 1 1 1 1 1 1 1 1 1 100 1 1 1 1 1 1 1 1 1 1 1 1 1 1 1 1 1 1 1 100 1 1 1 1 1 1 1 1 1 1 1 1 1 1 1 1 1 1 1 1 1 1 1 1 1 1 1 1 1 1 1 1 1 1 1 1 1 1 1 1 1 1 1 1 1 1 1 1 1 1 1 1 1 1 1 1 1 1 1 1 1 1 1 1 1 1 1 1 1 1 1 1 1 1 1 1 1 1 1 1 1 1 100 1 1 100 1 1 1 1 1 1 1 1 1 1 1 1 1 1 1 1 1 1 1 1 7 1 1 1 1 1 1 1 1 1 1 1 1 1 1 1 1 1 1 1 1 1 1 1 1 1 1 1 1 1 1 1 1 1 1 1 1 1 1 1 1 1 1 1 1 1 1 1 1 1 1 1 1 1 1 1 1 1 1 1 1 1 1 1 1 1 1 1 1 1 1 1 1 1 1 1 1 1 1 1 1 1 1 1 100 1 1 1 1 1 1 1 1 1 1 1 1 1 1 1 1 1 1 1 1 1 1 1 1 1 100 1 1 1 1 1 1 1 1 1 1 1 1 1 1 1 1 1 1 7 1 1 1 1 1 1 1 1 1 1 1 1 1 1 1 1 1 1 1 1 1 1 1 1 12 12 12 12 1 12 1 12 12 12 12 12 1 12 12 12 12 12 1 12 12 12 12 12 1 12 12 12 1 1 1 12 1 12 1 12 12 12 12 12 1 12 12 1 1 1 12 12 12 12 12 1 12 12 12 1 1 12 12 12 1 12 1 12 7 12 1 12 1 1 12 1 12 1 12 1 12 1 1 12 1 12 12 7 12 1 12 1 1 12 12 1 12 12 12 1 12 12 12 12 1 12 12 12 7 12 12 12 12 1 12 12 12 12 12 12 12 12 12 12 12 1 12 12 12 100 12 1 12 1 1 12 1 12 12 1 12 1 12 12 1 1 1 1 1 12 1 1 1 1 12 1 1 7 12 7 12 7 12 12 1 1 1 12 1 1 1 1 12 1 12 12 12 12 12 1 12 12 12 1 12 12 12 12 12 12 1 12 1 12 1 12 7 12 12 100 12 12 1 1 12 12 1 1 12 1 1 1 12 12 12 12 12 1 12 1 12 12 12 12 1 1 12 1 12 1 1 1 12 12 12 12 12 1 1 1 1 1 1 1 12 1 1 12 7 12 1 12 1 12 1 1 12 1 12 12 12 12 1 12 12 12 1 12 12 1 1 12 1 12 12 1 1 1 12 1 12 1 1 1 1 1 1 12 1 1 12 1 1 1 12 1 1 1 1 1 12 12 12 12 12 1 12 12 12 1 1 1 12 1 12 12 1 12 12 12 12 1 1 12 1 12 12 12 12 1 12 1 12 12 1 1 1 1 12 12 1 1 12 12 1 12 1 1 12 1 1 12 12 12 1 12 12 12 12 12 12 1 12 12 12 1 12 12 12 12 12 12 12 12 12 1 12 12 12 1 12 12 12 12 12 12 1 12 12 12 1 12 12 12 12 12 12 12 1 12 1 12 12 1 1 12 12 12 1 1 1 1 1 12 12 12 12 1 12 12 12 1 12 1 12 1 12 12 1 1 1 12 12 1 12 12 12 12 12 1 12 1 12 12 12 1 12 12 1 12 12 1 12 1 1 12 1 1 12 12 7 1 1 12 1 1 1 12 12 1 1 12 12 12 1 12 1 1 1 1 1 1 12 12 12 12 1 12 12 12 12 12 1 12 12 12 12 12 12 12 12 12 12 12 12 12 12 12 1 12 12 12 12 12 12 12 12 12 12 12 12 12 12 12 12 12 12 12 12 12 12 12 12 12 12 12 12 1 12 12 1 1 12 12 1 1 12 1 1 1 12 12 1 12 1 1 1 12 1 1 1 12 1 12 1 12 12 12 12 12 12 12 12 12 12 12 1 12 12 12 1 1 1 1 1 1 1 1 1 1 1 1 1 1 1 1 1 1 1 1 1 7 12 1 12 1 12 1 12 1 12 1 12 1 12 100 12 12 12 12 12 12 12 12 12 1 12 7 12 12 12 12 12 12 12 12 12 12 12 12 12 12 1 1 12 100 12 12 12 12 12 12 12 12 1 1 12 1 12 12 12 1 1 12 12 1 12 12 12 12 12 12 12 12 1 12 12 12 12 12 12 12 12 100 12 1 1 1 1 1 12 12 1 12 1 12 1 1 1 12 1 12 12 12 12 12 12 1 1 12 12 12 12 12 12 12 12 1 12 12 12 12 12 12 12 12 12 1 1 1 1 1 1 1 12 1 1 1 1 1 1 1 12 1 1 12 12 12 1 12 12 12 1 12 12 12 12 12 12 12 1 12 12 12 1 12 12 1 1 1 1 100 12 12 12 1 1 12 1 1 12 1 12 1 1 1 1 1 12 12 12 12 1 12 12 12 12 1 1 1 1 12 12 12 12 12 1 1 12 1 12 12 12 12 12 1 12 12 100 12 12 100 12 12 12 12 12 12 1 1 12 1 12 1 12 12 12 12 1 12 1 1 1 1 12 12 12 12 1 12 1 1 1 1 12 12 12 12 1 1 1 1 1 12 12 12 12 12 12 100 12 12 1 1 1 1 12 1 1 1 1 12 1 1 12 100 12 12 12 1 12 1 1 1 12 12 1 12 12 100 1 12 1 12 12 1 12 12 12 12 12 12 12 12 12 12 12 12 12 1 1 1 1 1 12 1 1 1 1 1 1 1 1 1 1 1 1 1 12 100 12 12 12 12 12 1 1 1 1 1 12 1 12 12 1 1 1 1 12 12 12 12 12 1 1 12 1 1 12 12 1 1 1 1 12 1 1 12 12 1 12 12 12 1 12 12 12 12 1 12 12 1 12 12 12 1 1 1 1 1 12 1 1 1 1 1 12 1 1 12 1 12 12 1 1 12 1 1 1 1 12 1 12 1 12 12 1 12 1 12 12 1 1 12 1 1 1 1 1 12 12 12 1 12 1 1 1 1 1 1 1 12 12 1 1 12 12 12 12 1 12 1 12 1 12 12 12 12 1 1 1 1 12 1 1 1 12 12 1 1 1 1 1 1 12 1 12 12 1 1 1 1 12 1 12 1 12 1 1 1 1 12 1 1 1 1 12 1 12 12 12 1 1 1 1 1 1 1 12 1 1 1 1 1 12 100 12 1 1 1 12 12 1 1 12 1 1 1 1 12 1 1 1 1 1 1 1 1 1 1 1 1 1 1 1 1 1 1 1 1 1 1 1 1 12 1 1 1 1 1 1 1 1 1 1 1 1 1 1 1 1 1 12 1 1 12 12 1 12 100 12 12 1 12 12 12 12 1 1 1 1 1 12 12 12 12 12 12 12 12 12 1 12 12 12 12 12 1 1 1 12 1 1 1 12 1 12 1 1 1 100 12 12 1 12 12 1 12 12 1 12 1 12 1 1 12 12 12 12 12 12 1 1 1 1 12 1 1 12 12 1 1 12 12 12 1 1 12 1 12 12 12 12 12 1 12 1 1 12 1 12 12 12 1 12 1 1 12 12 12 12 12 1 12 12 1 12 12 1 12 12 12 1 1 1 1 1 1 1 1 1 12 1 12 12 12 12 1 12 12 12 1 12 12 12 12 12 12 12 12 12 12 1 12 1 12 12 12 100 12 12 1 1 12 12 12 1 1 12 1 12 1 12 12 1 1 12 1 1 12 1 1 1 1 1 1 12 1 1 12 12 1 12 12 1 12 1 1 12 12 1 1 1 1 1 1 12 12 12 1 12 1 12 12 12 12 12 12 12 12 12 12 12 12 12 12 1 1 12 100 12 1 12 12 12 12 12 12 12 12 7 12 12 12 100 12 12 12 12 12 12 12 12 12 12 1 1 12 7 12 1 1 1 1 1 1 1 1 1 1 1 1 1 1 1 100 1 1 1 1 1 1 1 1 1 1 100 1 1 1 1 1 1 1 1 1 1 1 1 1 1 1 1 1 1 1 1 1 1 1 1 1 1 1 1 1 1 1 1 1 1 1 1 1 1 1 1 1 1 1 1 1 1 1 1 1 1 1 1 1 1 1 1 1 1 1 1 1 1 1 1 1 1 1 1 1 1 1 1 1 1 1 1 1 1 1 1 1 1 1 1 1 1 1 1 1 1 1 1 1 1 1 1 1 1 1 1 1 1 1 1 1 1 1 1 1 1 1 1 1 1 1 1 1 1 1 1 1 1 1 1 1 1 1 1 1 1 1 1 1 1 1 1 1 1 1 1 1 1 1 1 1 1 1 1 1 1 1 1 1 1 1 1 1 1 1 1 1 1 1 1 1 1 1 1 1 1 1 1 1 1 1 1 1 1 1 1 1 1 1 1 1 1 1 1 1 1 1 1 1 1 1 1 1 1 1 1 1 1 1 1 1 1 1 1 1 1 1 1 1 1 1 1 1 1 1 1 1 1 1 1 1 1 1 1 1 1 1 1 1 1 1 1 1 1 1 1 1 1 1 1 1 1 1 1 1 1 1 1 1 1 1 1 1 1 1 1 1 1 1 1 1 1 1 1 1 1 1 1 1 1 1 1 1 1 1 1 1 1 1 1 1 1 1 1 1 1 1 1 1 1 1 1 1 1 1 1 1 1 1 1 1 1 1 1 1 1 1 1 1 1 1 1 1 1 1 1 1 1 1 1 1 1 1 1 1 1 1 1 1 1 1 1 1 1 1 1 1 1 1 1 1 1 1 1 1 1 1 1 1 1 1 1 1 1 1 1 1 1 1 1 1 1 1 1 1 1 1 1 1 1 1 1 1 1 1 1 1 1 1 1 1 1 1 1 1 1 1 1 1 1 1 1 1 1 1 1 1 1 1 1 1 1 1 1 1 1 1 1 1 1 1 1 1 1 1 1 1 1 1 1 1 1 1 1 1 1 1 1 1 1 1 1 1 1 1 1 1 1 1 1 1 1 1 1 1 1 1 1 1 1 1 1 1 1 1 1 1 1 1 1 1 1 1 1 1 1 1 1 1 1 1 1 1 1 1 1 1 1 1 1 1 1 1 1 1 1 1 1 1 1 1 1 1 1 1 1 1 1 1 1 1 1 1 1 1 1 1 1 1 1 1 1 1 1 1 1 1 1 1 1 1 1 1 1 1 1 1 1 1 1 1 1 1 1 1 1 1 1 1 1 1 1 1 1 1 1 1 1 1 1 1 1 1 1 1 1 1 1 1 1 1 1 1 1 1 1 1 1 1 1 1 1 1 1 1 1 1 1 1 1 1 1 1 1 1 1 1 1 1 1 1 1 1 1 1 1 1 1 1 1 1 1 1 1 1 1 1 1 1 1 1 1 1 1 1 1 1 1 1 1 1 1 1 1 1 1 1 1 1 1 1 1 1 1 1 1 1 1 1 1 1 1 1 1 1 1 1 1 1 1 1 1 1 1 1 1 1 1 1 1 1 1 1 1 1 1 1 1 1 1 1 1 1 1 1 1 1 1 1 1 1 1 1 1 1 1 1 1 1 1 1 1 1 1 1 1 1 1 1 1 1 1 1 1 1 1 1 1 1 1 1 1 1 1
staticfield org/hl7/fhir/r5/conformance/ProfileUtilities $assertionsDisabled Z 1
instanceKlass org/hl7/fhir/utilities/xhtml/XhtmlDocument
ciInstanceKlass org/hl7/fhir/utilities/xhtml/XhtmlNode 1 1 829 7 10 7 10 9 7 10 9 9 9 9 8 10 100 100 10 8 10 10 10 9 9 9 100 8 10 9 9 10 8 7 8 8 8 8 8 8 8 8 8 8 8 8 8 8 8 8 8 8 8 8 8 8 8 8 8 8 8 8 8 8 8 8 8 8 8 8 8 8 8 8 8 8 8 8 8 8 8 8 8 8 8 8 8 10 8 8 8 11 11 11 11 11 8 10 8 8 8 8 8 8 8 8 8 8 8 8 8 8 8 8 8 8 8 8 8 8 8 8 8 8 8 8 8 8 8 8 8 8 8 8 8 8 8 8 8 8 8 8 8 8 8 8 8 8 8 8 8 8 8 8 8 8 10 11 10 8 10 8 10 10 8 10 10 9 9 8 11 10 9 9 8 10 11 10 8 8 11 10 11 11 8 10 10 11 11 11 10 10 10 100 10 10 10 100 100 10 10 10 8 8 8 8 8 10 100 10 10 10 10 11 10 10 10 10 10 10 100 10 9 10 100 8 10 10 8 10 10 10 10 8 8 8 10 8 10 9 10 100 10 8 8 8 8 9 10 10 8 9 10 10 11 8 10 8 8 8 8 8 8 8 8 10 11 11 8 10 100 9 10 10 8 100 10 10 9 10 10 10 10 7 100 100 1 100 1 1 1 1 5 0 1 1 1 8 1 8 1 1 1 1 1 1 1 1 1 1 1 1 1 1 1 1 1 1 1 1 1 1 1 1 1 1 1 1 1 1 1 1 1 1 1 1 1 1 1 1 1 1 1 1 1 1 1 1 1 1 1 1 1 1 7 1 1 1 1 1 1 1 1 1 1 1 1 1 1 1 1 1 1 1 1 1 1 1 1 1 1 1 1 1 1 1 1 1 1 1 1 1 1 1 1 1 1 1 1 1 1 1 1 1 1 1 1 1 1 100 1 100 1 1 1 1 1 1 1 1 1 1 1 1 1 1 1 1 1 1 1 1 1 1 1 1 1 1 1 1 1 1 1 1 1 1 1 1 1 1 1 1 1 1 1 1 1 1 1 1 1 1 1 1 1 1 1 1 1 1 1 1 1 1 1 1 1 1 1 1 1 1 1 1 1 1 1 1 1 1 1 1 1 1 1 1 1 1 1 1 1 1 1 1 1 1 1 1 1 1 1 1 12 1 12 1 12 12 12 12 1 12 1 1 1 12 12 12 12 7 12 12 1 1 12 12 12 100 12 1 1 1 1 1 1 1 1 1 1 1 1 1 1 1 1 1 1 1 1 1 1 1 1 1 1 1 1 1 1 1 1 1 12 1 1 1 7 12 7 12 7 12 12 12 1 12 1 1 1 1 1 1 1 1 1 1 1 1 1 1 1 1 1 1 1 1 1 1 1 1 1 1 1 1 1 1 1 1 1 1 1 1 1 1 1 1 1 1 1 1 1 1 1 1 1 1 1 1 1 1 1 12 12 1 1 12 12 1 12 12 12 12 1 12 12 12 12 1 12 12 12 1 1 12 12 12 12 1 12 12 12 12 12 12 1 12 12 100 12 1 1 12 12 12 1 1 1 1 1 12 1 12 12 12 12 100 12 12 1 12 12 1 1 12 100 12 12 12 12 1 12 12 12 12 1 1 1 1 1 12 12 12 1 12 12 12 12 1 100 12 12 12 1 12 1 100 12 12 12 1 1 12 12 12 12 12 7 12 7 12 1 1 1 1 1 1 1 1 1 1 1 1 1 1 1 1 1 1 1 1 1 1 1 1 1 1 1 1 1 1 1 1 1 1 1 1 1 1 1 1 1 1 1 1 1 1 1 1 1 1 1 1 1 1 1 1 1 1 1 1 1 1 1 1 1 1 1 1 1 1 1 1 1 1 1 1 1 1 1 1 1
staticfield org/hl7/fhir/utilities/xhtml/XhtmlNode NBSP Ljava/lang/String; "\uffff"staticfield org/hl7/fhir/utilities/xhtml/XhtmlNode $assertionsDisabled Z 1
ciInstanceKlass org/hl7/fhir/utilities/xhtml/XhtmlParser 1 1 8481 10 7 10 9 9 7 10 9 9 8 9 9 9 9 9 9 8 11 8 8 8 8 8 8 8 8 8 8 8 8 8 8 8 8 8 8 8 8 8 8 8 8 8 8 8 8 8 8 8 8 8 8 8 8 8 8 8 8 8 8 8 8 8 8 8 8 8 8 8 8 8 8 8 8 8 8 8 8 8 8 8 8 8 8 8 8 8 8 8 8 8 8 8 8 8 8 8 8 8 8 8 8 8 8 8 8 8 8 8 8 8 8 8 8 8 8 8 8 8 8 8 8 10 9 9 10 10 10 10 8 7 8 11 7 9 10 11 10 10 11 11 11 7 10 11 11 10 11 10 11 11 7 11 10 10 11 10 10 7 11 100 7 10 8 10 10 10 10 10 11 11 10 10 11 11 8 11 8 11 11 11 7 11 11 11 8 9 10 8 8 8 8 8 8 8 8 7 10 9 10 100 9 10 7 10 10 10 8 10 10 10 7 10 10 10 10 8 10 8 8 10 10 10 10 8 8 9 7 10 10 9 7 10 7 10 11 11 11 11 7 10 10 8 10 10 11 11 10 10 10 10 10 10 10 10 10 3 11 10 10 10 8 8 8 11 11 11 11 10 10 8 8 8 10 10 8 10 8 8 10 8 8 10 3 8 10 10 10 10 10 10 10 10 10 9 10 8 8 8 10 8 10 10 10 8 10 10 8 10 10 10 11 11 8 8 8 9 8 8 8 8 8 8 8 8 8 8 8 8 8 8 8 8 8 8 8 8 8 8 8 8 8 8 8 8 8 8 8 8 8 8 8 8 8 8 8 8 8 8 8 8 8 8 8 8 8 8 8 8 8 8 8 8 8 8 8 8 8 8 8 8 8 8 8 8 8 8 8 8 8 8 8 8 8 8 8 8 8 8 8 8 8 8 8 8 8 8 8 8 8 8 8 8 8 8 8 8 8 8 8 8 8 8 8 8 8 8 8 8 8 8 8 8 8 8 8 8 8 8 8 8 8 8 8 8 8 8 8 8 8 8 8 8 8 100 10 10 100 10 10 8 8 8 8 8 8 8 8 8 8 8 8 8 8 8 8 8 8 8 8 8 8 8 8 8 8 8 8 8 8 8 8 8 8 8 8 8 8 8 8 8 8 8 8 8 8 8 8 8 8 8 8 8 8 8 8 8 8 8 8 8 8 8 8 8 8 8 8 8 8 8 8 8 8 8 8 8 8 8 8 8 8 8 8 8 8 8 8 8 8 8 8 8 8 8 8 8 8 8 8 8 8 8 8 8 8 8 8 8 8 8 8 8 8 8 8 8 8 8 8 8 8 8 8 8 8 8 8 8 8 8 8 8 8 8 8 8 8 8 8 8 8 8 8 8 8 8 8 8 8 8 8 8 8 8 8 8 8 8 8 8 8 8 8 8 8 8 8 8 8 8 8 8 8 8 8 8 8 8 8 8 8 8 8 8 8 8 8 8 8 8 8 8 8 8 8 8 8 8 8 8 8 8 8 8 8 8 8 8 8 8 8 8 8 8 8 8 8 8 8 8 8 8 8 8 8 8 8 8 8 8 8 8 8 8 8 8 8 8 8 8 8 8 8 8 8 8 8 8 8 8 8 8 8 8 8 8 8 8 8 8 8 8 8 8 8 8 8 8 8 8 8 8 8 8 8 8 8 8 8 8 8 8 8 8 8 8 8 8 8 8 8 8 8 8 8 8 8 8 8 8 8 8 8 8 8 8 8 8 8 8 8 8 8 8 8 8 8 8 8 8 8 8 8 8 8 8 8 8 8 8 8 8 8 8 8 8 8 8 8 8 8 8 8 8 8 8 8 8 8 8 8 8 8 8 8 8 8 8 8 8 8 8 8 8 8 8 8 8 8 8 8 8 8 8 8 8 8 8 8 8 8 8 8 8 8 8 8 8 8 8 8 8 8 8 8 8 8 8 8 8 8 8 8 8 8 8 8 8 8 8 8 8 8 8 8 8 8 8 8 8 8 8 8 8 8 8 8 8 8 8 8 8 8 8 8 8 8 8 8 8 8 8 8 8 8 8 8 8 8 8 8 8 8 8 8 8 8 8 8 8 8 8 8 8 8 8 8 8 8 8 8 8 8 8 8 8 8 8 8 8 8 8 8 8 8 8 8 8 8 8 8 8 8 8 8 8 8 8 8 8 8 8 8 8 8 8 8 8 8 8 8 8 8 8 8 8 8 8 8 8 8 8 8 8 8 8 8 8 8 8 8 8 8 8 8 8 8 8 8 8 8 8 8 8 8 8 8 8 8 8 8 8 8 8 8 8 8 8 8 8 8 8 8 8 8 8 8 8 8 8 8 8 8 8 8 8 8 8 8 8 8 8 8 8 8 8 8 8 8 8 8 8 8 8 8 8 8 8 8 8 8 8 8 8 8 8 8 8 8 8 8 8 8 8 8 8 8 8 8 8 8 8 8 8 8 8 8 8 8 8 8 8 8 8 8 8 8 8 8 8 8 8 8 8 8 8 8 8 8 8 8 8 8 8 8 8 8 8 8 8 8 8 8 8 8 8 8 8 8 8 8 8 8 8 8 8 8 8 8 8 8 8 8 8 8 8 8 8 8 8 8 8 8 8 8 8 8 8 8 8 8 8 8 8 8 8 8 8 8 8 8 8 8 8 8 8 8 8 8 8 8 8 8 8 8 8 8 8 8 8 8 8 8 8 8 8 8 8 8 8 8 8 8 8 8 8 8 8 8 8 8 8 8 8 8 8 8 8 8 8 8 8 8 8 8 8 8 8 8 8 8 8 8 8 8 8 8 8 8 8 8 8 8 8 8 8 8 8 8 8 8 8 8 8 8 8 8 8 8 8 8 8 8 8 8 8 8 8 8 8 8 8 8 8 8 8 8 8 8 8 8 8 8 8 8 8 8 8 8 8 8 8 8 8 8 8 8 8 8 8 8 8 8 8 8 8 8 8 8 8 8 8 8 8 8 8 8 8 8 8 8 8 8 8 8 8 8 8 8 8 8 8 8 8 8 8 8 8 8 8 8 8 8 8 8 8 8 8 8 8 8 8 8 8 8 8 8 8 8 8 8 8 8 8 8 8 8 8 8 8 8 8 8 8 8 8 8 8 8 8 8 8 8 8 8 8 8 8 8 8 8 8 8 8 8 8 8 8 8 8 8 8 8 8 8 8 8 8 8 8 8 8 8 8 8 8 8 8 8 8 8 8 8 8 8 8 8 8 8 8 8 8 8 8 8 8 8 8 8 8 8 8 8 8 8 8 8 8 8 8 8 8 8 8 8 8 8 8 8 8 8 8 8 8 8 8 8 8 8 8 8 8 8 8 8 8 8 8 8 8 8 8 8 8 8 8 8 8 8 8 8 8 8 8 8 8 8 8 8 8 8 8 8 8 8 8 8 8 8 8 8 8 8 8 8 8 8 8 8 8 8 8 8 8 8 8 8 8 8 8 8 8 8 8 8 8 8 8 8 8 8 8 8 8 8 8 8 8 8 8 8 8 8 8 8 8 8 8 8 8 8 8 8 8 8 8 8 8 8 8 8 8 8 8 8 8 8 8 8 8 8 8 8 8 8 8 8 8 8 8 8 8 8 8 8 8 8 8 8 8 8 8 8 8 8 8 8 8 8 8 8 8 8 8 8 8 8 8 8 8 8 8 8 8 8 8 8 8 8 8 8 8 8 8 8 8 8 8 8 8 8 8 8 8 8 8 8 8 8 8 8 8 8 8 8 8 8 8 8 8 8 8 8 8 8 8 8 8 8 8 8 8 8 8 8 8 8 8 8 8 8 8 8 8 8 8 8 8 8 8 8 8 8 8 8 8 8 8 8 8 8 8 8 8 8 8 8 8 8 8 8 8 8 8 8 8 8 8 8 8 8 8 8 8 8 8 8 8 8 8 8 8 8 8 8 8 8 8 8 8 8 8 8 8 8 8 8 8 8 8 8 8 8 8 8 8 8 8 8 8 8 8 8 8 8 8 8 8 8 8 8 8 8 8 8 8 8 8 8 8 8 8 8 8 8 8 8 8 8 8 8 8 8 8 8 8 8 8 8 8 8 8 8 8 8 8 8 8 8 8 8 8 8 8 8 8 8 8 8 8 8 8 8 8 8 8 8 8 8 8 8 8 8 8 8 8 8 8 8 8 8 8 8 8 8 8 8 8 8 8 8 8 8 8 8 8 8 8 8 8 8 8 8 8 8 8 8 8 8 8 8 8 8 8 8 8 8 8 8 8 8 8 8 8 8 8 8 8 8 8 8 8 8 8 8 8 8 8 8 8 8 8 8 8 8 8 8 8 8 8 8 8 8 8 8 8 8 8 8 8 8 8 8 8 8 8 8 8 8 8 8 8 8 8 8 8 8 8 8 8 8 8 8 8 8 8 8 8 8 8 8 8 8 8 8 8 8 8 8 8 8 8 8 8 8 8 8 8 8 8 8 8 8 8 8 8 8 8 8 8 8 8 8 8 8 8 8 8 8 8 8 8 8 8 8 8 8 8 8 8 8 8 8 8 8 8 8 8 8 8 8 8 8 8 8 8 8 8 8 8 8 8 8 8 8 8 8 8 8 8 8 8 8 8 8 8 8 8 8 8 8 8 8 8 8 8 8 8 8 8 8 8 8 8 8 8 8 8 8 8 8 8 8 8 8 8 8 8 8 8 8 8 8 8 8 8 8 8 8 8 8 8 8 8 8 8 8 8 8 8 8 8 8 8 8 8 8 8 8 8 8 8 8 8 8 8 8 8 8 8 8 8 8 8 8 8 8 8 8 8 8 8 8 8 8 8 8 8 8 8 8 8 8 8 8 8 8 8 8 8 8 8 8 8 8 8 8 8 8 8 8 8 8 8 8 8 8 8 8 8 8 8 8 8 8 8 8 8 8 8 8 8 8 8 8 8 8 8 8 8 8 8 8 8 8 8 8 8 8 8 8 8 8 8 8 8 8 8 8 8 8 8 8 8 8 8 8 8 8 8 8 8 8 8 8 8 8 8 8 8 8 8 8 8 8 8 8 8 8 8 8 8 8 8 8 8 8 8 8 8 8 8 8 8 8 8 8 8 8 8 8 8 8 8 8 8 8 8 8 8 8 8 8 8 8 8 8 8 8 8 8 8 8 8 8 8 8 8 8 8 8 8 8 8 8 8 8 8 8 8 8 8 8 8 8 8 8 8 8 8 8 8 8 8 8 8 8 8 8 8 8 8 8 8 8 8 8 8 8 8 8 8 8 8 8 8 8 8 8 8 8 8 8 8 8 8 8 8 8 8 8 8 8 8 8 8 8 8 8 8 8 8 8 8 8 8 8 8 8 8 8 8 8 8 8 8 8 8 8 8 8 8 8 8 8 8 8 8 8 8 8 8 8 8 8 8 8 8 8 8 8 8 8 8 8 8 8 8 8 8 8 8 8 8 8 8 8 8 8 8 8 8 8 8 8 8 8 8 8 8 8 8 8 8 8 8 8 8 8 8 8 8 8 8 8 8 8 8 8 8 8 8 8 8 8 8 8 8 8 8 8 8 8 8 8 8 8 8 8 8 8 8 8 8 8 8 8 8 8 8 8 8 8 8 8 8 8 8 8 8 8 8 8 8 8 8 8 8 8 8 8 8 8 8 8 8 8 8 8 8 8 8 8 8 8 8 8 8 8 8 8 8 8 8 8 8 8 8 8 8 8 8 8 8 8 8 8 8 8 8 8 8 8 8 8 8 8 8 8 8 8 8 8 8 8 8 8 8 8 8 8 8 8 8 8 8 8 8 8 8 8 8 8 8 8 8 8 8 8 8 8 8 8 8 8 8 8 8 8 8 8 8 8 8 8 8 8 8 8 8 8 8 8 8 8 8 8 8 8 8 8 8 8 8 8 8 8 8 8 8 8 8 8 8 8 8 8 8 8 8 8 8 8 8 8 8 8 8 8 8 8 8 8 8 8 8 8 8 8 8 8 8 8 8 8 8 8 8 8 8 8 8 8 8 8 8 8 8 8 8 8 8 8 8 8 8 8 8 8 8 8 8 8 8 8 8 8 8 8 8 8 8 8 8 8 8 8 8 8 8 8 8 8 8 8 8 8 8 8 8 8 8 8 8 8 8 8 8 8 8 8 8 8 8 8 8 8 8 8 8 8 8 8 8 8 8 8 8 8 8 8 8 8 8 8 8 8 8 8 8 8 8 8 8 8 8 8 8 8 8 8 8 8 8 8 8 8 8 8 8 8 8 8 8 8 8 8 8 8 8 8 8 8 8 8 8 8 8 8 8 8 8 8 8 8 8 8 8 8 8 8 8 8 8 8 8 8 8 8 8 8 8 8 8 8 8 8 8 8 8 8 8 8 8 8 8 8 8 8 8 8 8 8 8 8 8 8 8 8 8 8 8 8 8 8 8 8 8 8 8 8 8 8 8 8 8 8 8 8 8 8 8 8 8 8 8 8 8 8 8 8 8 8 8 8 8 8 8 8 8 8 8 8 8 8 8 8 8 8 8 8 8 8 8 8 8 8 8 8 8 8 8 8 8 8 8 8 8 8 8 8 8 8 8 8 8 8 8 8 8 8 8 8 8 8 8 8 8 8 8 8 8 8 8 8 8 8 8 8 8 8 8 8 8 8 8 8 8 8 8 8 8 8 8 8 8 8 8 8 8 8 8 8 8 8 8 8 8 8 8 8 8 8 8 8 8 8 8 8 8 8 8 8 8 8 8 8 8 8 8 8 8 8 8 8 8 8 8 8 8 8 8 8 8 8 8 8 8 8 8 8 8 8 8 8 8 8 8 8 8 8 8 8 8 8 8 8 8 8 8 8 8 8 8 8 8 8 8 8 8 8 8 8 8 8 8 8 8 8 8 8 8 8 8 8 8 8 8 8 8 8 8 8 8 8 8 8 8 8 8 8 8 8 8 8 8 8 8 8 8 8 8 8 8 8 8 8 8 8 8 8 8 8 8 8 8 8 8 8 8 8 8 8 8 8 8 8 8 8 8 8 8 8 8 8 8 8 8 8 8 8 8 8 8 8 8 8 8 8 8 8 8 8 8 8 8 8 8 8 8 8 8 8 8 8 8 8 8 8 8 8 8 8 8 8 8 8 8 8 8 8 8 8 8 8 8 8 8 8 8 8 8 8 8 8 8 8 8 8 8 8 8 8 8 8 8 8 8 8 8 8 8 8 8 8 8 8 8 8 8 8 8 8 8 8 8 8 8 8 8 8 8 8 8 8 8 8 8 8 8 8 8 8 8 8 8 8 8 8 8 8 8 8 8 8 8 8 8 8 8 8 8 8 8 8 8 8 8 8 8 8 8 8 8 8 8 8 8 8 8 8 8 8 8 8 8 8 8 8 8 8 8 8 8 8 8 8 8 8 8 8 8 8 8 8 8 8 8 8 8 8 8 8 8 8 8 8 8 8 8 8 8 8 8 8 8 8 8 8 8 8 8 8 8 8 8 8 8 8 8 8 8 8 8 8 8 8 8 8 8 8 8 8 8 8 8 8 8 8 8 8 8 8 8 8 8 8 8 8 8 8 8 8 8 8 8 8 8 8 8 8 8 8 8 8 8 8 8 8 8 8 8 8 8 8 8 8 8 8 8 8 8 8 8 8 8 8 8 8 8 8 8 8 8 8 8 8 8 8 8 8 8 8 8 8 8 8 8 8 8 8 8 8 8 8 8 8 8 8 8 8 8 8 8 8 8 8 8 8 8 8 8 8 8 8 8 8 8 8 8 8 8 8 8 8 8 8 8 8 8 8 8 8 8 8 8 8 8 8 8 8 8 8 8 8 8 8 8 8 8 8 8 8 8 8 8 8 8 8 8 8 8 8 8 8 8 8 8 8 8 8 8 8 8 8 8 8 8 8 8 8 8 8 8 8 8 8 8 8 8 8 8 8 8 8 8 8 8 8 8 8 8 8 8 8 8 8 8 8 8 8 8 8 8 8 8 8 8 8 8 8 8 8 8 8 8 8 8 8 8 8 8 8 8 8 8 8 8 8 8 8 8 8 8 8 8 8 8 8 8 8 8 8 8 8 8 8 8 8 8 8 8 8 8 8 8 8 8 8 8 8 8 8 8 8 8 8 8 8 8 8 8 8 8 8 8 8 8 8 8 8 8 8 8 8 8 8 8 8 8 8 8 8 8 8 8 8 8 8 8 8 8 8 8 8 8 8 8 8 8 8 8 8 8 8 8 8 8 8 8 8 8 8 8 8 8 8 8 8 8 8 8 8 8 8 8 8 8 8 8 8 8 8 8 8 8 8 8 8 8 8 8 8 8 8 8 8 8 8 8 8 8 8 8 8 8 8 8 8 8 8 8 8 8 8 8 8 8 8 8 8 8 8 8 8 8 8 8 8 8 8 8 8 8 8 8 8 8 8 8 8 8 8 8 8 8 8 8 8 8 8 8 8 8 8 8 8 8 8 8 8 8 8 8 8 8 8 8 8 8 8 8 8 8 8 8 8 8 8 8 8 8 8 8 8 8 8 8 8 8 8 8 8 8 8 8 8 8 8 8 8 8 8 8 8 8 8 8 8 8 8 8 8 8 8 8 8 8 8 8 8 8 8 8 8 8 8 8 8 8 8 8 8 8 8 8 8 8 8 8 8 8 8 8 8 8 8 8 8 8 8 8 8 8 8 8 8 8 8 8 8 8 8 8 8 8 8 8 8 8 8 8 8 8 8 8 8 8 8 8 8 8 8 8 8 8 8 8 8 8 8 8 8 8 8 8 8 8 8 8 8 8 8 8 8 8 8 8 8 8 8 8 8 8 8 8 8 8 8 8 8 8 8 8 8 8 8 8 8 8 8 8 8 8 8 8 8 8 8 8 8 8 8 8 8 8 8 8 8 8 8 8 8 8 8 8 8 8 8 8 8 8 8 8 8 8 8 8 8 8 8 8 8 8 8 8 8 8 8 8 8 8 8 8 8 8 8 8 8 8 8 8 8 8 8 8 8 8 8 8 8 8 8 8 8 8 8 8 8 8 8 8 8 8 8 8 8 8 8 8 8 8 8 8 8 8 8 8 8 8 8 8 8 8 8 8 8 8 8 8 8 8 8 8 8 8 8 8 8 8 8 8 8 8 8 8 8 8 8 8 8 8 8 8 8 8 8 8 8 8 8 8 8 8 8 8 8 8 8 8 8 8 8 8 8 8 8 8 8 8 8 8 8 8 8 8 8 8 8 8 8 8 8 8 8 8 8 8 8 8 8 8 8 7 100 1 7 1 1 1 1 1 1 1 1 1 1 1 1 1 1 1 1 1 1 1 1 1 1 1 1 1 1 1 1 1 1 1 1 1 1 1 1 1 1 1 1 1 1 1 1 1 1 1 1 1 1 1 1 1 1 1 1 1 1 1 1 1 1 1 1 1 1 1 1 1 1 1 1 1 1 1 1 100 100 1 1 1 1 1 1 1 1 1 1 1 1 1 1 1 1 1 1 1 1 1 1 1 1 1 1 1 1 1 1 1 1 1 1 1 1 1 1 1 1 7 7 1 1 1 1 1 1 1 1 1 1 1 1 1 1 1 1 1 1 1 1 1 1 1 1 1 1 1 1 1 1 1 1 1 1 1 1 1 1 1 1 1 1 1 1 1 1 1 1 1 1 1 1 1 1 1 1 1 1 1 1 1 1 1 12 1 12 12 1 12 12 1 12 12 12 12 12 12 7 12 1 1 1 1 1 1 1 1 1 1 1 1 1 1 1 1 1 1 1 1 1 1 1 1 1 1 1 1 1 1 1 1 1 1 1 1 1 1 1 1 1 1 1 1 1 1 1 1 1 1 1 1 1 1 1 1 1 1 1 1 1 1 1 1 1 1 1 1 1 1 1 1 1 1 1 1 1 1 1 1 1 1 1 1 1 1 1 1 1 1 1 1 1 1 1 1 1 1 1 1 1 12 12 12 12 12 12 12 1 1 1 7 12 1 7 12 12 12 12 12 12 7 12 12 1 12 12 12 12 12 12 1 12 12 12 12 12 1 1 1 1 12 100 12 12 12 12 12 12 12 12 12 1 12 1 12 12 12 1 12 12 12 1 12 12 1 1 1 1 1 1 1 1 1 12 12 1 100 12 12 1 12 12 1 12 12 12 1 12 12 12 1 12 1 1 12 12 12 12 1 1 12 1 12 12 1 12 1 12 12 12 12 12 1 12 12 1 12 12 12 12 12 12 12 12 12 12 12 12 12 12 12 1 1 1 12 12 12 12 7 12 12 1 1 1 12 1 12 1 1 12 1 1 12 1 12 12 12 12 12 12 12 7 12 12 12 12 1 1 1 12 1 12 12 12 1 12 12 1 12 12 12 12 12 1 1 1 12 1 1 1 1 1 1 1 1 1 1 1 1 1 1 1 1 1 1 1 1 1 1 1 1 1 1 1 1 1 1 1 1 1 1 1 1 1 1 1 1 1 1 1 1 1 1 1 1 1 1 1 1 1 1 1 1 1 1 1 1 1 1 1 1 1 1 1 1 1 1 1 1 1 1 1 1 1 1 1 1 1 1 1 1 1 1 1 1 1 1 1 1 1 1 1 1 1 1 1 1 1 1 1 1 1 1 1 1 1 1 1 1 1 1 1 1 1 1 1 1 1 1 1 1 1 1 1 1 1 1 1 1 1 1 1 1 1 1 12 12 1 12 1 1 1 1 1 1 1 1 1 1 1 1 1 1 1 1 1 1 1 1 1 1 1 1 1 1 1 1 1 1 1 1 1 1 1 1 1 1 1 1 1 1 1 1 1 1 1 1 1 1 1 1 1 1 1 1 1 1 1 1 1 1 1 1 1 1 1 1 1 1 1 1 1 1 1 1 1 1 1 1 1 1 1 1 1 1 1 1 1 1 1 1 1 1 1 1 1 1 1 1 1 1 1 1 1 1 1 1 1 1 1 1 1 1 1 1 1 1 1 1 1 1 1 1 1 1 1 1 1 1 1 1 1 1 1 1 1 1 1 1 1 1 1 1 1 1 1 1 1 1 1 1 1 1 1 1 1 1 1 1 1 1 1 1 1 1 1 1 1 1 1 1 1 1 1 1 1 1 1 1 1 1 1 1 1 1 1 1 1 1 1 1 1 1 1 1 1 1 1 1 1 1 1 1 1 1 1 1 1 1 1 1 1 1 1 1 1 1 1 1 1 1 1 1 1 1 1 1 1 1 1 1 1 1 1 1 1 1 1 1 1 1 1 1 1 1 1 1 1 1 1 1 1 1 1 1 1 1 1 1 1 1 1 1 1 1 1 1 1 1 1 1 1 1 1 1 1 1 1 1 1 1 1 1 1 1 1 1 1 1 1 1 1 1 1 1 1 1 1 1 1 1 1 1 1 1 1 1 1 1 1 1 1 1 1 1 1 1 1 1 1 1 1 1 1 1 1 1 1 1 1 1 1 1 1 1 1 1 1 1 1 1 1 1 1 1 1 1 1 1 1 1 1 1 1 1 1 1 1 1 1 1 1 1 1 1 1 1 1 1 1 1 1 1 1 1 1 1 1 1 1 1 1 1 1 1 1 1 1 1 1 1 1 1 1 1 1 1 1 1 1 1 1 1 1 1 1 1 1 1 1 1 1 1 1 1 1 1 1 1 1 1 1 1 1 1 1 1 1 1 1 1 1 1 1 1 1 1 1 1 1 1 1 1 1 1 1 1 1 1 1 1 1 1 1 1 1 1 1 1 1 1 1 1 1 1 1 1 1 1 1 1 1 1 1 1 1 1 1 1 1 1 1 1 1 1 1 1 1 1 1 1 1 1 1 1 1 1 1 1 1 1 1 1 1 1 1 1 1 1 1 1 1 1 1 1 1 1 1 1 1 1 1 1 1 1 1 1 1 1 1 1 1 1 1 1 1 1 1 1 1 1 1 1 1 1 1 1 1 1 1 1 1 1 1 1 1 1 1 1 1 1 1 1 1 1 1 1 1 1 1 1 1 1 1 1 1 1 1 1 1 1 1 1 1 1 1 1 1 1 1 1 1 1 1 1 1 1 1 1 1 1 1 1 1 1 1 1 1 1 1 1 1 1 1 1 1 1 1 1 1 1 1 1 1 1 1 1 1 1 1 1 1 1 1 1 1 1 1 1 1 1 1 1 1 1 1 1 1 1 1 1 1 1 1 1 1 1 1 1 1 1 1 1 1 1 1 1 1 1 1 1 1 1 1 1 1 1 1 1 1 1 1 1 1 1 1 1 1 1 1 1 1 1 1 1 1 1 1 1 1 1 1 1 1 1 1 1 1 1 1 1 1 1 1 1 1 1 1 1 1 1 1 1 1 1 1 1 1 1 1 1 1 1 1 1 1 1 1 1 1 1 1 1 1 1 1 1 1 1 1 1 1 1 1 1 1 1 1 1 1 1 1 1 1 1 1 1 1 1 1 1 1 1 1 1 1 1 1 1 1 1 1 1 1 1 1 1 1 1 1 1 1 1 1 1 1 1 1 1 1 1 1 1 1 1 1 1 1 1 1 1 1 1 1 1 1 1 1 1 1 1 1 1 1 1 1 1 1 1 1 1 1 1 1 1 1 1 1 1 1 1 1 1 1 1 1 1 1 1 1 1 1 1 1 1 1 1 1 1 1 1 1 1 1 1 1 1 1 1 1 1 1 1 1 1 1 1 1 1 1 1 1 1 1 1 1 1 1 1 1 1 1 1 1 1 1 1 1 1 1 1 1 1 1 1 1 1 1 1 1 1 1 1 1 1 1 1 1 1 1 1 1 1 1 1 1 1 1 1 1 1 1 1 1 1 1 1 1 1 1 1 1 1 1 1 1 1 1 1 1 1 1 1 1 1 1 1 1 1 1 1 1 1 1 1 1 1 1 1 1 1 1 1 1 1 1 1 1 1 1 1 1 1 1 1 1 1 1 1 1 1 1 1 1 1 1 1 1 1 1 1 1 1 1 1 1 1 1 1 1 1 1 1 1 1 1 1 1 1 1 1 1 1 1 1 1 1 1 1 1 1 1 1 1 1 1 1 1 1 1 1 1 1 1 1 1 1 1 1 1 1 1 1 1 1 1 1 1 1 1 1 1 1 1 1 1 1 1 1 1 1 1 1 1 1 1 1 1 1 1 1 1 1 1 1 1 1 1 1 1 1 1 1 1 1 1 1 1 1 1 1 1 1 1 1 1 1 1 1 1 1 1 1 1 1 1 1 1 1 1 1 1 1 1 1 1 1 1 1 1 1 1 1 1 1 1 1 1 1 1 1 1 1 1 1 1 1 1 1 1 1 1 1 1 1 1 1 1 1 1 1 1 1 1 1 1 1 1 1 1 1 1 1 1 1 1 1 1 1 1 1 1 1 1 1 1 1 1 1 1 1 1 1 1 1 1 1 1 1 1 1 1 1 1 1 1 1 1 1 1 1 1 1 1 1 1 1 1 1 1 1 1 1 1 1 1 1 1 1 1 1 1 1 1 1 1 1 1 1 1 1 1 1 1 1 1 1 1 1 1 1 1 1 1 1 1 1 1 1 1 1 1 1 1 1 1 1 1 1 1 1 1 1 1 1 1 1 1 1 1 1 1 1 1 1 1 1 1 1 1 1 1 1 1 1 1 1 1 1 1 1 1 1 1 1 1 1 1 1 1 1 1 1 1 1 1 1 1 1 1 1 1 1 1 1 1 1 1 1 1 1 1 1 1 1 1 1 1 1 1 1 1 1 1 1 1 1 1 1 1 1 1 1 1 1 1 1 1 1 1 1 1 1 1 1 1 1 1 1 1 1 1 1 1 1 1 1 1 1 1 1 1 1 1 1 1 1 1 1 1 1 1 1 1 1 1 1 1 1 1 1 1 1 1 1 1 1 1 1 1 1 1 1 1 1 1 1 1 1 1 1 1 1 1 1 1 1 1 1 1 1 1 1 1 1 1 1 1 1 1 1 1 1 1 1 1 1 1 1 1 1 1 1 1 1 1 1 1 1 1 1 1 1 1 1 1 1 1 1 1 1 1 1 1 1 1 1 1 1 1 1 1 1 1 1 1 1 1 1 1 1 1 1 1 1 1 1 1 1 1 1 1 1 1 1 1 1 1 1 1 1 1 1 1 1 1 1 1 1 1 1 1 1 1 1 1 1 1 1 1 1 1 1 1 1 1 1 1 1 1 1 1 1 1 1 1 1 1 1 1 1 1 1 1 1 1 1 1 1 1 1 1 1 1 1 1 1 1 1 1 1 1 1 1 1 1 1 1 1 1 1 1 1 1 1 1 1 1 1 1 1 1 1 1 1 1 1 1 1 1 1 1 1 1 1 1 1 1 1 1 1 1 1 1 1 1 1 1 1 1 1 1 1 1 1 1 1 1 1 1 1 1 1 1 1 1 1 1 1 1 1 1 1 1 1 1 1 1 1 1 1 1 1 1 1 1 1 1 1 1 1 1 1 1 1 1 1 1 1 1 1 1 1 1 1 1 1 1 1 1 1 1 1 1 1 1 1 1 1 1 1 1 1 1 1 1 1 1 1 1 1 1 1 1 1 1 1 1 1 1 1 1 1 1 1 1 1 1 1 1 1 1 1 1 1 1 1 1 1 1 1 1 1 1 1 1 1 1 1 1 1 1 1 1 1 1 1 1 1 1 1 1 1 1 1 1 1 1 1 1 1 1 1 1 1 1 1 1 1 1 1 1 1 1 1 1 1 1 1 1 1 1 1 1 1 1 1 1 1 1 1 1 1 1 1 1 1 1 1 1 1 1 1 1 1 1 1 1 1 1 1 1 1 1 1 1 1 1 1 1 1 1 1 1 1 1 1 1 1 1 1 1 1 1 1 1 1 1 1 1 1 1 1 1 1 1 1 1 1 1 1 1 1 1 1 1 1 1 1 1 1 1 1 1 1 1 1 1 1 1 1 1 1 1 1 1 1 1 1 1 1 1 1 1 1 1 1 1 1 1 1 1 1 1 1 1 1 1 1 1 1 1 1 1 1 1 1 1 1 1 1 1 1 1 1 1 1 1 1 1 1 1 1 1 1 1 1 1 1 1 1 1 1 1 1 1 1 1 1 1 1 1 1 1 1 1 1 1 1 1 1 1 1 1 1 1 1 1 1 1 1 1 1 1 1 1 1 1 1 1 1 1 1 1 1 1 1 1 1 1 1 1 1 1 1 1 1 1 1 1 1 1 1 1 1 1 1 1 1 1 1 1 1 1 1 1 1 1 1 1 1 1 1 1 1 1 1 1 1 1 1 1 1 1 1 1 1 1 1 1 1 1 1 1 1 1 1 1 1 1 1 1 1 1 1 1 1 1 1 1 1 1 1 1 1 1 1 1 1 1 1 1 1 1 1 1 1 1 1 1 1 1 1 1 1 1 1 1 1 1 1 1 1 1 1 1 1 1 1 1 1 1 1 1 1 1 1 1 1 1 1 1 1 1 1 1 1 1 1 1 1 1 1 1 1 1 1 1 1 1 1 1 1 1 1 1 1 1 1 1 1 1 1 1 1 1 1 1 1 1 1 1 1 1 1 1 1 1 1 1 1 1 1 1 1 1 1 1 1 1 1 1 1 1 1 1 1 1 1 1 1 1 1 1 1 1 1 1 1 1 1 1 1 1 1 1 1 1 1 1 1 1 1 1 1 1 1 1 1 1 1 1 1 1 1 1 1 1 1 1 1 1 1 1 1 1 1 1 1 1 1 1 1 1 1 1 1 1 1 1 1 1 1 1 1 1 1 1 1 1 1 1 1 1 1 1 1 1 1 1 1 1 1 1 1 1 1 1 1 1 1 1 1 1 1 1 1 1 1 1 1 1 1 1 1 1 1 1 1 1 1 1 1 1 1 1 1 1 1 1 1 1 1 1 1 1 1 1 1 1 1 1 1 1 1 1 1 1 1 1 1 1 1 1 1 1 1 1 1 1 1 1 1 1 1 1 1 1 1 1 1 1 1 1 1 1 1 1 1 1 1 1 1 1 1 1 1 1 1 1 1 1 1 1 1 1 1 1 1 1 1 1 1 1 1 1 1 1 1 1 1 1 1 1 1 1 1 1 1 1 1 1 1 1 1 1 1 1 1 1 1 1 1 1 1 1 1 1 1 1 1 1 1 1 1 1 1 1 1 1 1 1 1 1 1 1 1 1 1 1 1 1 1 1 1 1 1 1 1 1 1 1 1 1 1 1 1 1 1 1 1 1 1 1 1 1 1 1 1 1 1 1 1 1 1 1 1 1 1 1 1 1 1 1 1 1 1 1 1 1 1 1 1 1 1 1 1 1 1 1 1 1 1 1 1 1 1 1 1 1 1 1 1 1 1 1 1 1 1 1 1 1 1 1 1 1 1 1 1 1 1 1 1 1 1 1 1 1 1 1 1 1 1 1 1 1 1 1 1 1 1 1 1 1 1 1 1 1 1 1 1 1 1 1 1 1 1 1 1 1 1 1 1 1 1 1 1 1 1 1 1 1 1 1 1 1 1 1 1 1 1 1 1 1 1 1 1 1 1 1 1 1 1 1 1 1 1 1 1 1 1 1 1 1 1 1 1 1 1 1 1 1 1 1 1 1 1 1 1 1 1 1 1 1 1 1 1 1 1 1 1 1 1 1 1 1 1 1 1 1 1 1 1 1 1 1 1 1 1 1 1 1 1 1 1 1 1 1 1 1 1 1 1 1 1 1 1 1 1 1 1 1 1 1 1 1 1 1 1 1 1 1 1 1 1 1 1 1 1 1 1 1 1 1 1 1 1 1 1 1 1 1 1 1 1 1 1 1 1 1 1 1 1 1 1 1 1 1 1 1 1 1 1 1 1 1 1 1 1 1 1 1 1 1 1 1 1 1 1 1 1 1 1 1 1 1 1 1 1 1 1 1 1 1 1 1 1 1 1 1 1 1 1 1 1 1 1 1 1 1 1 1 1 1 1 1 1 1 1 1 1 1 1 1 1 1 1 1 1 1 1 1 1 1 1 1 1 1 1 1 1 1 1 1 1 1 1 1 1 1 1 1 1 1 1 1 1 1 1 1 1 1 1 1 1 1 1 1 1 1 1 1 1 1 1 1 1 1 1 1 1 1 1 1 1 1 1 1 1 1 1 1 1 1 1 1 1 1 1 1 1 1 1 1 1 1 1 1 1 1 1 1 1 1 1 1 1 1 1 1 1 1 1 1 1 1 1 1 1 1 1 1 1 1 1 1 1 1 1 1 1 1 1 1 1 1 1 1 1 1 1 1 1 1 1 1 1 1 1 1 1 1 1 1 1 1 1 1 1 1 1 1 1 1 1 1 1 1 1 1 1 1 1 1 1 1 1 1 1 1 1 1 1 1 1 1 1 1 1 1 1 1 1 1 1 1 1 1 1 1 1 1 1 1 1 1 1 1 1 1 1 1 1 1 1 1 1 1 1 1 1 1 1 1 1 1 1 1 1 1 1 1 1 1 1 1 1 1 1 1 1 1 1 1 1 1 1 1 1 1 1 1 1 1 1 1 1 1 1 1 1 1 1 1 1 1 1 1 1 1 1 1 1 1 1 1 1 1 1 1 1 1 1 1 1 1 1 1 1 1 1 1 1 1 1 1 1 1 1 1 1 1 1 1 1 1 1 1 1 1 1 1 1 1 1 1 1 1 1 1 1 1 1 1 1 1 1 1 1 1 1 1 1 1 1 1 1 1 1 1 1 1 1 1 1 1 1 1 1 1 1 1 1 1 1 1 1 1 1 1 1 1 1 1 1 1 1 1 1 1 1 1 1 1 1 1 1 1 1 1 1 1 1 1 1 1 1 1 1 1 1 1 1 1 1 1 1 1 1 1 1 1 1 1 1 1 1 1 1 1 1 1 1 1 1 1 1 1 1 1 1 1 1 1 1 1 1 1 1 1 1 1 1 1 1 1 1 1 1 1 1 1 1 1 1 1 1 1 1 1 1 1 1 1 1 1 1 1 1 1 1 1 1 1 1 1 1 1 1 1 1 1 1 1 1 1 1 1 1 1 1 1 1 1 1 1 1 1 1 1 1 1 1 1 1 1 1 1 1 1 1 1 1 1 1 1 1 1 1 1 1 1 1 1 1 1 1 1 1 1 1 1 1 1 1 1 1 1 1 1 1 1 1 1 1 1 1 1 1 1 1 1 1 1 1 1 1 1 1 1 1 1 1 1 1 1 1 1 1 1 1 1 1 1 1 1 1 1 1 1 1 1 1 1 1 1 1 1 1 1 1 1 1 1 1 1 1 1 1 1 1 1 1 1 1 1 1 1 1 1 1 1 1 1 1 1 1 1 1 1 1 1 1 1 1 1 1 1 1 1 1 1 1 1 1 1 1 1 1 1 1 1 1 1 1 1 1 1 1 1 1 1 1 1 1 1 1 1 1 1 1 1 1 1 1 1 1 1 1 1 1 1 1 1 1 1 1 1 1 1 1 1 1 1 1 1 1 1 1 1 1 1 1 1 1 1 1 1 1 1 1 1 1 1 1 1 1 1 1 1 1 1 1 1 1 1 1 1 1 1 1 1 1 1 1 1 1 1 1 1 1 1 1 1 1 1 1 1 1 1 1 1 1 1 1 1 1 1 1 1 1 1 1 1 1 1 1 1 1 1 1 1 1 1 1 1 1 1 1 1 1 1 1 1 1 1 1 1 1 1 1 1 1 1 1 1 1 1 1 1 1 1 1 1 1 1 1 1 1 1 1 1 1 1 1 1 1 1 1 1 1 1 1 1 1 1 1 1 1 1 1 1 1 1 1 1 1 1 1 1 1 1 1 1 1 1 1 1 1 1 1 1 1 1 1 1 1 1 1 1 1 1 1 1 1 1 1 1 1 1 1 1 1 1 1 1 1 1 1 1 1 1 1 1 1 1 1 1 1 1 1 1 1 1 1 1 1 1 1 1 1 1 1 1 1 1 1 1 1 1 1 1 1 1 1 1 1 1 1 1 1 1 1 1 1 1 1 1 1 1 1 1 1 1 1 1 1 1 1 1 1 1 1 1 1 1 1 1 1 1 1 1 1 1 1 1 1 1 1 1 1 1 1 1 1 1 1 1 1 1 1 1 1 1 1 1 1 1 1 1 1 1 1 1 1 1 1 1 1 1 1 1 1 1 1 1 1 1 1 1 1 1 1 1 1 1 1 1 1 1 1 1
ciInstanceKlass org/hl7/fhir/utilities/xhtml/XhtmlParser$ParserSecurityPolicy 1 1 56 9 10 100 7 10 10 8 10 9 8 9 8 9 7 1 1 1 1 1 1 1 1 1 1 1 1 1 1 1 1 1 1 1 1 1 1 1 1 1 1 12 100 12 100 1 12 12 12 12 12 1 1 1 1 1
staticfield org/hl7/fhir/utilities/xhtml/XhtmlParser$ParserSecurityPolicy Accept Lorg/hl7/fhir/utilities/xhtml/XhtmlParser$ParserSecurityPolicy; org/hl7/fhir/utilities/xhtml/XhtmlParser$ParserSecurityPolicy
staticfield org/hl7/fhir/utilities/xhtml/XhtmlParser$ParserSecurityPolicy Drop Lorg/hl7/fhir/utilities/xhtml/XhtmlParser$ParserSecurityPolicy; org/hl7/fhir/utilities/xhtml/XhtmlParser$ParserSecurityPolicy
staticfield org/hl7/fhir/utilities/xhtml/XhtmlParser$ParserSecurityPolicy Reject Lorg/hl7/fhir/utilities/xhtml/XhtmlParser$ParserSecurityPolicy; org/hl7/fhir/utilities/xhtml/XhtmlParser$ParserSecurityPolicy
staticfield org/hl7/fhir/utilities/xhtml/XhtmlParser$ParserSecurityPolicy $VALUES [Lorg/hl7/fhir/utilities/xhtml/XhtmlParser$ParserSecurityPolicy; 3 [Lorg/hl7/fhir/utilities/xhtml/XhtmlParser$ParserSecurityPolicy;
ciInstanceKlass org/hl7/fhir/r5/utils/ToolingExtensions 1 1 974 10 7 10 7 8 10 100 10 10 10 10 8 10 10 10 7 10 10 100 10 10 11 10 10 100 10 100 10 10 8 10 10 10 8 8 8 10 10 10 100 10 7 100 10 10 10 100 10 100 10 10 100 10 10 100 10 100 10 10 10 10 9 10 10 10 10 8 8 8 8 10 8 10 8 8 8 10 8 8 10 11 11 11 10 10 10 10 10 8 8 8 10 10 8 100 10 11 10 100 10 100 100 10 8 10 8 10 10 100 10 11 8 10 10 10 10 10 8 10 10 100 10 10 10 10 10 10 10 10 8 10 10 10 8 10 10 10 11 10 10 10 10 10 8 10 9 10 9 9 9 9 9 9 9 9 9 9 9 9 9 9 9 9 9 9 9 9 9 9 9 9 9 9 9 9 9 9 9 9 9 10 9 9 9 9 8 10 10 100 10 10 8 10 8 10 10 100 10 10 100 10 100 100 1 1 1 1 1 1 1 8 1 8 1 1 1 1 1 1 1 1 8 1 8 1 1 1 1 1 1 8 1 8 1 8 1 8 1 8 1 8 1 8 1 1 1 8 1 8 1 8 1 8 1 8 1 8 1 8 1 8 1 8 1 8 1 8 1 1 1 8 1 8 1 8 1 8 1 8 1 8 1 8 1 8 1 8 1 8 1 8 1 8 1 8 1 8 1 8 1 8 1 8 1 8 1 8 1 8 1 8 1 8 1 8 1 8 1 8 1 8 1 1 8 1 8 1 8 1 8 1 8 1 8 1 8 1 8 1 8 1 8 1 8 1 8 1 8 1 8 1 8 1 8 1 1 1 1 1 1 1 1 100 1 1 1 1 1 1 1 1 1 1 1 1 1 1 1 1 1 1 1 1 1 1 1 1 1 1 1 1 1 1 1 1 1 1 1 1 100 1 1 1 1 1 100 1 1 1 1 100 1 1 1 1 1 1 1 1 1 1 1 1 1 1 1 1 1 1 1 1 1 1 1 1 1 1 1 1 1 1 100 1 1 1 1 1 1 1 1 1 1 1 1 1 1 1 1 1 1 1 1 1 1 1 1 1 1 7 1 1 1 1 1 1 1 1 1 1 1 1 1 1 1 1 1 1 1 1 1 1 1 1 1 1 7 1 1 1 1 1 1 1 1 1 1 1 1 1 1 1 1 1 1 1 1 1 100 1 1 1 1 100 1 1 1 1 1 1 1 100 1 1 1 1 1 1 1 100 1 100 1 1 1 1 100 1 100 1 1 1 1 1 1 1 1 1 1 1 1 1 1 1 1 1 1 1 1 1 1 1 1 12 1 1 1 12 1 12 12 12 1 12 12 100 12 1 12 7 12 1 100 12 12 7 1 12 1 12 1 12 1 1 1 12 7 12 1 12 1 1 12 1 1 1 12 1 1 12 12 12 100 12 12 12 12 1 1 1 1 12 1 12 1 1 1 12 1 1 12 12 12 12 12 12 7 12 1 12 100 1 1 12 1 12 1 1 1 12 1 1 12 1 12 100 12 12 12 12 1 12 12 1 12 12 12 12 12 12 12 1 12 12 12 1 12 12 12 12 12 12 100 12 12 1 12 12 12 12 12 12 12 12 12 12 12 12 12 12 12 12 12 12 12 12 12 12 12 12 12 12 12 12 12 12 12 12 12 12 12 12 12 12 12 12 1 1 1 12 12 12 1 12 1 12 1 1 1 1 1 1 1 1 1 1 1 1 1 1 1 1 1 1 1 1 1 1 1 1 1 1 1 1 1 1 1 1 1 1 1 1 1 1 1 1 1 1 1 1 1 1 1 1 1 1 1 1 1 1 1 1 1 1 1 1 1 1 1 1 1 1 1 100 1 1 100 1 100 1 1 1 1 1 100 1 1 1 1 1 1 1 1 1 1 1 1 1 1 1 1 1 1 1 1 1 1 1 1 1 1 1 1 1 1 1 1 1 1 1 1 1 1 1 1 1 1 1 1 1 1 1 1 1 1 1 1 1 1 1 1 1 1 1 1 1 1 1 1 1 1 1 1 1 1 1 1 1 1 1 1 1 1 1 1 1 1 1 1 1 1 1 1 1 1 1 1 1 1 1 1 1 1 1 1 1 1 1 1 1 1 1 1 1 1 1 1 1 1 1 1 1 1 1 1 1 1 1 1 1 1 1 1 1 1 1 1 1 1 1 1 1 1 1 1 1 1 1 1 1 1 1 1 1
instanceKlass org/hl7/fhir/r5/elementmodel/XmlParser
instanceKlass org/hl7/fhir/r5/elementmodel/JsonParser
ciInstanceKlass org/hl7/fhir/r5/elementmodel/ParserBase 1 1 334 7 8 8 8 8 8 8 8 8 8 8 8 8 8 8 8 8 8 8 8 8 10 10 9 9 9 9 10 11 7 8 10 11 7 10 9 100 9 10 11 9 9 9 100 7 10 10 8 7 10 10 10 10 9 100 8 11 10 8 11 11 11 11 7 10 9 10 8 10 10 10 100 8 8 10 10 10 8 11 8 11 8 9 9 7 7 1 1 100 1 1 1 1 1 1 1 1 1 1 1 1 1 1 1 1 1 1 1 1 1 1 1 1 1 1 1 1 1 1 1 1 100 100 1 1 1 1 1 1 1 1 7 1 100 1 1 1 7 1 7 1 1 1 1 1 1 1 1 1 1 1 1 1 1 1 1 1 1 1 1 7 1 1 1 1 1 1 1 1 1 1 1 1 1 1 1 1 1 1 1 1 1 1 1 1 1 1 1 1 1 1 1 1 1 7 12 12 12 12 12 12 12 12 1 1 12 12 1 12 12 1 100 12 12 12 12 12 12 1 1 12 1 1 100 12 12 12 12 1 1 7 12 12 1 12 12 12 12 1 12 7 12 12 1 12 12 12 1 1 1 7 12 12 12 1 12 1 12 1 12 12 1 1 1 1 1 1 100 1 1 1 1 1 1 1 1 1 1 1 1 1 1 1 1 1 1 1 1 1 1 1 1 1 1 1 1 1 1 1 1 1 1 1 1 1 1 1 1 1 1 1 1 1 1 1 1 1 1 1 1 1 1 1 1 1 1 1 1 1 1 1 1 1
ciInstanceKlass org/hl7/fhir/r5/elementmodel/ParserBase$ValidationPolicy 1 1 56 9 10 100 7 10 10 8 10 9 8 9 8 9 7 1 1 1 1 1 1 1 1 1 1 1 1 1 1 1 1 1 1 1 1 1 1 1 1 1 1 12 100 12 100 1 12 12 12 12 12 1 1 1 1 1
staticfield org/hl7/fhir/r5/elementmodel/ParserBase$ValidationPolicy NONE Lorg/hl7/fhir/r5/elementmodel/ParserBase$ValidationPolicy; org/hl7/fhir/r5/elementmodel/ParserBase$ValidationPolicy
staticfield org/hl7/fhir/r5/elementmodel/ParserBase$ValidationPolicy QUICK Lorg/hl7/fhir/r5/elementmodel/ParserBase$ValidationPolicy; org/hl7/fhir/r5/elementmodel/ParserBase$ValidationPolicy
staticfield org/hl7/fhir/r5/elementmodel/ParserBase$ValidationPolicy EVERYTHING Lorg/hl7/fhir/r5/elementmodel/ParserBase$ValidationPolicy; org/hl7/fhir/r5/elementmodel/ParserBase$ValidationPolicy
staticfield org/hl7/fhir/r5/elementmodel/ParserBase$ValidationPolicy $VALUES [Lorg/hl7/fhir/r5/elementmodel/ParserBase$ValidationPolicy; 3 [Lorg/hl7/fhir/r5/elementmodel/ParserBase$ValidationPolicy;
ciInstanceKlass org/hl7/fhir/r5/elementmodel/Property 1 1 479 10 9 9 9 9 7 10 10 10 8 10 10 8 10 10 10 8 10 10 10 100 8 10 11 11 7 10 10 100 8 10 10 10 10 8 10 10 10 7 10 8 10 8 10 10 7 11 8 10 10 11 11 11 7 10 10 8 8 8 10 8 10 10 10 10 8 8 8 7 8 8 10 8 10 10 10 10 8 8 10 9 8 10 10 10 10 11 8 10 9 9 10 8 11 11 10 9 8 10 10 8 10 9 10 10 10 100 8 8 8 10 10 8 10 9 10 100 10 100 10 100 8 8 8 10 8 8 7 10 7 11 8 10 8 10 10 10 7 1 1 1 1 1 1 1 1 1 1 1 1 1 1 1 1 1 1 1 1 1 1 1 1 1 1 1 1 1 1 1 1 1 1 1 1 1 1 1 1 1 1 1 1 1 1 1 1 7 1 1 1 1 1 1 1 1 1 1 1 1 1 1 1 1 1 1 1 1 1 1 1 1 1 1 1 1 1 1 1 1 1 1 7 1 1 1 1 1 100 1 1 1 1 1 1 1 1 1 1 1 1 1 1 1 12 12 12 12 12 1 12 12 12 1 12 12 1 12 7 12 12 1 12 12 12 1 1 12 12 12 1 12 12 1 1 12 12 12 12 1 12 12 12 1 1 12 1 12 12 1 7 12 1 12 7 12 12 12 12 1 12 12 1 1 1 12 1 12 12 12 12 1 1 1 1 1 1 100 12 1 12 7 12 1 1 12 100 12 1 12 12 100 12 1 100 12 12 12 12 1 12 12 12 12 1 12 12 1 12 7 12 12 12 12 1 1 1 1 12 1 12 12 12 1 1 12 1 1 1 1 1 1 1 1 12 1 1 12 12 7 12 1 1 1 1 100 1 1 1 1 1 1 1 1 1 1 1 1 1 1 1 1 1 1 1 1 1 1 1 1 1 1 1 1 1 1 1 1 1 1 1 1 1 1 1 1 1 1 1 1 1 1 1 1 1 1 1 1 1 1 1 1 1 1 1 1 1 1 1 1 1 1 1 1 1 1 1 1 1 1 1 1 1 1 1 1 1 1 1 1 1 1 1 1 1 1 1 1 1
staticfield org/hl7/fhir/r5/elementmodel/Property $assertionsDisabled Z 1
ciInstanceKlass org/hl7/fhir/r5/elementmodel/XmlParser 1 1 1132 10 9 9 7 10 10 8 10 8 8 8 10 10 10 9 9 10 10 10 9 10 10 10 10 10 7 10 10 10 10 10 10 10 11 7 10 7 10 7 10 10 10 100 8 9 10 9 10 10 7 10 11 100 8 11 11 10 11 11 7 10 10 8 9 100 8 100 11 9 11 7 8 11 10 10 10 10 11 7 10 8 10 10 10 8 10 7 7 10 10 11 7 10 10 10 10 10 10 10 10 10 10 8 8 8 8 8 8 8 8 8 8 8 11 11 11 11 8 8 10 11 10 11 10 8 10 8 10 10 10 10 10 10 8 10 10 10 10 8 8 11 8 8 10 10 8 10 10 8 8 10 11 11 9 8 11 10 8 11 11 10 8 10 10 10 8 10 10 8 8 10 8 8 11 10 10 10 8 9 10 100 10 7 10 7 10 10 10 7 10 10 10 10 8 10 8 9 11 8 8 8 10 10 10 10 10 10 10 8 8 10 8 10 8 10 10 7 10 10 11 11 11 9 9 10 8 10 10 10 8 10 10 100 8 10 100 10 10 8 10 7 11 10 11 100 8 10 10 10 11 10 11 11 10 100 10 100 8 10 10 9 10 10 10 8 10 10 10 10 11 11 8 11 11 10 10 10 8 11 11 11 7 8 10 11 11 9 8 10 7 100 11 11 10 9 11 11 11 10 11 11 10 10 10 11 10 10 10 10 10 11 8 11 10 11 10 10 11 10 10 10 8 10 8 8 10 8 8 8 8 8 7 7 1 1 1 1 1 1 1 1 1 1 1 1 1 1 1 1 1 1 1 1 1 1 1 1 1 1 1 1 1 1 1 1 1 1 1 1 1 1 1 1 1 1 1 1 1 1 1 1 1 1 1 1 1 1 1 1 1 1 1 1 1 7 7 1 100 100 1 1 1 1 1 1 1 1 1 1 1 1 1 1 1 1 1 1 1 1 1 1 1 1 1 1 1 1 1 1 1 1 1 1 1 1 1 1 1 1 1 1 1 1 1 1 1 1 1 1 1 1 1 1 100 1 1 1 1 100 1 1 1 1 1 1 7 1 1 1 1 1 1 1 1 1 1 1 1 1 1 1 1 1 1 1 1 1 1 1 7 1 1 1 1 1 1 100 1 1 1 1 1 1 1 100 1 1 1 1 1 1 1 1 1 1 1 1 1 1 1 1 1 1 1 1 1 1 1 1 1 1 7 1 1 12 12 12 1 12 12 1 12 1 1 1 12 12 12 12 7 12 12 12 12 12 12 7 12 12 12 7 12 1 12 7 12 12 12 7 12 7 1 12 1 12 1 12 7 12 12 1 1 100 12 12 100 12 12 12 1 12 12 1 1 12 12 12 12 12 1 12 12 1 12 1 1 1 7 12 12 12 1 1 12 12 12 12 12 12 1 1 12 12 12 1 12 1 1 12 7 12 12 1 12 12 12 12 12 12 12 12 12 7 12 1 1 1 1 1 1 1 1 1 1 1 12 7 12 12 12 1 1 12 12 12 12 1 12 1 12 12 7 12 12 12 12 1 12 12 12 100 12 1 1 12 1 1 12 1 12 1 12 12 12 1 12 12 1 12 1 7 12 12 12 12 12 1 1 12 1 12 12 12 12 12 1 1 12 1 12 12 1 12 12 12 12 1 12 1 12 12 1 1 1 12 12 12 12 12 12 1 1 12 1 100 12 1 12 12 1 12 7 12 12 12 12 12 12 12 1 12 12 12 1 12 12 1 1 12 1 12 1 12 1 12 7 12 12 1 1 7 12 12 12 12 12 12 1 12 1 1 12 12 12 12 12 12 1 12 12 12 12 100 12 12 1 12 12 12 12 1 12 1 1 12 12 12 1 1 1 12 12 12 12 100 12 12 12 12 12 12 12 12 12 12 12 12 12 12 12 12 1 12 12 12 12 12 12 12 12 12 1 1 1 12 1 1 1 1 1 1 1 1 1 1 1 1 1 1 1 100 1 1 1 1 1 1 1 1 1 1 1 1 1 1 1 1 1 1 1 1 1 1 1 1 1 1 1 1 1 1 1 1 1 1 1 1 1 1 1 1 1 1 1 1 1 1 100 1 1 1 1 1 1 1 1 1 1 1 1 1 1 1 1 1 1 1 1 1 1 1 1 1 1 1 1 1 1 1 1 1 1 1 1 1 1 1 1 1 1 1 1 1 1 1 1 1 1 1 1 1 1 1 1 1 1 1 1 1 1 1 1 1 1 1 1 1 1 1 1 1 1 1 1 1 1 1 1 1 1 1 1 1 1 1 1 1 1 1 1 1 1 1 1 1 1 1 1 1 1 1 1 1 1 1 1 1 1 1 1 1 1 1 1 1 1 1 1 1 1 1 1 1 1 1 1 1 1 1 1 1 1 1 1 1 1 1 1 1 1 1 1 1 1 1 1 1 1 1 1 1 1 1 1 1 1 1 1 1 1 1 1 1 1 1 1 1 1 1 1 1 1 1 1 1 1 1 1 1 1 1 1 1 1 1 1 1 1 1 1 1 1 1 1 1 1 1 1 1 1 1 1 1 1 1 1 1 1 1 1 1
ciInstanceKlass org/hl7/fhir/r5/elementmodel/XmlParser$1 1 1 52 9 10 10 10 7 10 7 7 100 1 1 1 1 1 1 1 1 1 1 1 1 1 1 1 1 1 1 1 1 1 100 12 12 12 12 7 12 1 12 1 1 1 1 1 1 1 1 1 1 1 1
ciInstanceKlass org/hl7/fhir/r5/elementmodel/Element$SpecialElement 1 1 140 9 10 100 7 10 10 10 10 8 10 9 8 10 8 9 8 9 8 9 100 100 10 8 10 10 10 10 10 9 10 8 8 8 8 10 8 8 8 7 1 1 1 1 1 1 1 1 1 1 1 1 1 1 1 1 1 1 1 1 1 1 1 1 1 1 1 1 1 1 1 1 1 1 12 100 12 100 1 12 12 7 12 7 12 1 7 12 12 1 12 1 12 1 12 1 12 1 1 12 1 12 12 100 12 12 12 100 12 12 1 1 1 1 1 1 1 1 1 1 1 1 1 1 1 1 1 1 1 1 1 1 1 1 1 1 1 1 1 1
staticfield org/hl7/fhir/r5/elementmodel/Element$SpecialElement CONTAINED Lorg/hl7/fhir/r5/elementmodel/Element$SpecialElement; org/hl7/fhir/r5/elementmodel/Element$SpecialElement
staticfield org/hl7/fhir/r5/elementmodel/Element$SpecialElement BUNDLE_ENTRY Lorg/hl7/fhir/r5/elementmodel/Element$SpecialElement; org/hl7/fhir/r5/elementmodel/Element$SpecialElement
staticfield org/hl7/fhir/r5/elementmodel/Element$SpecialElement BUNDLE_OUTCOME Lorg/hl7/fhir/r5/elementmodel/Element$SpecialElement; org/hl7/fhir/r5/elementmodel/Element$SpecialElement
staticfield org/hl7/fhir/r5/elementmodel/Element$SpecialElement PARAMETER Lorg/hl7/fhir/r5/elementmodel/Element$SpecialElement; org/hl7/fhir/r5/elementmodel/Element$SpecialElement
staticfield org/hl7/fhir/r5/elementmodel/Element$SpecialElement $VALUES [Lorg/hl7/fhir/r5/elementmodel/Element$SpecialElement; 4 [Lorg/hl7/fhir/r5/elementmodel/Element$SpecialElement;
ciInstanceKlass org/hl7/fhir/utilities/xhtml/XhtmlComposer 1 1 509 10 9 9 7 10 9 10 10 8 10 10 100 8 10 10 10 11 11 11 7 8 10 9 10 9 10 9 10 9 10 9 10 9 10 100 8 10 7 10 8 10 10 10 10 10 8 10 8 8 8 10 9 10 8 8 8 8 8 8 8 10 8 8 8 8 8 8 10 10 10 11 11 7 8 8 11 10 8 10 11 10 8 8 8 8 8 8 8 8 8 8 8 8 8 8 8 8 8 10 8 10 8 10 8 8 10 8 10 8 11 10 11 10 11 100 8 10 8 11 8 10 10 11 11 7 8 11 11 10 8 8 8 10 10 10 10 8 8 8 8 10 11 11 11 8 11 11 11 10 11 8 8 10 10 10 10 7 1 1 1 1 1 1 1 3 1 3 1 1 1 1 1 1 1 1 1 1 1 1 1 1 1 1 1 1 1 1 1 1 1 1 1 1 1 1 1 7 1 1 1 1 1 1 1 100 1 7 1 1 1 1 1 1 1 1 1 1 1 1 1 1 1 1 100 1 1 1 1 1 1 1 1 1 1 1 1 100 1 1 1 1 1 1 1 1 1 1 12 12 12 1 12 12 12 1 12 100 12 1 1 12 12 100 12 7 12 12 12 1 1 12 7 12 12 12 12 12 12 12 12 12 12 12 12 1 1 12 1 1 12 12 12 1 12 1 1 1 12 12 12 1 1 1 1 1 1 1 12 1 1 1 1 1 1 12 12 12 7 12 7 1 1 1 12 12 1 12 12 1 1 1 1 1 1 1 1 1 1 1 1 1 1 1 1 1 100 12 1 12 1 12 1 1 12 1 12 1 12 12 12 12 12 1 1 1 12 1 12 12 12 12 1 1 12 12 12 1 1 1 12 12 12 12 1 1 1 1 12 12 100 12 12 1 12 12 12 12 12 1 1 100 12 12 12 1 1 1 1 1 1 1 1 1 1 1 1 1 1 1 1 1 1 1 1 1 1 1 1 1 1 1 1 1 1 1 1 1 1 1 1 1 1 1 1 1 1 1 1 1 1 1 1 1 1 1 1 1 1 1 1 1 1 1 1 1 1 1 1 1 1 1 1 1 1 1 1 1 1 1 1 1 1 1 1 1 1 1 1 1 1 1 1 1 1 1 1 1 1 1 1 1 1 1 1 1 1 1 1
ciInstanceKlass org/hl7/fhir/r5/utils/formats/XmlLocationData 1 1 68 10 9 9 9 9 9 100 10 10 10 8 10 8 8 8 10 7 7 1 1 1 8 1 1 1 1 1 1 1 1 1 1 1 1 1 1 1 1 1 1 1 1 1 1 1 12 12 12 12 12 12 1 12 12 1 12 1 1 1 12 1 1 1 1 1 1 1
ciInstanceKlass com/sun/org/apache/xerces/internal/dom/DeferredNode 1 0 15 100 1 100 1 100 1 1 1 1 3 1 1 1 1
instanceKlass com/sun/org/apache/xerces/internal/dom/AttrImpl
instanceKlass com/sun/org/apache/xerces/internal/dom/ChildNode
ciInstanceKlass com/sun/org/apache/xerces/internal/dom/NodeImpl 1 1 513 10 7 12 1 1 1 9 7 12 1 1 1 10 12 1 1 10 12 1 1 10 12 1 10 12 1 1 100 1 100 1 18 12 1 1 10 12 1 10 12 1 1 10 12 1 1 10 12 1 100 1 10 7 12 1 1 1 10 12 7 1 10 12 1 1 10 12 1 1 100 1 100 1 8 1 8 1 10 12 1 1 10 12 1 8 1 10 12 1 1 11 100 12 1 1 1 8 1 10 12 1 1 10 12 1 10 12 1 1 10 12 1 1 11 100 1 11 12 1 1 100 1 10 12 1 1 11 12 1 11 12 1 8 1 11 10 12 1 11 12 1 1 11 100 12 1 1 1 100 1 10 12 1 1 11 12 1 11 12 1 10 10 12 1 1 10 7 12 1 1 1 10 12 1 10 12 1 10 12 1 10 100 12 1 1 10 12 1 1 10 12 1 100 1 8 1 8 1 10 12 1 1 10 12 1 1 10 12 1 1 11 12 1 11 100 1 10 12 1 1 11 12 1 1 10 10 11 100 12 1 1 11 12 1 1 11 11 11 11 12 1 11 12 1 10 12 1 11 10 10 10 10 12 1 10 12 1 1 10 12 1 1 10 12 1 1 10 12 10 12 1 10 12 1 10 12 1 10 12 1 10 12 9 12 1 1 10 12 1 10 12 18 12 1 10 100 12 1 1 100 1 100 1 100 1 100 1 1 1 3 1 3 1 3 1 3 1 3 1 3 1 3 1 1 5 0 1 3 1 1 1 1 1 1 1 3 1 3 1 3 1 3 1 1 1 1 1 1 1 1 1 1 1 1 1 1 1 1 1 1 1 1 1 1 1 1 1 1 1 1 1 1 1 1 1 1 1 1 1 1 1 1 1 1 1 1 1 1 1 1 1 1 1 1 1 1 1 1 1 1 1 1 1 1 1 1 1 1 1 1 1 1 1 1 1 1 1 1 1 1 1 1 1 1 1 1 1 1 1 1 1 1 1 1 1 1 1 1 1 1 1 1 1 1 1 1 1 1 1 1 1 1 1 1 1 1 1 1 1 1 1 1 1 1 1 1 1 1 1 1 1 1 1 1 1 1 1 1 1 1 1 1 1 1 1 1 100 1 1 1 1 15 10 100 12 1 1 8 1 8 1 1 100 1 100 1 1 100 1 100 1 1
instanceKlass com/sun/org/apache/xerces/internal/dom/CharacterDataImpl
instanceKlass com/sun/org/apache/xerces/internal/dom/ParentNode
ciInstanceKlass com/sun/org/apache/xerces/internal/dom/ChildNode 1 1 63 10 7 12 1 1 1 10 12 1 10 12 1 1 7 1 9 12 1 1 9 12 1 10 12 1 1 10 12 1 1 9 12 1 1 10 12 1 1 1 5 0 1 1 1 1 1 1 1 1 1 1 1 1 100 1 1 1 1 1 1 1 1
instanceKlass com/sun/org/apache/xerces/internal/dom/ElementImpl
instanceKlass com/sun/org/apache/xerces/internal/dom/DocumentTypeImpl
instanceKlass com/sun/org/apache/xerces/internal/dom/CoreDocumentImpl
ciInstanceKlass com/sun/org/apache/xerces/internal/dom/ParentNode 1 1 352 10 7 12 1 1 1 9 7 12 1 1 1 9 12 1 1 9 12 1 1 10 12 1 10 12 1 1 10 12 1 10 12 1 1 10 12 1 1 9 12 1 10 12 1 10 12 1 1 9 12 1 10 12 1 1 9 7 12 1 1 1 11 7 12 1 1 1 11 12 1 1 10 12 1 1 100 1 100 1 8 1 8 1 10 12 1 1 10 12 1 11 12 1 11 12 1 10 12 1 1 10 12 1 10 12 1 8 1 11 12 1 1 8 1 11 12 1 8 1 10 7 12 1 1 1 10 12 1 1 10 11 9 12 1 1 10 12 1 1 10 12 1 10 12 1 9 100 12 1 1 1 9 12 1 9 12 1 10 12 1 1 10 12 1 1 10 12 1 1 10 12 1 10 12 1 10 12 10 12 1 10 12 1 10 12 1 1 10 12 1 10 10 12 1 1 10 12 1 1 8 1 7 1 10 10 12 1 10 12 1 10 7 1 10 12 1 10 100 12 1 1 1 10 12 1 1 10 12 1 1 10 12 1 10 12 1 1 10 12 1 1 100 1 10 12 1 10 12 1 10 12 1 10 12 10 12 1 11 10 12 1 1 10 10 12 10 10 100 12 1 1 10 100 12 1 1 1 1 1 5 0 1 1 1 1 1 1 1 1 1 1 1 1 1 1 1 1 1 1 1 1 1 1 1 1 1 1 1 1 1 1 1 1 1 1 1 1 1 1 1 1 1 1 1 1 1 1 1 1 1 1 1 1 1 1 1 100 1 1 1 1 1 100 1 1 1 1 100 1 1 1
instanceKlass com/sun/org/apache/xerces/internal/dom/DocumentImpl
ciInstanceKlass com/sun/org/apache/xerces/internal/dom/CoreDocumentImpl 1 1 1197 10 7 12 1 1 1 10 7 12 1 1 9 12 1 1 9 12 1 1 9 12 1 1 9 12 1 1 9 12 1 1 9 12 1 9 12 1 9 12 1 9 12 1 9 12 1 9 12 1 1 9 12 1 100 1 8 1 10 7 12 1 1 1 8 1 10 7 12 1 1 1 10 12 1 7 1 100 1 100 1 8 1 8 1 10 12 1 1 100 1 10 12 1 9 10 12 1 1 7 1 8 1 10 12 1 100 1 10 12 1 1 10 12 1 1 10 12 1 1 10 12 1 9 12 1 1 7 1 11 7 12 1 1 1 10 12 1 11 12 1 1 11 100 12 1 1 1 11 100 12 1 1 11 12 1 1 11 12 1 1 11 12 1 1 9 12 1 1 10 12 1 1 9 100 12 1 1 11 12 1 1 9 12 1 1 9 12 1 1 8 1 11 12 1 1 10 12 1 1 7 1 10 12 1 10 12 1 10 12 1 1 10 12 1 1 8 1 100 1 10 12 1 100 1 10 100 1 10 100 1 10 10 100 1 10 100 1 10 12 1 7 1 10 100 1 10 12 1 10 100 12 1 1 1 9 12 1 1 9 12 1 10 12 1 1 10 12 1 1 8 1 10 12 1 1 8 1 10 12 1 10 12 1 9 12 1 8 1 10 12 1 9 12 1 10 12 1 10 12 1 9 12 1 7 1 10 12 1 1 10 12 1 1 8 1 10 12 10 10 12 1 1 10 12 1 1 10 12 1 1 10 12 1 11 10 12 1 10 10 10 12 1 1 10 12 1 1 11 100 1 10 12 1 1 10 12 1 1 11 12 1 1 7 1 10 11 12 1 10 11 12 1 10 10 10 10 100 1 10 12 1 1 10 12 10 12 1 100 1 10 100 1 10 10 12 1 10 12 1 1 10 12 1 100 1 10 12 10 12 1 100 1 10 100 1 100 1 11 12 1 1 11 100 12 1 1 1 10 12 1 100 1 10 100 1 10 100 1 10 10 12 1 9 12 1 10 10 7 12 1 1 1 10 12 1 100 1 10 12 1 1 11 100 12 1 1 8 1 8 1 11 100 12 1 1 1 11 12 1 11 12 1 10 12 1 1 11 12 1 10 12 1 1 11 12 1 1 11 100 12 1 1 11 12 1 1 11 12 1 11 10 12 1 1 10 12 1 1 10 12 1 10 12 1 10 12 1 11 11 12 1 11 12 1 10 12 1 1 10 12 1 1 10 12 1 1 100 1 10 12 1 1 11 12 1 10 12 1 11 12 1 10 12 1 11 12 1 10 12 1 10 12 1 10 12 1 1 10 12 1 1 100 1 11 11 11 10 12 1 1 11 12 1 10 11 12 1 11 12 1 10 10 12 1 1 100 1 10 12 1 1 11 10 11 10 10 12 1 11 11 10 12 1 1 10 100 1 10 12 1 1 10 10 12 1 10 12 1 8 1 10 10 10 10 10 11 12 1 1 11 12 1 10 10 12 1 10 12 1 10 12 1 10 100 1 11 10 12 1 11 12 1 10 12 1 10 10 11 11 12 1 10 10 10 12 1 10 12 1 10 7 12 1 1 10 100 12 1 1 10 12 1 10 12 1 9 12 1 1 9 12 1 1 7 1 10 12 1 9 12 9 12 1 9 12 1 9 12 1 9 12 1 1 9 12 1 9 12 1 7 1 9 12 1 10 12 1 11 12 1 11 12 1 1 18 12 1 1 11 100 12 1 1 1 8 1 9 100 12 1 1 8 1 9 12 1 8 1 10 12 1 1 10 12 1 1 7 1 10 11 12 1 100 1 11 12 1 11 12 10 12 1 10 10 100 12 1 1 1 8 10 100 12 1 1 8 8 8 8 8 8 10 12 1 8 8 1 8 8 10 12 1 8 8 8 8 8 8 8 8 10 12 1 10 100 12 1 1 1 10 100 12 1 1 10 12 10 12 1 10 10 9 12 1 1 11 12 1 1 7 1 10 12 1 9 7 12 1 1 1 9 9 12 1 1 1 1 1 5 0 1 1 1 1 1 1 1 1 1 1 1 1 1 1 1 1 1 1 1 1 1 1 1 1 1 1 1 1 1 1 1 1 1 1 1 1 1 1 1 1 1 1 1 1 1 1 1 1 1 1 1 1 1 1 1 1 1 1 1 1 1 1 1 1 1 1 1 1 1 1 1 1 1 1 1 1 1 1 1 1 1 1 1 1 1 1 1 1 1 1 1 1 1 1 1 1 1 1 1 1 1 1 1 1 1 1 1 1 1 1 1 1 1 1 1 1 1 1 1 1 1 1 1 1 1 1 1 1 1 1 1 1 1 1 1 1 1 1 1 1 1 1 1 1 1 1 1 1 1 1 1 1 1 1 1 1 1 1 1 1 1 1 1 1 1 100 1 1 1 1 1 1 1 1 1 1 1 1 1 1 1 1 1 1 1 1 1 1 1 1 1 1 1 1 1 1 1 1 1 1 1 1 1 1 1 1 1 1 1 1 1 1 1 1 1 1 1 1 1 1 1 1 1 1 1 1 1 1 1 1 1 1 1 1 1 1 1 1 1 1 1 1 1 1 1 1 1 1 1 1 1 1 1 1 1 1 1 1 1 1 1 1 1 1 1 100 1 1 1 1 1 1 1 1 100 1 1 1 1 1 1 1 15 10 100 12 1 1 1 16 1 15 10 12 16 1 1 1 1 1 1 100 1 100 1 1
staticfield com/sun/org/apache/xerces/internal/dom/CoreDocumentImpl kidOK [I 13
staticfield com/sun/org/apache/xerces/internal/dom/CoreDocumentImpl serialPersistentFields [Ljava/io/ObjectStreamField; 19 [Ljava/io/ObjectStreamField;
instanceKlass com/sun/org/apache/xerces/internal/dom/DeferredDocumentImpl
ciInstanceKlass com/sun/org/apache/xerces/internal/dom/DocumentImpl 1 1 662 10 7 12 1 1 1 9 7 12 1 1 1 10 12 1 10 12 1 10 12 1 10 100 1 10 12 1 1 10 12 1 1 10 100 12 1 1 1 10 12 1 1 100 1 8 1 8 1 10 12 1 1 100 1 10 12 1 100 1 10 12 1 9 12 1 1 7 1 10 11 7 12 1 1 1 10 12 1 1 100 1 10 12 1 11 12 1 9 12 1 100 1 10 12 1 11 12 1 1 11 12 1 1 10 12 1 1 10 12 1 1 10 12 1 10 12 1 1 8 1 10 7 12 1 1 1 8 1 10 12 1 7 1 10 8 1 8 1 7 1 10 9 12 1 1 7 1 10 11 7 12 1 1 11 12 1 1 11 12 1 1 11 12 8 1 10 12 1 1 10 12 1 1 10 12 1 1 7 1 10 12 1 10 7 12 1 1 1 9 12 1 1 9 12 1 9 12 1 9 12 1 9 12 1 1 9 12 1 1 11 12 11 10 12 1 9 12 1 9 8 1 100 1 10 10 12 1 1 9 12 1 9 12 1 1 9 12 1 10 12 1 11 7 12 1 1 1 100 1 9 12 1 1 7 1 9 12 1 10 12 1 1 10 12 1 11 7 12 1 1 1 7 1 9 12 9 12 1 9 12 1 10 12 1 1 11 12 1 1 11 12 1 1 11 100 12 1 1 11 12 1 1 10 12 1 1 11 12 1 11 12 1 9 100 12 1 1 1 9 12 1 100 1 10 12 1 1 8 1 10 7 12 1 1 1 10 12 1 10 12 1 10 12 1 1 8 1 11 10 12 1 9 12 1 1 10 10 10 12 1 1 10 12 1 1 8 1 10 12 1 10 12 1 1 8 1 8 1 10 12 1 10 12 1 10 12 1 10 8 1 8 1 9 12 1 1 7 1 10 7 1 10 11 12 1 1 11 100 12 1 1 1 11 100 12 1 1 11 12 1 100 1 11 12 1 11 12 1 100 1 10 10 100 12 1 1 1 8 10 100 12 1 1 8 8 8 10 12 1 10 12 1 10 100 12 1 1 1 10 100 12 1 1 10 12 1 10 7 1 10 12 1 9 7 12 1 1 1 9 12 1 1 100 1 100 1 100 1 1 1 1 5 0 1 1 1 1 1 1 1 1 1 1 1 1 1 1 1 1 1 1 1 1 1 1 1 1 1 1 100 1 1 1 1 1 1 1 1 1 1 1 1 1 1 1 1 1 1 1 1 1 1 1 1 1 1 1 1 1 1 1 1 1 1 1 1 1 1 1 1 1 1 1 1 1 1 1 1 1 1 1 1 1 1 1 1 1 1 1 1 1 1 1 1 1 1 1 1 1 1 1 1 1 1 1 1 1 1 1 1 1 1 1 1 1 1 1 1 1 1 1 1 1 1 1 1 1 1 1 1 1 1 1 1 1 1 1 1 1 1 1 1 1 1 1 1 1 1 1 1 100 1 1 1 1 1 1 1 1 100 1 1 1 1 1 1 1 1 1 1 1
staticfield com/sun/org/apache/xerces/internal/dom/DocumentImpl serialPersistentFields [Ljava/io/ObjectStreamField; 4 [Ljava/io/ObjectStreamField;
ciInstanceKlass com/sun/org/apache/xerces/internal/dom/DeferredDocumentImpl 1 1 638 7 1 10 12 1 1 10 12 1 10 7 1 9 12 1 1 9 12 1 1 7 1 10 12 1 9 12 1 1 7 1 10 9 12 1 1 10 12 1 10 12 1 10 100 12 1 1 1 100 1 10 12 1 1 9 12 1 1 10 12 1 1 9 12 1 9 12 1 9 12 1 1 10 12 1 1 10 12 1 1 10 12 1 1 10 12 1 1 10 12 1 1 9 12 1 10 12 1 1 9 12 1 100 1 10 12 1 1 10 12 1 1 100 1 9 12 1 9 12 1 10 12 1 10 12 1 10 12 1 1 10 12 1 10 7 12 1 1 1 10 12 1 10 12 1 10 12 1 1 10 12 1 10 12 1 7 1 10 12 1 100 1 10 100 1 10 7 1 10 100 1 10 100 1 9 12 1 1 7 1 10 100 1 10 9 12 1 1 9 12 1 10 12 1 1 9 12 1 1 100 1 10 12 1 1 100 1 10 100 1 10 100 1 10 100 1 10 7 1 10 100 1 10 100 1 18 12 1 1 10 12 1 10 10 12 1 10 12 1 10 12 1 1 11 7 12 1 1 11 12 1 1 11 12 1 1 10 12 1 1 10 12 1 1 11 12 1 10 12 1 1 10 12 1 7 1 9 12 1 10 12 1 10 7 12 1 1 1 100 1 10 10 12 1 10 12 1 10 10 12 1 11 12 1 11 12 1 11 12 1 10 12 1 10 12 1 10 12 9 12 1 10 12 1 10 12 10 12 1 1 7 1 9 12 1 1 9 12 1 1 10 12 1 9 12 1 10 12 1 7 1 9 12 1 1 10 12 9 12 1 10 12 1 10 12 1 1 10 12 1 10 12 1 10 7 1 10 12 9 12 1 1 10 12 1 10 10 7 1 9 10 7 7 1 10 12 1 1 10 12 1 10 12 1 9 12 1 7 1 10 10 9 12 1 1 100 1 10 11 100 12 1 1 1 1 1 1 5 0 1 3 1 1 1 3 1 3 1 3 1 3 1 1 1 1 1 1 1 1 1 1 1 1 1 1 1 1 1 1 1 1 1 1 1 1 1 1 1 1 1 1 1 1 1 1 1 1 1 1 1 1 1 1 1 1 1 1 1 1 1 1 1 1 1 1 1 1 1 1 1 1 1 1 1 1 1 1 1 1 1 1 1 1 1 1 1 1 1 1 1 1 1 1 1 1 100 1 1 1 1 1 1 1 1 1 1 1 1 1 1 1 1 1 1 1 1 1 1 1 1 1 1 1 1 1 1 1 1 1 1 1 1 1 1 1 1 1 1 1 1 1 1 1 1 1 1 1 1 1 1 1 1 1 1 1 1 1 1 1 1 1 1 1 1 1 1 1 1 1 1 1 1 1 1 1 1 1 1 1 1 1 1 1 1 1 1 1 1 1 1 1 15 10 100 12 1 1 8 1 1 1 1 100 1 100 1 1
staticfield com/sun/org/apache/xerces/internal/dom/DeferredDocumentImpl INIT_ARRAY [I 257
ciInstanceKlass org/w3c/dom/Element 1 0 49 100 1 100 1 100 1 1 1 1 1 1 1 1 100 1 1 1 1 1 1 1 1 1 1 1 1 1 1 1 1 1 1 1 1 1 1 1 1 1 1 1 1 1 1 1 1 1 1
instanceKlass com/sun/org/apache/xerces/internal/dom/ElementNSImpl
ciInstanceKlass com/sun/org/apache/xerces/internal/dom/ElementImpl 1 1 543 10 7 12 1 1 1 9 7 12 1 1 1 10 12 1 1 10 12 1 10 12 1 10 12 1 9 12 1 1 9 7 12 1 1 1 10 7 12 1 1 1 100 1 8 1 8 1 10 12 1 1 100 1 10 12 1 10 12 1 10 12 1 1 8 1 10 12 1 7 1 9 12 1 1 7 1 10 12 1 10 12 1 1 10 12 1 1 10 12 1 1 11 7 12 1 1 1 10 12 1 1 100 1 10 12 1 10 12 1 10 12 1 9 12 1 1 10 100 12 1 1 10 12 1 10 12 1 1 100 1 8 1 10 12 1 1 10 12 1 10 8 1 11 12 1 100 1 10 12 1 10 12 1 10 12 1 10 12 1 9 12 1 1 9 7 12 1 1 10 12 1 1 100 1 10 11 12 1 10 12 1 1 10 12 1 10 12 1 10 12 1 1 11 10 12 10 12 1 8 1 10 12 1 8 1 10 12 1 1 10 12 1 1 10 12 1 1 11 7 12 1 1 11 12 1 10 12 1 11 8 1 10 12 1 1 10 12 1 1 10 12 1 10 12 1 1 11 12 1 10 12 1 100 1 9 18 12 1 1 10 12 1 1 10 12 1 1 10 12 1 10 12 1 10 12 1 1 10 12 1 10 12 1 1 10 12 1 100 1 11 10 12 1 1 11 11 100 1 11 11 12 1 11 12 1 11 10 11 12 1 11 11 12 1 1 100 1 10 12 1 10 12 1 10 12 1 1 10 12 1 1 10 10 12 1 10 12 1 10 12 1 10 12 1 1 10 12 1 1 10 12 1 1 10 12 1 1 100 1 10 12 1 10 100 1 10 100 1 10 12 1 10 12 1 10 12 1 1 11 10 12 1 11 12 1 10 12 1 10 12 1 11 12 1 10 12 1 10 12 1 11 11 12 1 11 100 1 100 1 1 1 1 5 0 1 1 1 1 1 1 1 1 1 1 1 1 1 1 1 1 1 1 1 1 1 1 1 1 1 1 1 1 1 1 1 1 1 1 1 1 1 1 1 1 1 1 1 1 1 1 1 1 1 1 1 1 1 1 1 1 1 1 1 1 1 1 1 1 1 1 1 1 1 1 1 1 1 1 1 1 1 1 1 1 1 1 1 1 1 1 1 1 1 1 1 1 1 1 1 1 1 1 1 1 1 1 1 1 1 1 1 1 1 1 1 1 1 15 10 100 12 1 1 8 1 1 1 100 1 100 1 1
instanceKlass com/sun/org/apache/xerces/internal/dom/DeferredElementNSImpl
ciInstanceKlass com/sun/org/apache/xerces/internal/dom/ElementNSImpl 1 1 220 10 7 12 1 1 1 10 12 1 10 7 12 1 1 1 9 12 1 1 10 7 12 1 1 1 100 1 8 1 8 1 10 12 1 1 100 1 10 12 1 10 12 1 1 10 12 1 9 12 1 1 10 7 12 1 1 1 9 12 1 9 12 1 1 10 12 1 8 1 10 12 1 1 9 7 12 1 1 10 12 1 1 10 12 1 8 1 9 12 1 10 12 1 10 12 1 1 10 12 1 9 12 1 10 12 1 10 12 1 8 1 10 12 1 10 12 1 1 8 1 8 1 18 12 1 1 9 12 1 1 8 1 10 100 12 1 1 1 100 1 9 12 1 1 100 1 10 12 1 1 100 1 10 11 100 12 1 1 10 12 1 1 10 1 1 1 5 0 1 1 1 1 1 1 1 1 1 1 1 1 1 1 1 1 1 1 1 1 1 1 1 1 1 1 1 1 1 1 1 1 1 1 1 1 1 15 10 100 12 1 1 8 1 1 100 1 100 1 1
ciInstanceKlass com/sun/org/apache/xerces/internal/dom/DeferredElementNSImpl 1 1 148 10 7 12 1 1 1 9 7 12 1 1 1 10 12 1 1 10 12 1 9 12 1 1 7 1 9 12 1 1 10 12 1 1 9 12 1 1 10 7 12 1 1 1 9 12 1 10 12 1 10 12 1 9 12 1 10 12 1 1 100 1 9 12 1 1 10 12 1 1 10 12 1 10 12 1 1 10 12 1 1 7 1 10 12 1 1 10 12 1 1 9 100 12 1 1 10 12 1 11 7 12 1 1 1 11 12 1 10 12 1 10 12 1 10 12 1 1 100 1 1 1 1 5 0 1 1 1 1 1 1 1 1 1 1 1 1 1 1 1 1 1 1 1 1 1 1 1
instanceKlass com/sun/org/apache/xerces/internal/dom/CommentImpl
instanceKlass com/sun/org/apache/xerces/internal/dom/TextImpl
ciInstanceKlass com/sun/org/apache/xerces/internal/dom/CharacterDataImpl 1 1 201 10 7 12 1 1 1 10 12 1 9 7 12 1 1 1 9 12 1 1 10 12 1 1 10 12 1 10 12 1 1 10 12 1 1 9 100 12 1 1 1 10 12 1 100 1 8 1 8 1 10 12 1 1 100 1 10 12 1 10 12 1 1 10 12 1 1 10 12 1 10 12 1 1 10 100 12 1 1 1 18 12 1 1 10 12 1 10 12 1 1 8 1 10 100 12 1 1 1 10 12 1 1 8 1 10 12 1 1 100 1 10 12 1 1 100 1 10 12 10 12 1 1 10 12 1 1 10 12 1 10 12 1 10 12 1 1 10 12 1 7 1 10 1 1 1 5 0 1 1 1 1 1 1 1 1 1 1 1 1 1 1 1 1 1 1 1 1 1 1 1 1 1 1 1 1 1 1 1 1 1 1 1 1 1 1 1 15 10 100 12 1 1 8 1 1 100 1 100 1 1
instanceKlass com/sun/org/apache/xerces/internal/dom/DeferredTextImpl
ciInstanceKlass com/sun/org/apache/xerces/internal/dom/TextImpl 1 1 271 10 7 12 1 1 1 10 12 1 9 7 12 1 1 1 9 12 1 1 9 12 1 10 12 1 1 9 12 1 1 100 1 8 1 10 12 1 1 10 12 1 10 12 1 1 10 12 1 100 1 10 9 10 100 12 1 1 1 10 12 1 1 10 12 1 1 10 12 1 10 12 1 1 10 12 1 1 10 12 1 1 10 12 1 10 12 1 18 12 1 1 10 12 1 10 12 1 1 11 12 1 1 11 12 1 100 1 10 12 1 1 11 11 11 12 1 10 12 1 11 11 12 1 1 10 12 1 1 9 100 12 1 1 1 10 12 1 1 100 1 100 1 8 1 8 1 10 12 1 1 10 12 1 10 12 1 10 12 1 10 12 1 1 11 12 1 1 10 12 1 1 11 100 1 10 12 1 11 8 1 10 12 1 1 10 12 1 1 11 100 1 10 12 1 10 12 1 8 1 100 1 1 1 1 5 0 1 1 1 1 1 1 1 1 1 1 1 1 1 1 1 1 1 1 1 1 1 1 1 1 1 1 1 1 1 1 1 1 1 1 1 1 1 1 1 1 1 1 1 1 1 1 1 1 1 1 15 10 100 12 1 1 8 1 1 100 1 100 1 1
ciInstanceKlass com/sun/org/apache/xerces/internal/dom/DeferredTextImpl 1 1 60 10 7 12 1 1 1 9 7 12 1 1 1 10 12 1 1 10 12 1 1 7 1 10 12 1 1 9 12 1 1 10 12 1 1 10 12 1 100 1 1 1 1 5 0 1 1 1 1 1 1 1 1 1 1 1 1 1 1 1
ciInstanceKlass org/w3c/dom/NamedNodeMap 1 0 23 100 1 100 1 1 1 1 1 1 100 1 1 1 1 1 1 1 1 1 1 1 1
instanceKlass com/sun/org/apache/xerces/internal/dom/AttributeMap
ciInstanceKlass com/sun/org/apache/xerces/internal/dom/NamedNodeMapImpl 1 1 267 10 7 12 1 1 1 9 7 12 1 1 1 9 12 1 1 11 7 12 1 1 1 11 12 1 1 7 1 10 12 1 1 10 12 1 10 7 12 1 1 1 9 100 12 1 1 1 10 12 1 1 100 1 8 1 8 1 10 12 1 1 100 1 10 12 1 11 12 1 1 8 1 11 12 1 1 11 12 1 1 100 1 10 12 1 11 12 1 1 11 12 1 11 12 1 8 1 11 12 1 10 12 1 10 12 1 1 11 12 1 10 12 1 1 10 12 1 10 12 1 11 12 1 10 12 10 12 1 1 10 12 1 1 10 12 1 1 9 12 1 1 10 7 12 1 1 1 10 10 10 12 1 10 10 12 1 10 100 12 1 1 100 1 10 10 100 12 1 1 100 1 100 1 1 1 1 5 0 1 3 1 3 1 3 1 1 1 1 1 1 1 1 1 1 1 1 1 1 1 1 1 1 1 1 1 1 1 1 1 1 1 1 1 1 1 1 1 1 1 1 1 1 1 1 1 1 1 1 1 1 1 1 1 1 1 1 1 1 1 1 1 1 1 1 1 1 1 1 1 1 1 1 1 100 1 100 1 1 1 1 1 1 100 1 1 1
ciInstanceKlass com/sun/org/apache/xerces/internal/dom/AttributeMap 1 1 287 10 7 12 1 1 1 10 7 12 1 1 1 9 12 1 1 10 12 1 1 9 12 1 1 10 7 12 1 1 1 9 7 12 1 1 1 10 12 1 1 100 1 8 1 8 1 10 12 1 1 100 1 10 12 1 11 7 12 1 1 1 8 1 11 12 1 1 8 1 7 1 10 12 1 10 12 1 1 8 1 9 10 12 10 12 1 1 10 12 1 1 11 7 12 1 1 1 11 12 1 1 10 12 1 7 1 10 12 1 11 12 1 1 10 12 1 1 10 12 1 10 12 10 12 1 10 12 1 10 12 1 11 10 12 1 1 11 12 1 1 8 1 10 12 1 1 10 12 1 10 12 1 10 12 1 1 10 12 100 1 10 12 1 1 10 12 1 1 11 12 1 1 11 100 1 9 12 1 1 9 10 10 10 12 1 10 12 1 1 11 12 10 12 10 12 1 1 10 12 1 1 10 10 12 1 9 11 12 1 1 10 10 12 11 12 1 10 10 12 1 1 10 12 1 10 1 1 1 5 0 1 1 1 1 1 1 1 1 1 1 1 1 1 1 1 1 1 1 1 1 1 1 1 1 1 1 1 1 1 1 1 1 100 1 1 1 1 1 1 1 1 1 1 1 1 1 1 1 1 1 1 1 1 1 1 1
ciInstanceKlass org/w3c/dom/Attr 1 0 24 100 1 100 1 100 1 1 1 1 1 1 1 1 1 100 1 1 1 1 1 1 1 1
instanceKlass com/sun/org/apache/xerces/internal/dom/AttrNSImpl
ciInstanceKlass com/sun/org/apache/xerces/internal/dom/AttrImpl 1 1 436 10 7 12 1 1 1 9 7 12 1 1 1 9 12 1 1 10 12 1 1 10 12 1 10 12 1 10 12 1 1 10 12 1 10 12 10 12 1 1 7 1 10 7 12 1 1 1 7 1 10 12 1 9 12 1 1 9 12 1 1 10 12 1 10 12 1 10 12 1 10 12 1 7 1 10 9 12 1 10 12 1 10 12 10 12 1 1 7 1 11 10 12 1 1 11 12 1 1 10 12 1 1 9 12 1 8 1 10 12 1 1 9 12 1 1 10 12 1 100 1 8 1 8 1 10 12 1 1 100 1 10 12 1 10 12 1 1 8 1 10 12 1 10 12 1 1 9 10 9 10 12 10 12 1 9 12 1 10 12 1 1 10 12 1 1 10 12 1 10 12 1 1 10 12 1 1 100 1 10 12 1 10 12 1 100 1 10 12 10 12 1 1 10 12 1 10 12 10 12 9 7 1 10 12 1 11 100 1 11 11 12 1 10 12 1 10 12 1 1 10 12 10 12 1 18 12 1 1 10 12 1 10 12 1 1 11 12 1 10 12 1 1 8 1 11 12 1 10 12 1 1 11 12 1 1 8 1 11 12 1 8 1 10 12 1 1 10 12 1 1 10 11 10 10 12 1 1 10 12 1 1 10 12 1 10 12 10 12 1 10 12 1 10 12 1 1 10 12 1 10 12 1 1 10 12 1 1 10 10 10 100 12 1 1 10 100 12 1 1 100 1 100 1 1 1 1 5 0 1 1 1 1 1 1 1 1 1 1 1 1 1 1 1 1 1 1 1 1 1 1 1 1 1 1 1 1 1 1 1 1 1 1 1 1 1 1 1 1 1 1 1 1 1 1 1 1 1 1 1 1 1 1 1 1 1 1 1 1 1 1 1 1 1 1 1 1 1 1 1 1 1 1 1 1 1 1 1 1 1 1 100 1 1 1 1 1 100 1 1 1 1 15 10 100 12 1 1 8 1 1 100 1 100 1 1
instanceKlass com/sun/org/apache/xerces/internal/dom/DeferredAttrNSImpl
ciInstanceKlass com/sun/org/apache/xerces/internal/dom/AttrNSImpl 1 1 197 10 7 12 1 1 1 10 12 1 10 7 12 1 1 1 10 12 1 1 9 12 1 1 10 7 12 1 1 1 10 12 1 1 10 12 1 10 7 12 1 1 1 9 12 1 9 12 1 1 10 12 1 8 1 10 12 1 1 9 7 12 1 1 100 1 8 1 8 1 10 12 1 1 100 1 10 12 1 10 12 1 1 10 12 1 10 12 1 10 12 1 1 10 12 1 9 12 1 10 12 1 8 1 10 12 1 10 12 1 1 8 1 8 1 8 1 8 1 18 12 1 1 9 12 1 1 100 1 10 12 1 1 10 12 1 1 10 12 1 8 1 1 1 1 5 0 1 1 1 1 1 1 1 1 1 1 1 1 1 1 1 1 1 1 1 1 1 1 1 1 1 1 1 1 1 1 1 1 1 1 1 1 15 10 100 12 1 1 8 1 1 100 1 100 1 1
ciInstanceKlass com/sun/org/apache/xerces/internal/dom/DeferredAttrNSImpl 1 1 103 10 7 12 1 1 1 9 7 12 1 1 1 10 12 1 1 10 12 1 10 12 1 1 7 1 10 12 1 1 9 12 1 1 10 7 12 1 1 1 9 12 1 10 12 1 10 12 1 100 1 10 12 1 10 12 1 10 12 1 9 12 1 10 12 1 10 12 1 1 9 12 1 1 10 12 1 1 100 1 1 1 1 5 0 1 1 1 1 1 1 1 1 1 1 1 1 1 1 1 1 1 1
ciInstanceKlass com/sun/org/apache/xerces/internal/dom/ParentNode$UserDataRecord 1 1 43 9 7 12 1 1 1 10 7 12 1 1 1 9 12 1 1 9 12 1 1 100 1 1 1 1 5 0 1 1 1 1 1 1 1 1 1 1 1 100 1 1 1
ciMethodData java/lang/Object <init> ()V 2 2082949 orig 80 1 0 0 0 0 0 0 0 0 0 0 0 249 127 0 0 0 0 0 0 0 0 0 0 0 0 0 0 0 0 0 0 0 0 0 0 0 0 0 0 0 0 0 0 0 0 0 0 0 0 0 0 0 0 0 0 0 0 0 0 0 0 0 0 0 0 0 0 0 0 0 0 0 0 0 0 0 0 0 0 data 4 0x0 0x9 0x1 0x0 oops 0 methods 0
ciMethodData java/lang/String isLatin1 ()Z 2 1191463 orig 80 0 0 0 0 0 0 0 0 0 0 0 0 249 127 0 0 0 0 0 0 0 0 0 0 0 0 0 0 0 0 0 0 0 0 0 0 0 0 0 0 0 0 0 0 0 0 0 0 0 0 0 0 0 0 0 0 0 0 0 0 0 0 0 0 0 0 0 0 0 0 0 0 0 0 0 0 0 0 0 0 data 18 0x30007 0x0 0x58 0x122bf1 0xa0007 0x45a 0x38 0x122797 0xe0003 0x122797 0x18 0x0 0x0 0x0 0x0 0x9 0x1 0x0 oops 0 methods 0
ciMethodData java/lang/String equals (Ljava/lang/Object;)Z 2 6295 orig 80 0 0 0 0 0 0 0 0 0 0 0 0 249 127 0 0 0 0 0 0 0 0 0 0 0 0 0 0 0 0 0 0 0 0 0 0 0 0 0 0 0 0 0 0 0 0 0 0 0 0 0 0 0 0 0 0 0 0 0 0 0 0 0 0 0 0 0 0 0 0 0 0 0 0 0 0 0 0 0 0 data 49 0x20007 0x1447 0x20 0x1b7 0x80104 0x0 0x0 0x234c68a1720 0x1444 0x0 0x0 0xb0007 0x3 0xe0 0x1444 0xf0004 0x0 0x0 0x234c68a1720 0x1444 0x0 0x0 0x160007 0x0 0x40 0x1444 0x210007 0x0 0x68 0x1444 0x2c0002 0x1444 0x2f0007 0x119a 0x38 0x2aa 0x330003 0x2aa 0x18 0x0 0x0 0x0 0x0 0x0 0x0 0x9 0x2 0x0 0x0 oops 2 7 java/lang/String 18 java/lang/String methods 0
ciMethodData java/lang/String coder ()B 2 6940300 orig 80 0 0 0 0 0 0 0 0 0 0 0 0 249 127 0 0 0 0 0 0 0 0 0 0 0 0 0 0 0 0 0 0 0 0 0 0 0 0 0 0 0 0 0 0 0 0 0 0 0 0 0 0 0 0 0 0 0 0 0 0 0 0 0 0 0 0 0 0 0 0 0 0 0 0 0 0 0 0 0 0 data 14 0x30007 0x0 0x38 0x69e3c3 0xa0003 0x69e3c3 0x18 0x0 0x0 0x0 0x0 0x9 0x1 0x0 oops 0 methods 0
ciMethodData java/util/AbstractCollection <init> ()V 2 429524 orig 80 0 0 0 0 0 0 0 0 0 0 0 0 249 127 0 0 0 0 0 0 0 0 0 0 0 0 0 0 0 0 0 0 0 0 0 0 0 0 0 0 0 0 0 0 0 0 0 0 0 0 0 0 0 0 0 0 0 0 0 0 0 0 0 0 0 0 0 0 0 0 0 0 0 0 0 0 0 0 0 0 data 7 0x10002 0x68c3c 0x0 0x0 0x9 0x1 0x0 oops 0 methods 0
ciMethodData java/lang/String length ()I 2 6792879 orig 80 0 0 0 0 0 0 0 0 0 0 0 0 249 127 0 0 0 0 0 0 0 0 0 0 0 0 0 0 0 0 0 0 0 0 0 0 0 0 0 0 0 0 0 0 0 0 0 0 0 0 0 0 0 0 0 0 0 0 0 0 0 0 0 0 0 0 0 0 0 0 0 0 0 0 0 0 0 0 0 0 data 16 0x60005 0x67a3e6 0x0 0x0 0x0 0x0 0x0 0x0 0x0 0x0 0x0 0x0 0x0 0x9 0x1 0x0 oops 0 methods 0
ciMethodData java/lang/StringBuilder <init> ()V 2 2953038 orig 80 0 0 0 0 0 0 0 0 0 0 0 0 249 127 0 0 0 0 0 0 0 0 0 0 0 0 0 0 0 0 0 0 0 0 0 0 0 0 0 0 0 0 0 0 0 0 0 0 0 0 0 0 0 0 0 0 0 0 0 0 0 0 0 0 0 0 0 0 0 0 0 0 0 0 0 0 0 0 0 0 data 7 0x30002 0x2d0f01 0x0 0x0 0x9 0x1 0xc oops 0 methods 0
ciMethodData java/lang/AbstractStringBuilder <init> (I)V 2 5211 orig 80 0 0 0 0 0 0 0 0 0 0 0 0 249 127 0 0 0 0 0 0 0 0 0 0 0 0 0 0 0 0 0 0 0 0 0 0 0 0 0 0 0 0 0 0 0 0 0 0 0 0 0 0 0 0 0 0 0 0 0 0 0 0 0 0 0 0 0 0 0 0 0 0 0 0 0 0 0 0 0 0 data 21 0x10002 0x140b 0x70007 0x0 0x38 0x140b 0x160003 0x140b 0x28 0x1b0002 0x0 0x0 0x0 0x0 0x0 0x0 0x0 0x9 0x2 0xc 0x0 oops 0 methods 0
ciMethodData java/lang/StringBuilder append (Ljava/lang/String;)Ljava/lang/StringBuilder; 2 5961542 orig 80 1 0 0 0 0 0 0 0 0 0 0 0 249 127 0 0 0 0 0 0 0 0 0 0 0 0 0 0 0 0 0 0 0 0 0 0 0 0 0 0 0 0 0 0 0 0 0 0 0 0 0 0 0 0 0 0 0 0 0 0 0 0 0 0 0 0 0 0 0 0 0 0 0 0 0 0 0 0 0 0 data 9 0x20002 0x5af6b2 0x0 0x0 0x0 0x9 0x2 0xffffffffffffffff 0xffffffffffffffff oops 0 methods 0
ciMethodData java/lang/AbstractStringBuilder append (Ljava/lang/String;)Ljava/lang/AbstractStringBuilder; 2 20021 orig 80 1 0 0 0 0 0 0 0 0 0 0 0 249 127 0 0 0 0 0 0 0 0 0 0 0 0 0 0 0 0 0 0 0 0 0 0 0 0 0 2 0 0 0 0 0 0 0 0 0 0 0 0 0 0 0 0 0 0 0 0 0 0 0 0 0 0 0 0 0 0 0 0 0 0 0 0 0 0 0 0 data 42 0x8000000600010007 0x4da0 0x58 0x3 0x50005 0x3 0x0 0x0 0x0 0x0 0x0 0xa0005 0x4da0 0x0 0x0 0x0 0x0 0x0 0x150005 0x4da0 0x0 0x0 0x0 0x0 0x0 0x1e0005 0x4da0 0x0 0x0 0x0 0x0 0x0 0x0 0x0 0x0 0x0 0x0 0x0 0x9 0x2 0xe 0x0 oops 0 methods 0
ciMethodData java/lang/StringBuilder append (I)Ljava/lang/StringBuilder; 2 3145 orig 80 0 0 0 0 0 0 0 0 0 0 0 0 249 127 0 0 0 0 0 0 0 0 0 0 0 0 0 0 0 0 0 0 0 0 0 0 0 0 0 0 0 0 0 0 0 0 0 0 0 0 0 0 0 0 0 0 0 0 0 0 0 0 0 0 0 0 0 0 0 0 0 0 0 0 0 0 0 0 0 0 data 9 0x20002 0xc43 0x0 0x0 0x0 0x9 0x2 0xe 0x0 oops 0 methods 0
ciMethodData java/lang/AbstractStringBuilder append (I)Ljava/lang/AbstractStringBuilder; 2 4526 orig 80 0 0 0 0 0 0 0 0 0 0 0 0 249 127 0 0 0 0 0 0 0 0 0 0 0 0 0 0 0 0 0 0 0 0 0 0 0 0 0 0 0 0 0 0 0 0 0 0 0 0 0 0 0 0 0 0 0 0 0 0 0 0 0 0 0 0 0 0 0 0 0 0 0 0 0 0 0 0 0 0 data 37 0x70002 0x11a8 0xe0005 0x11a8 0x0 0x0 0x0 0x0 0x0 0x120005 0x11a8 0x0 0x0 0x0 0x0 0x0 0x150007 0x0 0x48 0x11a8 0x1e0002 0x11a8 0x220003 0x11a8 0x28 0x2c0002 0x0 0x0 0x0 0x0 0x0 0x0 0x0 0x9 0x2 0xe 0x0 oops 0 methods 0
ciMethodData java/lang/StringBuilder toString ()Ljava/lang/String; 2 3102905 orig 80 1 0 0 0 0 0 0 0 0 0 0 0 249 127 0 0 0 0 0 0 0 0 0 0 0 0 0 0 0 0 0 0 0 0 0 0 0 0 0 1 0 0 0 0 0 0 0 0 0 0 0 0 0 0 0 0 0 0 0 0 0 0 0 0 0 0 0 0 0 0 0 0 0 0 0 0 0 0 0 0 data 27 0x10005 0x2f586a 0x0 0x0 0x0 0x0 0x0 0x8000000600040007 0x372b 0x48 0x2f2140 0x100002 0x2f2140 0x130003 0x2f2140 0x28 0x1f0002 0x372b 0x0 0x0 0x0 0x0 0x0 0x0 0x9 0x1 0x0 oops 0 methods 0
ciMethodData java/lang/AbstractStringBuilder isLatin1 ()Z 2 3163321 orig 80 0 0 0 0 0 0 0 0 0 0 0 0 249 127 0 0 0 0 0 0 0 0 0 0 0 0 0 0 0 0 0 0 0 0 0 0 0 0 0 1 0 0 0 0 0 0 0 0 0 0 0 0 0 0 0 0 0 0 0 0 0 0 0 0 0 0 0 0 0 0 0 0 0 0 0 0 0 0 0 0 data 18 0x30007 0x0 0x58 0x304413 0x80000006000a0007 0x45fa 0x38 0x2ffe1a 0xe0003 0x2ffe1a 0x18 0x0 0x0 0x0 0x0 0x9 0x1 0x0 oops 0 methods 0
ciMethodData java/lang/StringLatin1 newString ([BII)Ljava/lang/String; 2 10445 orig 80 1 0 0 0 0 0 0 0 0 0 0 0 249 127 0 0 0 0 0 0 0 0 0 0 0 0 0 0 0 0 0 0 0 0 0 0 0 0 0 1 0 0 0 0 0 0 0 0 0 0 0 0 0 0 0 0 0 0 0 0 0 0 0 0 0 0 0 0 0 0 0 0 0 0 0 0 0 0 0 0 data 19 0x8000000600010007 0x2801 0x20 0x18 0x100002 0x2801 0x140002 0x2801 0x0 0x0 0x0 0x0 0x0 0x0 0x9 0x3 0xffffffffffffffff 0x0 0x0 oops 0 methods 0
ciMethodData java/lang/StringUTF16 newString ([BII)Ljava/lang/String; 2 12255 orig 80 0 0 0 0 0 0 0 0 0 0 0 0 249 127 0 0 0 0 0 0 0 0 0 0 0 0 0 0 0 0 0 0 0 0 0 0 0 0 0 0 0 0 0 0 0 0 0 0 0 0 0 0 0 0 0 0 0 0 0 0 0 0 0 0 0 0 0 0 0 0 0 0 0 0 0 0 0 0 0 0 data 31 0x10007 0x2fdf 0x20 0x0 0xb0007 0x0 0x60 0x2fdf 0x110002 0x2fdf 0x160007 0x23 0x30 0x2fbc 0x1f0002 0x2fbc 0x320002 0x23 0x360002 0x23 0x0 0x0 0x0 0x0 0x0 0x0 0x9 0x3 0xffffffffffffffff 0x0 0x0 oops 0 methods 0
ciMethodData java/util/ArrayList add (Ljava/lang/Object;)Z 2 230224 orig 80 0 0 0 0 0 0 0 0 0 0 0 0 249 127 0 0 0 0 0 0 0 0 0 0 0 0 0 0 0 0 0 0 0 0 0 0 0 0 0 0 0 0 0 0 0 0 0 0 0 0 0 0 0 0 0 0 0 0 0 0 0 0 0 0 0 0 0 0 0 0 0 0 0 0 0 0 0 0 0 0 data 17 0x140005 0x3834c 0x0 0x0 0x0 0x0 0x0 0x0 0x0 0x0 0x0 0x0 0x0 0x9 0x2 0xe 0x0 oops 0 methods 0
ciMethodData java/util/ArrayList get (I)Ljava/lang/Object; 2 84809 orig 80 0 0 0 0 0 0 0 0 0 0 0 0 249 127 0 0 0 0 0 0 0 0 0 0 0 0 0 0 0 0 0 0 0 0 0 0 0 0 0 0 0 0 0 0 0 0 0 0 0 0 0 0 0 0 0 0 0 0 0 0 0 0 0 0 0 0 0 0 0 0 0 0 0 0 0 0 0 0 0 0 data 19 0x50002 0x14b48 0xb0005 0x0 0x0 0x234c68a4a30 0x14b48 0x0 0x0 0x0 0x0 0x0 0x0 0x0 0x0 0x9 0x2 0x0 0x0 oops 1 5 java/util/ArrayList methods 0
ciMethodData java/util/Objects checkIndex (II)I 2 89962 orig 80 0 0 0 0 0 0 0 0 0 0 0 0 249 127 0 0 0 0 0 0 0 0 0 0 0 0 0 0 0 0 0 0 0 0 0 0 0 0 0 0 0 0 0 0 0 0 0 0 0 0 0 0 0 0 0 0 0 0 0 0 0 0 0 0 0 0 0 0 0 0 0 0 0 0 0 0 0 0 0 0 data 12 0x30002 0x15f69 0x0 0x0 0x0 0x0 0x0 0x0 0x9 0x2 0x0 0x0 oops 0 methods 0
ciMethodData java/util/ArrayList elementData (I)Ljava/lang/Object; 2 88652 orig 80 0 0 0 0 0 0 0 0 0 0 0 0 249 127 0 0 0 0 0 0 0 0 0 0 0 0 0 0 0 0 0 0 0 0 0 0 0 0 0 0 0 0 0 0 0 0 0 0 0 0 0 0 0 0 0 0 0 0 0 0 0 0 0 0 0 0 0 0 0 0 0 0 0 0 0 0 0 0 0 0 data 8 0x0 0x0 0x0 0x0 0x9 0x2 0x0 0x0 oops 0 methods 0
ciMethodData java/lang/String <init> ([BB)V 2 62135 orig 80 0 0 0 0 0 0 0 0 0 0 0 0 249 127 0 0 0 0 0 0 0 0 0 0 0 0 0 0 0 0 0 0 0 0 0 0 0 0 0 0 0 0 0 0 0 0 0 0 0 0 0 0 0 0 0 0 0 0 0 0 0 0 0 0 0 0 0 0 0 0 0 0 0 0 0 0 0 0 0 0 data 11 0x10002 0xf1b6 0x0 0x0 0x0 0x0 0x9 0x3 0xc 0x0 0x0 oops 0 methods 0
ciMethodData java/lang/AbstractStringBuilder ensureCapacityInternal (I)V 2 8844 orig 80 0 0 0 0 0 0 0 0 0 0 0 0 249 127 0 0 0 0 0 0 0 0 0 0 0 0 0 0 0 0 0 0 0 0 0 0 0 0 0 0 0 0 0 0 0 0 0 0 0 0 0 0 0 0 0 0 0 0 0 0 0 0 0 0 0 0 0 0 0 0 0 0 0 0 0 0 0 0 0 0 data 23 0xe0007 0x1d03 0x68 0x45d 0x180005 0x45d 0x0 0x0 0x0 0x0 0x0 0x200002 0x45d 0x0 0x0 0x0 0x0 0x0 0x0 0x9 0x2 0xc 0x0 oops 0 methods 0
ciMethodData java/util/Arrays copyOfRange ([BII)[B 2 5673 orig 80 0 0 0 0 0 0 0 0 0 0 0 0 249 127 0 0 0 0 0 0 0 0 0 0 0 0 0 0 0 0 0 0 0 0 0 0 0 0 0 0 0 0 0 0 0 0 0 0 0 0 0 0 0 0 0 0 0 0 0 0 0 0 0 0 0 0 0 0 0 0 0 0 0 0 0 0 0 0 0 0 data 51 0x50007 0x142a 0x120 0x0 0x100002 0x0 0x140005 0x0 0x0 0x0 0x0 0x0 0x0 0x1a0005 0x0 0x0 0x0 0x0 0x0 0x0 0x1e0005 0x0 0x0 0x0 0x0 0x0 0x0 0x210005 0x0 0x0 0x0 0x0 0x0 0x0 0x240002 0x0 0x370002 0x142a 0x3a0002 0x142a 0x0 0x0 0x0 0x0 0x0 0x0 0x9 0x3 0xffffffffffffffff 0x0 0x0 oops 0 methods 0
ciMethodData java/lang/String startsWith (Ljava/lang/String;I)Z 2 39965 orig 80 1 0 0 0 0 0 0 0 0 0 0 0 249 127 0 0 0 0 0 0 0 0 0 0 0 0 0 0 0 0 0 0 0 0 0 0 0 0 0 2 0 0 0 0 0 0 0 0 0 0 0 0 0 0 0 0 0 0 0 0 0 0 0 0 0 0 0 0 0 0 0 0 0 0 0 0 0 0 0 0 data 83 0x8000000600010007 0x1c 0xb0 0x14ef 0x60005 0x14ef 0x0 0x0 0x0 0x0 0x0 0xa0005 0x14ef 0x0 0x0 0x0 0x0 0x0 0xe0007 0x14d3 0x20 0x1c 0x270005 0x14d3 0x0 0x0 0x0 0x0 0x0 0x2f0005 0x14d3 0x0 0x0 0x0 0x0 0x0 0x320007 0x0 0xb0 0x14d3 0x370007 0x0 0x38 0x14d3 0x3b0003 0x14d3 0x18 0x470007 0x855 0x40 0xa094 0x590007 0x9416 0xffffffffffffffe0 0xc7e 0x5e0003 0x855 0x88 0x630007 0x0 0x20 0x0 0x6c0007 0x0 0x50 0x0 0x740002 0x0 0x830007 0x0 0xffffffffffffffd0 0x0 0x0 0x0 0x0 0x0 0x0 0x0 0x9 0x3 0x0 0x0 0x0 oops 0 methods 0
ciMethodData java/lang/String startsWith (Ljava/lang/String;)Z 2 168164 orig 80 0 0 0 0 0 0 0 0 0 0 0 0 249 127 0 0 0 0 0 0 0 0 0 0 0 0 0 0 0 0 0 0 0 0 0 0 0 0 0 0 0 0 0 0 0 0 0 0 0 0 0 0 0 0 0 0 0 0 0 0 0 0 0 0 0 0 0 0 0 0 0 0 0 0 0 0 0 0 0 0 data 17 0x30005 0x28f64 0x0 0x0 0x0 0x0 0x0 0x0 0x0 0x0 0x0 0x0 0x0 0x9 0x2 0xffffffffffffffff 0xffffffffffffffff oops 0 methods 0
ciMethodData java/util/HashMap get (Ljava/lang/Object;)Ljava/lang/Object; 2 13188 orig 80 1 0 0 0 0 0 0 0 0 0 0 0 249 127 0 0 0 0 0 0 0 0 0 0 0 0 0 0 0 0 0 0 0 0 0 0 0 0 0 0 0 0 0 0 0 0 0 0 0 0 0 0 0 0 0 0 0 0 0 0 0 0 0 0 0 0 0 0 0 0 0 0 0 0 0 0 0 0 0 0 data 24 0x20005 0x3084 0x0 0x0 0x0 0x0 0x0 0x70007 0x10e9 0x38 0x1f9c 0xb0003 0x1f9c 0x18 0x0 0x0 0x0 0x0 0x0 0x0 0x9 0x2 0x0 0xffffffffffffffff oops 0 methods 0
ciMethodData java/lang/String substring (I)Ljava/lang/String; 2 282311 orig 80 0 0 0 0 0 0 0 0 0 0 0 0 249 127 0 0 0 0 0 0 0 0 0 0 0 0 0 0 0 0 0 0 0 0 0 0 0 0 0 0 0 0 0 0 0 0 0 0 0 0 0 0 0 0 0 0 0 0 0 0 0 0 0 0 0 0 0 0 0 0 0 0 0 0 0 0 0 0 0 0 data 24 0x30005 0x44ebf 0x0 0x0 0x0 0x0 0x0 0x60005 0x44ebf 0x0 0x0 0x0 0x0 0x0 0x0 0x0 0x0 0x0 0x0 0x0 0x9 0x2 0x0 0x0 oops 0 methods 0
ciMethodData java/util/ArrayList <init> ()V 2 349122 orig 80 0 0 0 0 0 0 0 0 0 0 0 0 249 127 0 0 0 0 0 0 0 0 0 0 0 0 0 0 0 0 0 0 0 0 0 0 0 0 0 0 0 0 0 0 0 0 0 0 0 0 0 0 0 0 0 0 0 0 0 0 0 0 0 0 0 0 0 0 0 0 0 0 0 0 0 0 0 0 0 0 data 9 0x10002 0x55392 0x0 0x0 0x0 0x0 0x9 0x1 0x0 oops 0 methods 0
ciMethodData java/util/AbstractList <init> ()V 2 416025 orig 80 0 0 0 0 0 0 0 0 0 0 0 0 249 127 0 0 0 0 0 0 0 0 0 0 0 0 0 0 0 0 0 0 0 0 0 0 0 0 0 0 0 0 0 0 0 0 0 0 0 0 0 0 0 0 0 0 0 0 0 0 0 0 0 0 0 0 0 0 0 0 0 0 0 0 0 0 0 0 0 0 data 9 0x10002 0x658d9 0x0 0x0 0x0 0x0 0x9 0x1 0x6 oops 0 methods 0
ciMethodData java/util/ArrayList$Itr hasNext ()Z 2 107633 orig 80 0 0 0 0 0 0 0 0 0 0 0 0 249 127 0 0 0 0 0 0 0 0 0 0 0 0 0 0 0 0 0 0 0 0 0 0 0 0 0 0 0 0 0 0 0 0 0 0 0 0 0 0 0 0 0 0 0 0 0 0 0 0 0 0 0 0 0 0 0 0 0 0 0 0 0 0 0 0 0 0 data 14 0xb0007 0x3444 0x38 0x16f05 0xf0003 0x16f05 0x18 0x0 0x0 0x0 0x0 0x9 0x1 0x0 oops 0 methods 0
ciMethodData java/util/ArrayList$Itr next ()Ljava/lang/Object; 2 36315 orig 80 0 0 0 0 0 0 0 0 0 0 0 0 249 127 0 0 0 0 0 0 0 0 0 0 0 0 0 0 0 0 0 0 0 0 0 0 0 0 0 0 0 0 0 0 0 0 0 0 0 0 0 0 0 0 0 0 0 0 0 0 0 0 0 0 0 0 0 0 0 0 0 0 0 0 0 0 0 0 0 0 data 28 0x10005 0x8cda 0x0 0x0 0x0 0x0 0x0 0x110007 0x8cda 0x30 0x0 0x180002 0x0 0x270007 0x8cda 0x30 0x0 0x2e0002 0x0 0x0 0x0 0x0 0x0 0x0 0x0 0x9 0x1 0x6 oops 0 methods 0
ciMethodData java/lang/String toCharArray ()[C 2 32928 orig 80 0 0 0 0 0 0 0 0 0 0 0 0 249 127 0 0 0 0 0 0 0 0 0 0 0 0 0 0 0 0 0 0 0 0 0 0 0 0 0 0 0 0 0 0 0 0 0 0 0 0 0 0 0 0 0 0 0 0 0 0 0 0 0 0 0 0 0 0 0 0 0 0 0 0 0 0 0 0 0 0 data 27 0x10005 0x7fa0 0x0 0x0 0x0 0x0 0x0 0x40007 0x1 0x48 0x7f9f 0xb0002 0x7f9f 0xe0003 0x7f9f 0x28 0x150002 0x1 0x0 0x0 0x0 0x0 0x0 0x0 0x9 0x1 0x0 oops 0 methods 0
ciMethodData java/lang/StringLatin1 toChars ([B)[C 2 6488 orig 80 0 0 0 0 0 0 0 0 0 0 0 0 249 127 0 0 0 0 0 0 0 0 0 0 0 0 0 0 0 0 0 0 0 0 0 0 0 0 0 0 0 0 0 0 0 0 0 0 0 0 0 0 0 0 0 0 0 0 0 0 0 0 0 0 0 0 0 0 0 0 0 0 0 0 0 0 0 0 0 0 data 11 0xb0002 0x185d 0x0 0x0 0x0 0x0 0x0 0x0 0x9 0x1 0x0 oops 0 methods 0
ciMethodData java/lang/StringUTF16 toChars ([B)[C 1 6 orig 80 0 0 0 0 0 0 0 0 0 0 0 0 249 127 0 0 0 0 0 0 0 0 0 0 0 0 0 0 0 0 0 0 0 0 0 0 0 0 0 0 0 0 0 0 0 0 0 0 0 0 0 0 0 0 0 0 0 0 0 0 0 0 0 0 0 0 0 0 0 0 0 0 0 0 0 0 0 0 0 0 data 11 0xd0002 0x1 0x0 0x0 0x0 0x0 0x0 0x0 0x9 0x1 0x0 oops 0 methods 0
ciMethod java/io/StringWriter <init> ()V 68 0 24 0 -1
ciMethod java/io/StringWriter toString ()Ljava/lang/String; 68 0 24 0 -1
ciMethodData java/util/ArrayList iterator ()Ljava/util/Iterator; 2 28563 orig 80 0 0 0 0 0 0 0 0 0 0 0 0 249 127 0 0 0 0 0 0 0 0 0 0 0 0 0 0 0 0 0 0 0 0 0 0 0 0 0 0 0 0 0 0 0 0 0 0 0 0 0 0 0 0 0 0 0 0 0 0 0 0 0 0 0 0 0 0 0 0 0 0 0 0 0 0 0 0 0 0 data 8 0x50002 0x6e93 0x0 0x0 0x0 0x9 0x1 0x0 oops 0 methods 0
ciMethodData java/util/ArrayList$Itr <init> (Ljava/util/ArrayList;)V 2 28563 orig 80 0 0 0 0 0 0 0 0 0 0 0 0 249 127 0 0 0 0 0 0 0 0 0 0 0 0 0 0 0 0 0 0 0 0 0 0 0 0 0 0 0 0 0 0 0 0 0 0 0 0 0 0 0 0 0 0 0 0 0 0 0 0 0 0 0 0 0 0 0 0 0 0 0 0 0 0 0 0 0 0 data 10 0x60002 0x6e93 0x0 0x0 0x0 0x0 0x9 0x2 0xc 0x0 oops 0 methods 0
ciMethodData java/lang/String lastIndexOf (Ljava/lang/String;)I 2 210321 orig 80 0 0 0 0 0 0 0 0 0 0 0 0 249 127 0 0 0 0 0 0 0 0 0 0 0 0 0 0 0 0 0 0 0 0 0 0 0 0 0 0 0 0 0 0 0 0 0 0 0 0 0 0 0 0 0 0 0 0 0 0 0 0 0 0 0 0 0 0 0 0 0 0 0 0 0 0 0 0 0 0 data 24 0x30005 0x3358f 0x0 0x0 0x0 0x0 0x0 0x60005 0x3358f 0x0 0x0 0x0 0x0 0x0 0x0 0x0 0x0 0x0 0x0 0x0 0x9 0x2 0x0 0x0 oops 0 methods 0
ciMethodData java/lang/String lastIndexOf (Ljava/lang/String;I)I 2 5375 orig 80 0 0 0 0 0 0 0 0 0 0 0 0 249 127 0 0 0 0 0 0 0 0 0 0 0 0 0 0 0 0 0 0 0 0 0 0 0 0 0 0 0 0 0 0 0 0 0 0 0 0 0 0 0 0 0 0 0 0 0 0 0 0 0 0 0 0 0 0 0 0 0 0 0 0 0 0 0 0 0 0 data 27 0x50005 0x14fd 0x0 0x0 0x0 0x0 0x0 0x90005 0x14fd 0x0 0x0 0x0 0x0 0x0 0xe0002 0x14fd 0x0 0x0 0x0 0x0 0x0 0x0 0x9 0x3 0x0 0x0 0x0 oops 0 methods 0
ciMethodData java/lang/String trim ()Ljava/lang/String; 2 23048 orig 80 0 0 0 0 0 0 0 0 0 0 0 0 249 127 0 0 0 0 0 0 0 0 0 0 0 0 0 0 0 0 0 0 0 0 0 0 0 0 0 0 0 0 0 0 0 0 0 0 0 0 0 0 0 0 0 0 0 0 0 0 0 0 0 0 0 0 0 0 0 0 0 0 0 0 0 0 0 0 0 0 data 34 0x10005 0x5900 0x0 0x0 0x0 0x0 0x0 0x40007 0x0 0x48 0x5900 0xb0002 0x5900 0xe0003 0x5900 0x28 0x150002 0x0 0x1a0007 0xc6b 0x38 0x4c95 0x1e0003 0x4c95 0x18 0x0 0x0 0x0 0x0 0x0 0x0 0x9 0x1 0x0 oops 0 methods 0
ciMethodData java/lang/StringLatin1 trim ([B)Ljava/lang/String; 2 44506 orig 80 0 0 0 0 0 0 0 0 0 0 0 0 249 127 0 0 0 0 0 0 0 0 0 0 0 0 0 0 0 0 0 0 0 0 0 0 0 0 0 0 0 0 0 0 0 0 0 0 0 0 0 0 0 0 0 0 0 0 0 0 0 0 0 0 0 0 0 0 0 0 0 0 0 0 0 0 0 0 0 0 data 44 0x70007 0x1b57 0x58 0xae87 0x130007 0x208 0x38 0xac7f 0x190003 0xac7f 0xffffffffffffffc0 0x1e0007 0x1b57 0x58 0x21a 0x2c0007 0x208 0x38 0x12 0x320003 0x12 0xffffffffffffffc0 0x360007 0x34a 0x40 0x1a15 0x3c0007 0x1a15 0x48 0x0 0x440002 0x34a 0x470003 0x34a 0x18 0x0 0x0 0x0 0x0 0x0 0x0 0x9 0x1 0x0 oops 0 methods 0
ciMethod org/hl7/fhir/r5/model/Base <init> ()V 512 0 165283 0 -1
ciMethod org/hl7/fhir/r5/model/Element getId ()Ljava/lang/String; 1100 0 3383 0 -1
ciMethod org/hl7/fhir/r5/model/Element getExtension ()Ljava/util/List; 548 0 24715 0 416
ciMethod org/hl7/fhir/r5/model/Element hasExtension ()Z 616 0 22045 0 0
ciMethod org/hl7/fhir/r5/model/Element isEmpty ()Z 286 0 25566 0 -1
ciMethod org/hl7/fhir/r5/context/IWorkerContext fetchResource (Ljava/lang/Class;Ljava/lang/String;)Lorg/hl7/fhir/r5/model/Resource; 0 0 1 0 -1
ciMethod org/hl7/fhir/r5/context/IWorkerContext formatMessage (Ljava/lang/String;[Ljava/lang/Object;)Ljava/lang/String; 0 0 1 0 -1
ciMethod org/hl7/fhir/r5/context/IWorkerContext getOverrideVersionNs ()Ljava/lang/String; 0 0 1 0 -1
ciMethod org/hl7/fhir/r5/model/PrimitiveType getValue ()Ljava/lang/Object; 288 0 144 0 0
ciMethod org/hl7/fhir/r5/model/StructureDefinition getKind ()Lorg/hl7/fhir/r5/model/StructureDefinition$StructureDefinitionKind; 750 0 179829 0 -1
ciMethod org/hl7/fhir/r5/model/StructureDefinition getType ()Ljava/lang/String; 28 0 6433 0 -1
ciMethod org/hl7/fhir/r5/model/StructureDefinition getSnapshot ()Lorg/hl7/fhir/r5/model/StructureDefinition$StructureDefinitionSnapshotComponent; 0 0 27086 0 -1
ciMethod org/hl7/fhir/r5/elementmodel/Element <init> (Ljava/lang/String;Lorg/hl7/fhir/r5/elementmodel/Property;)V 778 0 9069 0 0
ciMethod org/hl7/fhir/r5/elementmodel/Element <init> (Ljava/lang/String;Lorg/hl7/fhir/r5/elementmodel/Property;Ljava/lang/String;Ljava/lang/String;)V 164 0 178 0 0
ciMethod org/hl7/fhir/r5/elementmodel/Element updateProperty (Lorg/hl7/fhir/r5/elementmodel/Property;Lorg/hl7/fhir/r5/elementmodel/Element$SpecialElement;Lorg/hl7/fhir/r5/elementmodel/Property;)V 4 0 2 0 -1
ciMethod org/hl7/fhir/r5/elementmodel/Element getName ()Ljava/lang/String; 432 0 216 0 0
ciMethod org/hl7/fhir/r5/elementmodel/Element getType ()Ljava/lang/String; 442 0 1948 0 0
ciMethod org/hl7/fhir/r5/elementmodel/Element getChildren ()Ljava/util/List; 772 0 9210 0 0
ciMethod org/hl7/fhir/r5/elementmodel/Element getComments ()Ljava/util/List; 0 0 1 0 -1
ciMethod org/hl7/fhir/r5/elementmodel/Element getProperty ()Lorg/hl7/fhir/r5/elementmodel/Property; 1086 0 543 0 0
ciMethod org/hl7/fhir/r5/elementmodel/Element setValue (Ljava/lang/String;)V 356 0 178 0 0
ciMethod org/hl7/fhir/r5/elementmodel/Element setType (Ljava/lang/String;)V 332 0 166 0 0
ciMethod org/hl7/fhir/r5/elementmodel/Element fhirType ()Ljava/lang/String; 6606 0 764 0 -1
ciMethod org/hl7/fhir/r5/elementmodel/Element isPrimitive ()Z 714 0 11077 0 0
ciMethod org/hl7/fhir/r5/elementmodel/Element markLocation (II)Lorg/hl7/fhir/r5/elementmodel/Element; 778 0 9247 0 0
ciMethod org/hl7/fhir/r5/elementmodel/Element setXhtml (Lorg/hl7/fhir/utilities/xhtml/XhtmlNode;)Lorg/hl7/fhir/r5/elementmodel/Element; 0 0 14 0 0
ciMethod org/hl7/fhir/r5/elementmodel/Element setExplicitType (Ljava/lang/String;)V 0 0 1 0 -1
ciMethod org/hl7/fhir/r5/elementmodel/Element getPath ()Ljava/lang/String; 428 0 214 0 0
ciMethod org/hl7/fhir/r5/elementmodel/Element setPath (Ljava/lang/String;)V 544 0 272 0 0
ciMethod org/hl7/fhir/r5/model/Extension getUrl ()Ljava/lang/String; 222 0 48104 0 0
ciMethod org/hl7/fhir/r5/model/Extension isEmpty ()Z 132 0 11874 0 0
ciMethod org/hl7/fhir/utilities/Utilities escapeXml (Ljava/lang/String;)Ljava/lang/String; 24 5444 4 0 -1
ciMethod org/hl7/fhir/utilities/Utilities noString (Ljava/lang/String;)Z 512 0 36049 0 384
ciMethod org/hl7/fhir/utilities/Utilities existsInList (I[I)Z 770 11160 17378 0 0
ciMethod org/hl7/fhir/utilities/Utilities isAbsoluteUrl (Ljava/lang/String;)Z 350 0 25159 0 -1
ciMethod org/hl7/fhir/exceptions/FHIRFormatError <init> (Ljava/lang/String;)V 0 0 1 0 -1
ciMethod org/hl7/fhir/r5/model/ElementDefinition getPath ()Ljava/lang/String; 522 0 527833 0 160
ciMethod org/hl7/fhir/r5/model/ElementDefinition hasRepresentation (Lorg/hl7/fhir/r5/model/ElementDefinition$PropertyRepresentation;)Z 646 0 7682 0 448
ciMethod org/hl7/fhir/r5/model/ElementDefinition getMax ()Ljava/lang/String; 1344 0 24356 0 -1
ciMethod org/hl7/fhir/r5/model/ElementDefinition getBase ()Lorg/hl7/fhir/r5/model/ElementDefinition$ElementDefinitionBaseComponent; 516 0 1152 0 -1
ciMethod org/hl7/fhir/r5/model/ElementDefinition getType ()Ljava/util/List; 780 0 209951 0 -1
ciMethod org/hl7/fhir/r5/model/ElementDefinition$ElementDefinitionBaseComponent getPath ()Ljava/lang/String; 384 0 192 0 -1
ciMethod org/hl7/fhir/r5/model/ElementDefinition$TypeRefComponent getCode ()Ljava/lang/String; 3212 0 54035 0 -1
ciMethod org/hl7/fhir/r5/model/ElementDefinition$TypeRefComponent getProfile ()Ljava/util/List; 14 0 1156 0 -1
ciMethod org/hl7/fhir/r5/model/ElementDefinition$TypeRefComponent hasProfile ()Z 720 0 11715 0 -1
ciMethod org/hl7/fhir/r5/model/ElementDefinition$TypeRefComponent getWorkingCode ()Ljava/lang/String; 3070 0 7085 0 -1
ciMethod org/hl7/fhir/r5/model/StructureDefinition$StructureDefinitionSnapshotComponent getElement ()Ljava/util/List; 0 0 27059 0 -1
ciMethodData org/hl7/fhir/utilities/Utilities noString (Ljava/lang/String;)Z 2 36049 orig 80 0 0 0 0 0 0 0 0 0 0 0 0 249 127 0 0 0 0 0 0 0 0 0 0 0 0 0 0 0 0 0 0 0 0 0 0 0 0 0 0 0 0 0 0 0 0 0 0 0 0 0 0 0 0 0 0 0 0 0 0 0 0 0 0 0 0 0 0 0 0 0 0 0 0 0 0 0 0 0 0 data 27 0x10007 0x16ae 0x78 0x7523 0x70005 0x7523 0x0 0x0 0x0 0x0 0x0 0xa0007 0x5a73 0x38 0x1ab0 0xe0003 0x315e 0x18 0x0 0x0 0x0 0x0 0x0 0x0 0x9 0x1 0x0 oops 0 methods 0
ciMethod org/hl7/fhir/utilities/xml/XMLUtil getFirstChild (Lorg/w3c/dom/Element;)Lorg/w3c/dom/Element; 544 548 323 0 -1
ciMethod org/hl7/fhir/utilities/xml/XMLUtil getXsiType (Lorg/w3c/dom/Element;)Ljava/lang/String; 1094 0 8004 0 0
ciMethod org/hl7/fhir/utilities/xml/XMLUtil getDirectText (Lorg/w3c/dom/Element;)Ljava/lang/String; 1094 2564 14089 0 0
ciMethod ca/uhn/fhir/util/ElementUtil isEmpty ([Lca/uhn/fhir/model/api/IElement;)Z 1074 0 19235 0 -1
ciMethod org/w3c/dom/Node getNodeName ()Ljava/lang/String; 0 0 1 0 -1
ciMethod org/w3c/dom/Node getNodeValue ()Ljava/lang/String; 0 0 1 0 -1
ciMethod org/w3c/dom/Node getNodeType ()S 0 0 1 0 -1
ciMethod org/w3c/dom/Node getFirstChild ()Lorg/w3c/dom/Node; 0 0 1 0 -1
ciMethod org/w3c/dom/Node getLastChild ()Lorg/w3c/dom/Node; 0 0 1 0 -1
ciMethod org/w3c/dom/Node getPreviousSibling ()Lorg/w3c/dom/Node; 0 0 1 0 -1
ciMethod org/w3c/dom/Node getNextSibling ()Lorg/w3c/dom/Node; 0 0 1 0 -1
ciMethod org/w3c/dom/Node getAttributes ()Lorg/w3c/dom/NamedNodeMap; 0 0 1 0 -1
ciMethod org/w3c/dom/Node getNamespaceURI ()Ljava/lang/String; 0 0 1 0 -1
ciMethod org/w3c/dom/Node getLocalName ()Ljava/lang/String; 0 0 1 0 -1
ciMethod org/w3c/dom/Node getTextContent ()Ljava/lang/String; 0 0 1 0 -1
ciMethod org/w3c/dom/Node getUserData (Ljava/lang/String;)Ljava/lang/Object; 0 0 1 0 -1
ciMethod org/hl7/fhir/utilities/validation/ValidationMessage <init> (Lorg/hl7/fhir/utilities/validation/ValidationMessage$Source;Lorg/hl7/fhir/utilities/validation/ValidationMessage$IssueType;IILjava/lang/String;Ljava/lang/String;Lorg/hl7/fhir/utilities/validation/ValidationMessage$IssueSeverity;)V 0 0 1 0 -1
ciMethod org/hl7/fhir/utilities/validation/ValidationMessage determineLevel (Ljava/lang/String;)Lorg/hl7/fhir/utilities/validation/ValidationMessage$IssueSeverity; 0 0 1 0 -1
ciMethod org/hl7/fhir/utilities/validation/ValidationMessage isGrandfathered (Ljava/lang/String;)Z 0 0 1 0 -1
ciMethod org/hl7/fhir/r5/conformance/ProfileUtilities getChildMap (Lorg/hl7/fhir/r5/model/StructureDefinition;Lorg/hl7/fhir/r5/model/ElementDefinition;)Ljava/util/List; 528 2614 13808 0 -1
ciMethod org/hl7/fhir/r5/conformance/ProfileUtilities sdNs (Ljava/lang/String;Ljava/lang/String;)Ljava/lang/String; 344 0 24082 0 -1
ciMethodData org/hl7/fhir/r5/model/Base <init> ()V 2 165350 orig 80 0 0 0 0 0 0 0 0 0 0 0 0 249 127 0 0 0 0 0 0 0 0 0 0 0 0 0 0 0 0 0 0 0 0 0 0 0 0 0 0 0 0 0 0 0 0 0 0 0 0 0 0 0 0 0 0 0 0 0 0 0 0 0 0 0 0 0 0 0 0 0 0 0 0 0 0 0 0 0 0 data 7 0x10002 0x284e6 0x0 0x0 0x9 0x1 0x0 oops 0 methods 0
ciMethodData org/hl7/fhir/r5/model/ElementDefinition getPath ()Ljava/lang/String; 2 527835 orig 80 0 0 0 0 0 0 0 0 0 0 0 0 249 127 0 0 0 0 0 0 0 0 0 0 0 0 0 0 0 0 0 0 0 0 0 0 0 0 0 0 0 0 0 0 0 0 0 0 0 0 0 0 0 0 0 0 0 0 0 0 0 0 0 0 0 0 0 0 0 0 0 0 0 0 0 0 0 0 0 0 data 30 0x40007 0x80cd6 0x38 0x0 0x80003 0x0 0x88 0xf0005 0x0 0x0 0x234cde9d4a0 0x80cd6 0x0 0x0 0x120004 0x0 0x0 0x234c68a1720 0x80cd6 0x0 0x0 0x0 0x0 0x0 0x0 0x0 0x0 0x9 0x1 0x0 oops 2 10 org/hl7/fhir/r5/model/StringType 17 java/lang/String methods 0
ciMethodData org/hl7/fhir/r5/model/Element getExtension ()Ljava/util/List; 2 24715 orig 80 0 0 0 0 0 0 0 0 0 0 0 0 249 127 0 0 0 0 0 0 0 0 0 0 0 0 0 0 0 0 0 0 0 0 0 0 0 0 0 0 0 0 0 0 0 0 0 0 0 0 0 0 0 0 0 0 0 0 0 0 0 0 0 0 0 0 0 0 0 0 0 0 0 0 0 0 0 0 0 0 data 15 0x40007 0x5ca3 0x30 0x2d6 0xc0002 0x2d6 0x0 0x0 0x0 0x0 0x0 0x0 0x9 0x1 0x10 oops 0 methods 0
ciMethodData java/lang/StringLatin1 lastIndexOf ([BI[BII)I 2 35792 orig 80 0 0 0 0 0 0 0 0 0 0 0 0 249 127 0 0 0 0 0 0 0 0 0 0 0 0 0 0 0 0 0 0 0 0 0 0 0 0 0 0 0 0 0 0 0 0 0 0 0 0 0 0 0 0 0 0 0 0 0 0 0 0 0 0 0 0 0 0 0 0 0 0 0 0 0 0 0 0 0 0 data 37 0x200007 0x0 0x58 0x8b86 0x2d0007 0x10f1 0x38 0x7a95 0x330003 0x7a95 0xffffffffffffffc0 0x3a0007 0x10f1 0x20 0x0 0x560007 0x10f1 0x58 0x0 0x6f0007 0x0 0xffffffffffffffe0 0x0 0x750003 0x0 0xffffffffffffff48 0x0 0x0 0x0 0x0 0x9 0x5 0x0 0x0 0x0 0x0 0x0 oops 0 methods 0
ciMethodData java/lang/String lastIndexOf ([BBILjava/lang/String;I)I 2 5375 orig 80 0 0 0 0 0 0 0 0 0 0 0 0 249 127 0 0 0 0 0 0 0 0 0 0 0 0 0 0 0 0 0 0 0 0 0 0 0 0 0 0 0 0 0 0 0 0 0 0 0 0 0 0 0 0 0 0 0 0 0 0 0 0 0 0 0 0 0 0 0 0 0 0 0 0 0 0 0 0 0 0 data 60 0x70005 0xc4b 0x0 0x0 0x0 0x0 0x0 0xd0005 0xc4b 0x0 0x0 0x0 0x0 0x0 0x1c0007 0x0 0x20 0xc4b 0x250007 0xc4b 0x20 0x0 0x2c0007 0xc4b 0x20 0x0 0x350007 0x0 0x78 0xc4b 0x390007 0x0 0x48 0xc4b 0x440002 0xc4b 0x470003 0xc4b 0x28 0x520002 0x0 0x570007 0x0 0x20 0x0 0x640002 0x0 0x0 0x0 0x0 0x0 0x0 0x0 0x9 0x5 0xffffffffffffffff 0x0 0x0 0x0 0x0 oops 0 methods 0
ciMethod com/sun/org/apache/xerces/internal/dom/DeferredDocumentImpl getLastChild (I)I 594 0 30712 0 0
ciMethod com/sun/org/apache/xerces/internal/dom/DeferredDocumentImpl getLastChild (IZ)I 594 0 30712 0 0
ciMethod com/sun/org/apache/xerces/internal/dom/DeferredDocumentImpl getPrevSibling (I)I 1272 0 51318 0 0
ciMethod com/sun/org/apache/xerces/internal/dom/DeferredDocumentImpl getPrevSibling (IZ)I 772 10 25794 0 896
ciMethod com/sun/org/apache/xerces/internal/dom/DeferredDocumentImpl getRealPrevSibling (I)I 790 0 15275 0 -1
ciMethod com/sun/org/apache/xerces/internal/dom/DeferredDocumentImpl getNodeObject (I)Lcom/sun/org/apache/xerces/internal/dom/DeferredNode; 774 0 24563 0 -1
ciMethod com/sun/org/apache/xerces/internal/dom/DeferredDocumentImpl getNodeValueString (I)Ljava/lang/String; 918 0 29134 0 0
ciMethod com/sun/org/apache/xerces/internal/dom/DeferredDocumentImpl getNodeValueString (IZ)Ljava/lang/String; 838 28 20983 0 -1
ciMethod com/sun/org/apache/xerces/internal/dom/DeferredDocumentImpl getNodeExtra (I)I 902 0 42269 0 0
ciMethod com/sun/org/apache/xerces/internal/dom/DeferredDocumentImpl getNodeExtra (IZ)I 908 0 21788 0 480
ciMethod com/sun/org/apache/xerces/internal/dom/DeferredDocumentImpl getNodeType (IZ)S 278 0 9366 0 -1
ciMethod com/sun/org/apache/xerces/internal/dom/DeferredDocumentImpl synchronizeChildren (Lcom/sun/org/apache/xerces/internal/dom/AttrImpl;I)V 1732 0 8753 0 0
ciMethod com/sun/org/apache/xerces/internal/dom/DeferredDocumentImpl synchronizeChildren (Lcom/sun/org/apache/xerces/internal/dom/ParentNode;I)V 590 2084 13271 0 3840
ciMethod com/sun/org/apache/xerces/internal/dom/DeferredDocumentImpl getChunkIndex ([[III)I 1482 0 170913 0 192
ciMethod com/sun/org/apache/xerces/internal/dom/DeferredDocumentImpl getChunkValue ([[Ljava/lang/Object;II)Ljava/lang/String; 14 0 21 0 -1
ciMethod com/sun/org/apache/xerces/internal/dom/DeferredDocumentImpl clearChunkIndex ([[III)I 72 0 7111 0 448
ciMethod com/sun/org/apache/xerces/internal/dom/DeferredDocumentImpl clearChunkValue ([[Ljava/lang/Object;II)Ljava/lang/String; 152 0 6355 0 -1
ciMethod com/sun/org/apache/xerces/internal/dom/DocumentImpl setMutationEvents (Z)V 380 0 190 0 0
ciMethod com/sun/org/apache/xerces/internal/dom/DocumentImpl getMutationEvents ()Z 398 0 199 0 0
ciMethod com/sun/org/apache/xerces/internal/dom/CoreDocumentImpl getUserData (Lorg/w3c/dom/Node;Ljava/lang/String;)Ljava/lang/Object; 10750 0 21915 0 0
ciMethod com/sun/org/apache/xerces/internal/dom/ParentNode ownerDocument ()Lcom/sun/org/apache/xerces/internal/dom/CoreDocumentImpl; 372 0 186 0 0
ciMethod com/sun/org/apache/xerces/internal/dom/ParentNode getFirstChild ()Lorg/w3c/dom/Node; 902 0 49938 0 0
ciMethod com/sun/org/apache/xerces/internal/dom/ParentNode getLastChild ()Lorg/w3c/dom/Node; 0 0 14089 0 0
ciMethod com/sun/org/apache/xerces/internal/dom/ParentNode lastChild ()Lcom/sun/org/apache/xerces/internal/dom/ChildNode; 0 0 14089 0 0
ciMethod com/sun/org/apache/xerces/internal/dom/ParentNode lastChild (Lcom/sun/org/apache/xerces/internal/dom/ChildNode;)V 592 0 7418 0 -1
ciMethod com/sun/org/apache/xerces/internal/dom/ParentNode synchronizeChildren ()V 0 0 1 0 0
ciMethod com/sun/org/apache/xerces/internal/dom/ChildNode getPreviousSibling ()Lorg/w3c/dom/Node; 1332 0 31165 0 0
ciMethod com/sun/org/apache/xerces/internal/dom/NodeImpl getNodeType ()S 0 0 1 0 -1
ciMethod com/sun/org/apache/xerces/internal/dom/NodeImpl getNodeName ()Ljava/lang/String; 0 0 1 0 -1
ciMethod com/sun/org/apache/xerces/internal/dom/NodeImpl getNodeValue ()Ljava/lang/String; 0 0 1 0 -1
ciMethod com/sun/org/apache/xerces/internal/dom/NodeImpl cloneNode (Z)Lorg/w3c/dom/Node; 0 0 1 0 -1
ciMethod com/sun/org/apache/xerces/internal/dom/NodeImpl ownerDocument ()Lcom/sun/org/apache/xerces/internal/dom/CoreDocumentImpl; 534 0 40116 0 0
ciMethod com/sun/org/apache/xerces/internal/dom/NodeImpl getNamespaceURI ()Ljava/lang/String; 0 0 1 0 -1
ciMethod com/sun/org/apache/xerces/internal/dom/NodeImpl getLocalName ()Ljava/lang/String; 0 0 1 0 -1
ciMethod com/sun/org/apache/xerces/internal/dom/NodeImpl getTextContent ()Ljava/lang/String; 874 0 32931 0 1120
ciMethod com/sun/org/apache/xerces/internal/dom/NodeImpl getUserData (Ljava/lang/String;)Ljava/lang/Object; 540 0 35256 0 352
ciMethod com/sun/org/apache/xerces/internal/dom/NodeImpl synchronizeData ()V 0 0 1 0 0
ciMethod com/sun/org/apache/xerces/internal/dom/NodeImpl needsSyncData ()Z 844 0 266531 0 96
ciMethod com/sun/org/apache/xerces/internal/dom/NodeImpl needsSyncData (Z)V 790 0 65746 0 96
ciMethod com/sun/org/apache/xerces/internal/dom/NodeImpl needsSyncChildren ()Z 6 0 140014 0 0
ciMethod com/sun/org/apache/xerces/internal/dom/NodeImpl needsSyncChildren (Z)V 484 0 33496 0 0
ciMethod com/sun/org/apache/xerces/internal/dom/NodeImpl isOwned ()Z 538 0 149685 0 96
ciMethod com/sun/org/apache/xerces/internal/dom/NodeImpl isOwned (Z)V 1306 0 54010 0 -1
ciMethod com/sun/org/apache/xerces/internal/dom/NodeImpl isFirstChild ()Z 1332 0 31843 0 0
ciMethod com/sun/org/apache/xerces/internal/dom/NodeImpl isFirstChild (Z)V 2072 0 11178 0 -1
ciMethod com/sun/org/apache/xerces/internal/dom/NodeImpl isSpecified ()Z 188 0 8671 0 -1
ciMethod com/sun/org/apache/xerces/internal/dom/NodeImpl isSpecified (Z)V 4 0 13306 0 -1
ciMethod com/sun/org/apache/xerces/internal/dom/NodeImpl isIgnorableWhitespace (Z)V 1072 0 20381 0 0
ciMethod com/sun/org/apache/xerces/internal/dom/NodeImpl hasStringValue ()Z 1492 0 34088 0 0
ciMethod com/sun/org/apache/xerces/internal/dom/NodeImpl hasStringValue (Z)V 1442 0 22281 0 0
ciMethod org/w3c/dom/Element getAttribute (Ljava/lang/String;)Ljava/lang/String; 0 0 1 0 -1
ciMethod org/w3c/dom/Element getAttributeNS (Ljava/lang/String;Ljava/lang/String;)Ljava/lang/String; 0 0 1 0 -1
ciMethod org/w3c/dom/Element getAttributeNodeNS (Ljava/lang/String;Ljava/lang/String;)Lorg/w3c/dom/Attr; 0 0 1 0 -1
ciMethod com/sun/org/apache/xerces/internal/dom/ElementImpl getAttributes ()Lorg/w3c/dom/NamedNodeMap; 554 0 24300 0 480
ciMethod com/sun/org/apache/xerces/internal/dom/ElementImpl getAttributeNodeNS (Ljava/lang/String;Ljava/lang/String;)Lorg/w3c/dom/Attr; 1094 0 14485 0 0
ciMethod com/sun/org/apache/xerces/internal/dom/ElementImpl synchronizeData ()V 18912 0 9117 0 -1
ciMethodData com/sun/org/apache/xerces/internal/dom/DeferredDocumentImpl clearChunkIndex ([[III)I 2 7111 orig 80 0 0 0 0 0 0 0 0 0 0 0 0 249 127 0 0 0 0 0 0 0 0 0 0 0 0 0 0 0 0 0 0 0 0 0 0 0 0 0 0 0 0 0 0 0 0 0 0 0 0 0 0 0 0 0 0 0 0 0 0 0 0 0 0 0 0 0 0 0 0 0 0 0 0 0 0 0 0 0 0 data 34 0x30007 0x25 0x38 0x1b7e 0xb0003 0x1b7e 0x18 0x140007 0xa6a 0x78 0x1139 0x2f0007 0x112c 0x58 0xd 0x350104 0x0 0x0 0x0 0x0 0x0 0x0 0x0 0x0 0x0 0x0 0x0 0x0 0x9 0x4 0x0 0xffffffffffffffff 0x0 0x0 oops 0 methods 0
ciMethodData com/sun/org/apache/xerces/internal/dom/DeferredDocumentImpl getChunkIndex ([[III)I 2 170913 orig 80 0 0 0 0 0 0 0 0 0 0 0 0 249 127 0 0 0 0 0 0 0 0 0 0 0 0 0 0 0 0 0 0 0 0 0 0 0 0 0 0 0 0 0 0 0 0 0 0 0 0 0 0 0 0 0 0 0 0 0 0 0 0 0 0 0 0 0 0 0 0 0 0 0 0 0 0 0 0 0 0 data 19 0x30007 0x0 0x38 0x298bc 0xb0003 0x298bc 0x18 0x0 0x0 0x0 0x0 0x0 0x0 0x9 0x4 0x0 0x0 0x0 0x0 oops 0 methods 0
ciMethod com/sun/org/apache/xerces/internal/dom/DeferredElementNSImpl synchronizeChildren ()V 774 0 13376 0 0
ciMethod com/sun/org/apache/xerces/internal/dom/ElementNSImpl getNamespaceURI ()Ljava/lang/String; 1658 0 25840 0 160
ciMethod com/sun/org/apache/xerces/internal/dom/ElementNSImpl getLocalName ()Ljava/lang/String; 774 0 40503 0 16864
ciMethod com/sun/org/apache/xerces/internal/dom/DeferredTextImpl synchronizeData ()V 1062 0 20381 0 0
ciMethod com/sun/org/apache/xerces/internal/dom/TextImpl getNodeType ()S 506 0 253 0 0
ciMethodData com/sun/org/apache/xerces/internal/dom/ParentNode getLastChild ()Lorg/w3c/dom/Node; 2 14089 orig 80 0 0 0 0 0 0 0 0 0 0 0 0 249 127 0 0 0 0 0 0 0 0 0 0 0 0 0 0 0 0 0 0 0 0 0 0 0 0 0 0 0 0 0 0 0 0 0 0 0 0 0 0 0 0 0 0 0 0 0 0 0 0 0 0 0 0 0 0 0 0 0 0 0 0 0 0 0 0 0 0 data 34 0x10005 0x3709 0x0 0x0 0x0 0x0 0x0 0x40007 0x19b7 0x58 0x1d52 0x80005 0x0 0x0 0x234d1d0a280 0x1d52 0x0 0x0 0xc0005 0x3709 0x0 0x0 0x0 0x0 0x0 0x0 0x0 0x0 0x0 0x0 0x0 0x9 0x1 0x0 oops 1 14 com/sun/org/apache/xerces/internal/dom/DeferredElementNSImpl methods 0
ciMethodData com/sun/org/apache/xerces/internal/dom/NodeImpl needsSyncChildren ()Z 2 140014 orig 80 0 0 0 0 0 0 0 0 0 0 0 0 249 127 0 0 0 0 0 0 0 0 0 0 0 0 0 0 0 0 0 0 0 0 0 0 0 0 0 0 0 0 0 0 0 0 0 0 0 0 0 0 0 0 0 0 0 0 0 0 0 0 0 0 0 0 0 0 0 0 0 0 0 0 0 0 0 0 0 0 data 13 0x60007 0x1cc5b 0x38 0x5690 0xa0003 0x5690 0x18 0x0 0x0 0x0 0x9 0x1 0x0 oops 0 methods 0
ciMethodData com/sun/org/apache/xerces/internal/dom/ParentNode lastChild ()Lcom/sun/org/apache/xerces/internal/dom/ChildNode; 2 14089 orig 80 0 0 0 0 0 0 0 0 0 0 0 0 249 127 0 0 0 0 0 0 0 0 0 0 0 0 0 0 0 0 0 0 0 0 0 0 0 0 0 0 0 0 0 0 0 0 0 0 0 0 0 0 0 0 0 0 0 0 0 0 0 0 0 0 0 0 0 0 0 0 0 0 0 0 0 0 0 0 0 0 data 16 0x40007 0x2b45 0x38 0xbc4 0xe0003 0xbc4 0x18 0x0 0x0 0x0 0x0 0x0 0x0 0x9 0x1 0x0 oops 0 methods 0
ciMethod com/sun/org/apache/xerces/internal/dom/CharacterDataImpl getNodeValue ()Ljava/lang/String; 1068 0 40117 0 1120
ciMethod com/sun/org/apache/xerces/internal/dom/AttributeMap <init> (Lcom/sun/org/apache/xerces/internal/dom/ElementImpl;Lcom/sun/org/apache/xerces/internal/dom/NamedNodeMapImpl;)V 768 0 8838 0 0
ciMethod com/sun/org/apache/xerces/internal/dom/AttributeMap cloneContent (Lcom/sun/org/apache/xerces/internal/dom/NamedNodeMapImpl;)V 0 0 1 0 -1
ciMethod org/w3c/dom/NamedNodeMap item (I)Lorg/w3c/dom/Node; 0 0 1 0 -1
ciMethod org/w3c/dom/NamedNodeMap getLength ()I 0 0 1 0 -1
ciMethod com/sun/org/apache/xerces/internal/dom/NamedNodeMapImpl <init> (Lcom/sun/org/apache/xerces/internal/dom/NodeImpl;)V 176 0 8542 0 0
ciMethod com/sun/org/apache/xerces/internal/dom/NamedNodeMapImpl getLength ()I 1588 0 45350 0 128
ciMethod com/sun/org/apache/xerces/internal/dom/NamedNodeMapImpl item (I)Lorg/w3c/dom/Node; 918 0 18913 0 448
ciMethod com/sun/org/apache/xerces/internal/dom/NamedNodeMapImpl getNamedItemNS (Ljava/lang/String;Ljava/lang/String;)Lorg/w3c/dom/Node; 1082 0 12587 0 0
ciMethod com/sun/org/apache/xerces/internal/dom/NamedNodeMapImpl hasDefaults (Z)V 0 0 1 0 -1
ciMethod com/sun/org/apache/xerces/internal/dom/NamedNodeMapImpl findNamePoint (Ljava/lang/String;Ljava/lang/String;)I 1082 1084 21005 0 0
ciMethodData com/sun/org/apache/xerces/internal/dom/NodeImpl needsSyncData ()Z 2 266531 orig 80 0 0 0 0 0 0 0 0 0 0 0 0 249 127 0 0 0 0 0 0 0 0 0 0 0 0 0 0 0 0 0 0 0 0 0 0 0 0 0 0 0 0 0 0 0 0 0 0 0 0 0 0 0 0 0 0 0 0 0 0 0 0 0 0 0 0 0 0 0 0 0 0 0 0 0 0 0 0 0 0 data 13 0x60007 0x36abf 0x38 0xa4be 0xa0003 0xa4be 0x18 0x0 0x0 0x0 0x9 0x1 0x0 oops 0 methods 0
ciMethodData com/sun/org/apache/xerces/internal/dom/NodeImpl needsSyncData (Z)V 2 65746 orig 80 0 0 0 0 0 0 0 0 0 0 0 0 249 127 0 0 0 0 0 0 0 0 0 0 0 0 0 0 0 0 0 0 0 0 0 0 0 0 0 0 0 0 0 0 0 0 0 0 0 0 0 0 0 0 0 0 0 0 0 0 0 0 0 0 0 0 0 0 0 0 0 0 0 0 0 0 0 0 0 0 data 15 0x20007 0xa4ac 0x38 0x5a9b 0xb0003 0x5a9b 0x18 0x0 0x0 0x0 0x0 0x9 0x2 0x6 0x0 oops 0 methods 0
ciMethodData com/sun/org/apache/xerces/internal/dom/ElementNSImpl getLocalName ()Ljava/lang/String; 2 40503 orig 80 1 0 0 0 0 0 0 0 0 0 0 0 249 127 0 0 0 0 0 0 4 0 0 0 0 0 0 0 0 0 0 0 0 0 0 0 0 0 0 0 0 0 0 0 0 0 0 0 0 0 0 0 0 0 0 0 0 0 0 0 0 0 0 0 0 0 0 0 0 0 0 0 0 0 0 0 0 0 0 0 data 27 0x10005 0x9cb4 0x0 0x0 0x0 0x0 0x0 0x40007 0x66c9 0x58 0x35eb 0x8000000400080005 0x0 0x0 0x234d1d0a280 0x332e 0x234d1d0a330 0x2c1 0x0 0x0 0x0 0x0 0x0 0x0 0x9 0x1 0xffffffffffffffff oops 2 14 com/sun/org/apache/xerces/internal/dom/DeferredElementNSImpl 16 com/sun/org/apache/xerces/internal/dom/ElementNSImpl methods 0
ciMethod com/sun/org/apache/xerces/internal/dom/DeferredAttrNSImpl synchronizeChildren ()V 1732 0 8753 0 0
ciMethodData com/sun/org/apache/xerces/internal/dom/DeferredDocumentImpl getPrevSibling (IZ)I 2 25794 orig 80 0 0 0 0 0 0 0 0 0 0 0 0 249 127 0 0 0 0 0 0 0 0 0 0 0 0 0 0 0 0 0 0 0 0 0 0 0 0 0 0 0 0 0 0 0 0 0 0 0 0 0 0 0 0 0 0 0 0 0 0 0 0 0 0 0 0 0 0 0 0 0 0 0 0 0 0 0 0 0 0 data 61 0x20007 0x5543 0x20 0xdfd 0x1b0005 0x5543 0x0 0x0 0x0 0x0 0x0 0x230007 0x275e 0x100 0x2de5 0x2e0005 0x2df2 0x0 0x0 0x0 0x0 0x0 0x340007 0x1902 0x38 0x14f0 0x370003 0x14f0 0xc0 0x4e0005 0x1902 0x0 0x0 0x0 0x0 0x0 0x560007 0xd 0xffffffffffffff58 0x18f5 0x590003 0x18f5 0x50 0x640005 0x275e 0x0 0x0 0x0 0x0 0x0 0x0 0x0 0x0 0x0 0x0 0x0 0x9 0x3 0x0 0x0 0x0 oops 0 methods 0
ciMethod com/sun/org/apache/xerces/internal/dom/AttrNSImpl getNamespaceURI ()Ljava/lang/String; 1556 0 21918 0 128
ciMethod com/sun/org/apache/xerces/internal/dom/AttrNSImpl getLocalName ()Ljava/lang/String; 1550 0 24282 0 128
ciMethodData com/sun/org/apache/xerces/internal/dom/DeferredDocumentImpl getNodeObject (I)Lcom/sun/org/apache/xerces/internal/dom/DeferredNode; 2 24563 orig 80 0 0 0 0 0 0 0 0 0 0 0 0 249 127 0 0 0 0 0 0 0 0 0 0 0 0 0 0 0 0 0 0 0 0 0 0 0 0 0 0 0 0 0 0 0 0 0 0 0 0 0 0 0 0 0 0 0 0 0 0 0 0 0 0 0 0 0 0 0 0 0 0 0 0 0 0 0 0 0 0 data 238 0x20007 0x5e70 0x20 0x0 0x190005 0x5e70 0x0 0x0 0x0 0x0 0x0 0x210007 0x3252 0x78 0x2c1e 0x270007 0x0 0x58 0x2c1e 0x310005 0x2c1e 0x0 0x0 0x0 0x0 0x0 0x3a0008 0x2c 0x0 0x590 0x1db3 0x2a8 0xe6b 0x170 0x3252 0x540 0x0 0x1e0 0x0 0x4c8 0x0 0x4a0 0x0 0x518 0x0 0x208 0x0 0x230 0x0 0x248 0x0 0x590 0x0 0x4f0 0x0 0x590 0x0 0x590 0x0 0x590 0x0 0x590 0x0 0x590 0x0 0x590 0x0 0x590 0x0 0x590 0x0 0x568 0xa00007 0x0 0x48 0xe6b 0xa90002 0xe6b 0xae0003 0xe6b 0x420 0xb70002 0x0 0xbc0003 0x0 0x3f8 0xc50002 0x0 0xca0003 0x0 0x3d0 0xd30002 0x0 0xd80003 0x0 0x3a8 0xde0003 0x0 0x390 0xe70002 0x0 0xef0004 0x0 0x0 0x0 0x0 0x0 0x0 0xf50003 0x0 0x330 0xfc0007 0x0 0x48 0x1db3 0x1050002 0x1db3 0x10a0003 0x1db3 0x28 0x1130002 0x0 0x11c0007 0x1db3 0x2c0 0x0 0x12b0002 0x0 0x1330007 0x0 0x158 0x0 0x1410007 0x0 0xc8 0x0 0x1490004 0x0 0x0 0x0 0x0 0x0 0x0 0x14c0005 0x0 0x0 0x0 0x0 0x0 0x0 0x1560004 0x0 0x0 0x0 0x0 0x0 0x0 0x15f0007 0x0 0x58 0x0 0x16c0007 0x0 0x38 0x0 0x1720003 0x0 0x18 0x1780003 0x0 0xfffffffffffffec0 0x17b0003 0x0 0x138 0x1840002 0x0 0x1890003 0x0 0x110 0x1920002 0x0 0x1970003 0x0 0xe8 0x1a00002 0x0 0x1a50003 0x0 0xc0 0x1ae0002 0x0 0x1b30003 0x0 0x98 0x1bc0002 0x3252 0x1c10003 0x3252 0x70 0x1ca0002 0x0 0x1cf0003 0x0 0x48 0x1d8000a 0x0 0x1 0x234c68a1720 0x1dd0002 0x0 0x1e30007 0x0 0x20 0x5e70 0x1ed0002 0x0 0x0 0x0 0x0 0x0 0x0 0x0 0x0 0x0 0x0 0x0 0x0 0x0 0x0 0x0 0x0 0x0 0x0 0x0 0x9 0x2 0x0 0x0 oops 1 207 java/lang/String methods 0
ciMethodData com/sun/org/apache/xerces/internal/dom/NodeImpl needsSyncChildren (Z)V 2 33496 orig 80 0 0 0 0 0 0 0 0 0 0 0 0 249 127 0 0 0 0 0 0 0 0 0 0 0 0 0 0 0 0 0 0 0 0 0 0 0 0 0 0 0 0 0 0 0 0 0 0 0 0 0 0 0 0 0 0 0 0 0 0 0 0 0 0 0 0 0 0 0 0 0 0 0 0 0 0 0 0 0 0 data 15 0x20007 0x55b7 0x38 0x2c2f 0xb0003 0x2c2f 0x18 0x0 0x0 0x0 0x0 0x9 0x2 0x6 0x0 oops 0 methods 0
ciMethod com/sun/org/apache/xerces/internal/dom/AttrImpl getNodeName ()Ljava/lang/String; 804 0 30999 0 128
ciMethod com/sun/org/apache/xerces/internal/dom/AttrImpl getNodeValue ()Ljava/lang/String; 1564 0 22519 0 0
ciMethod com/sun/org/apache/xerces/internal/dom/AttrImpl getValue ()Ljava/lang/String; 1488 0 32800 0 0
ciMethod com/sun/org/apache/xerces/internal/dom/AttrImpl lastChild (Lcom/sun/org/apache/xerces/internal/dom/ChildNode;)V 0 0 1 0 -1
ciMethod com/sun/org/apache/xerces/internal/dom/AttrImpl synchronizeChildren ()V 0 0 1 0 0
ciMethodData com/sun/org/apache/xerces/internal/dom/DeferredDocumentImpl getPrevSibling (I)I 2 51318 orig 80 0 0 0 0 0 0 0 0 0 0 0 0 249 127 0 0 0 0 0 0 0 0 0 0 0 0 0 0 0 0 0 0 0 0 0 0 0 0 0 0 0 0 0 0 0 0 0 0 0 0 0 0 0 0 0 0 0 0 0 0 0 0 0 0 0 0 0 0 0 0 0 0 0 0 0 0 0 0 0 0 data 17 0x30005 0x0 0x0 0x234c9fc8ca0 0xc5fa 0x0 0x0 0x0 0x0 0x0 0x0 0x0 0x0 0x9 0x2 0x0 0x0 oops 1 3 com/sun/org/apache/xerces/internal/dom/DeferredDocumentImpl methods 0
ciMethodData com/sun/org/apache/xerces/internal/dom/ParentNode getFirstChild ()Lorg/w3c/dom/Node; 2 49938 orig 80 0 0 0 0 0 0 0 0 0 0 0 0 249 127 0 0 0 0 0 0 0 0 0 0 0 0 0 0 0 0 0 0 0 0 0 0 0 0 0 0 0 0 0 0 0 0 0 0 0 0 0 0 0 0 0 0 0 0 0 0 0 0 0 0 0 0 0 0 0 0 0 0 0 0 0 0 0 0 0 0 data 27 0x10005 0xc14f 0x0 0x0 0x0 0x0 0x0 0x40007 0xab48 0x58 0x1607 0x80005 0x0 0x0 0x234d1d0a280 0x1607 0x0 0x0 0x0 0x0 0x0 0x0 0x0 0x0 0x9 0x1 0xffffffffffffffff oops 1 14 com/sun/org/apache/xerces/internal/dom/DeferredElementNSImpl methods 0
ciMethodData com/sun/org/apache/xerces/internal/dom/DeferredDocumentImpl getNodeExtra (I)I 2 42269 orig 80 0 0 0 0 0 0 0 0 0 0 0 0 249 127 0 0 0 0 0 0 0 0 0 0 0 0 0 0 0 0 0 0 0 0 0 0 0 0 0 0 0 0 0 0 0 0 0 0 0 0 0 0 0 0 0 0 0 0 0 0 0 0 0 0 0 0 0 0 0 0 0 0 0 0 0 0 0 0 0 0 data 17 0x30005 0x0 0x0 0x234c9fc8ca0 0xa35a 0x0 0x0 0x0 0x0 0x0 0x0 0x0 0x0 0x9 0x2 0x0 0x0 oops 1 3 com/sun/org/apache/xerces/internal/dom/DeferredDocumentImpl methods 0
ciMethodData com/sun/org/apache/xerces/internal/dom/DeferredDocumentImpl getNodeExtra (IZ)I 2 21788 orig 80 0 0 0 0 0 0 0 0 0 0 0 0 249 127 0 0 0 0 0 0 0 0 0 0 0 0 0 0 0 0 0 0 0 0 0 0 0 0 0 0 0 0 0 0 0 0 0 0 0 0 0 0 0 0 0 0 0 0 0 0 0 0 0 0 0 0 0 0 0 0 0 0 0 0 0 0 0 0 0 0 data 36 0x20007 0x5356 0x20 0x0 0x140007 0x0 0x70 0x5356 0x1f0005 0x5356 0x0 0x0 0x0 0x0 0x0 0x220003 0x5356 0x50 0x2d0005 0x0 0x0 0x0 0x0 0x0 0x0 0x0 0x0 0x0 0x0 0x0 0x0 0x9 0x3 0x0 0x0 0x0 oops 0 methods 0
ciMethodData com/sun/org/apache/xerces/internal/dom/DeferredDocumentImpl getLastChild (I)I 2 30712 orig 80 0 0 0 0 0 0 0 0 0 0 0 0 249 127 0 0 0 0 0 0 0 0 0 0 0 0 0 0 0 0 0 0 0 0 0 0 0 0 0 0 0 0 0 0 0 0 0 0 0 0 0 0 0 0 0 0 0 0 0 0 0 0 0 0 0 0 0 0 0 0 0 0 0 0 0 0 0 0 0 0 data 17 0x30005 0x0 0x0 0x234c9fc8ca0 0x76cf 0x0 0x0 0x0 0x0 0x0 0x0 0x0 0x0 0x9 0x2 0x0 0x0 oops 1 3 com/sun/org/apache/xerces/internal/dom/DeferredDocumentImpl methods 0
ciMethodData com/sun/org/apache/xerces/internal/dom/DeferredDocumentImpl getLastChild (IZ)I 2 30712 orig 80 0 0 0 0 0 0 0 0 0 0 0 0 249 127 0 0 0 0 0 0 0 0 0 0 0 0 0 0 0 0 0 0 0 0 0 0 0 0 0 0 0 0 0 0 0 0 0 0 0 0 0 0 0 0 0 0 0 0 0 0 0 0 0 0 0 0 0 0 0 0 0 0 0 0 0 0 0 0 0 0 data 36 0x20007 0x76cf 0x20 0x0 0x140007 0x0 0x70 0x76cf 0x1f0005 0x76cf 0x0 0x0 0x0 0x0 0x0 0x220003 0x76cf 0x50 0x2d0005 0x0 0x0 0x0 0x0 0x0 0x0 0x0 0x0 0x0 0x0 0x0 0x0 0x9 0x3 0x0 0x0 0x0 oops 0 methods 0
ciMethodData com/sun/org/apache/xerces/internal/dom/NamedNodeMapImpl <init> (Lcom/sun/org/apache/xerces/internal/dom/NodeImpl;)V 2 8542 orig 80 0 0 0 0 0 0 0 0 0 0 0 0 249 127 0 0 0 0 0 0 0 0 0 0 0 0 0 0 0 0 0 0 0 0 0 0 0 0 0 0 0 0 0 0 0 0 0 0 0 0 0 0 0 0 0 0 0 0 0 0 0 0 0 0 0 0 0 0 0 0 0 0 0 0 0 0 0 0 0 0 data 10 0x10002 0x2106 0x0 0x0 0x0 0x0 0x9 0x2 0xc 0x0 oops 0 methods 0
ciMethod org/hl7/fhir/utilities/xhtml/XhtmlNode getAttributes ()Ljava/util/Map; 366 0 183 0 -1
ciMethod org/hl7/fhir/utilities/xhtml/XhtmlNode getNsDecl ()Ljava/lang/String; 12 0 31 0 -1
ciMethodData org/hl7/fhir/r5/model/Element hasExtension ()Z 2 22045 orig 80 0 0 0 0 0 0 0 0 0 0 0 0 249 127 0 0 0 0 0 0 0 0 0 0 0 0 0 0 0 0 0 0 0 0 0 0 0 0 0 0 0 0 0 0 0 0 0 0 0 0 0 0 0 0 0 0 0 0 0 0 0 0 0 0 0 0 0 0 0 0 0 0 0 0 0 0 0 0 0 0 data 59 0x40007 0x4bc2 0x20 0x927 0xd0005 0x0 0x0 0x234c68a4a30 0x4bc2 0x0 0x0 0x140005 0x0 0x0 0x234d129c860 0x4bc2 0x0 0x0 0x190007 0x4b91 0x100 0x31 0x1d0005 0x0 0x0 0x234d129c860 0x31 0x0 0x0 0x220004 0x0 0x0 0x234d12990f0 0x31 0x0 0x0 0x270005 0x0 0x0 0x234d12990f0 0x31 0x0 0x0 0x2a0007 0x0 0x20 0x31 0x2f0003 0x0 0xfffffffffffffee0 0x0 0x0 0x0 0x0 0x0 0x0 0x9 0x1 0x0 oops 5 7 java/util/ArrayList 14 java/util/ArrayList$Itr 25 java/util/ArrayList$Itr 32 org/hl7/fhir/r5/model/Extension 39 org/hl7/fhir/r5/model/Extension methods 0
ciMethodData org/hl7/fhir/r5/model/Extension isEmpty ()Z 2 11890 orig 80 0 0 0 0 0 0 0 0 0 0 0 0 249 127 0 0 0 0 0 0 0 0 0 0 0 0 0 0 0 0 0 0 0 0 0 0 0 0 0 0 0 0 0 0 0 0 0 0 0 0 0 0 0 0 0 0 0 0 0 0 0 0 0 0 0 0 0 0 0 0 0 0 0 0 0 0 0 0 0 0 data 38 0x10002 0x2e30 0x40007 0x0 0xd8 0x2e30 0x110004 0x0 0x0 0x234cb525b60 0x2e30 0x0 0x0 0x180004 0x0 0x0 0x234cde9d4a0 0x18a9 0x234d0e5a1b0 0x1557 0x190002 0x2e30 0x1c0007 0x2e30 0x38 0x0 0x200003 0x0 0x18 0x0 0x0 0x0 0x0 0x0 0x0 0x9 0x1 0x0 oops 3 9 org/hl7/fhir/r5/model/UriType 16 org/hl7/fhir/r5/model/StringType 18 org/hl7/fhir/r5/model/CodeType methods 0
ciMethod org/hl7/fhir/utilities/xhtml/XhtmlParser <init> ()V 342 0 195 0 -1
ciMethod org/hl7/fhir/utilities/xhtml/XhtmlParser setValidatorMode (Z)Lorg/hl7/fhir/utilities/xhtml/XhtmlParser; 0 0 14 0 0
ciMethod org/hl7/fhir/utilities/xhtml/XhtmlParser parseHtmlNode (Lorg/w3c/dom/Element;)Lorg/hl7/fhir/utilities/xhtml/XhtmlNode; 12 0 18 0 0
ciMethod org/hl7/fhir/utilities/xhtml/XhtmlParser parseHtmlNode (Lorg/w3c/dom/Element;Ljava/lang/String;)Lorg/hl7/fhir/utilities/xhtml/XhtmlNode; 12 0 18 0 -1
ciMethod org/hl7/fhir/utilities/xhtml/XhtmlParser parseNode (Lorg/w3c/dom/Element;Ljava/lang/String;)Lorg/hl7/fhir/utilities/xhtml/XhtmlNode; 108 242 11168 0 -1
ciMethod org/hl7/fhir/utilities/xhtml/XhtmlParser defineEntities ()V 428 0 196 0 -1
ciMethod org/hl7/fhir/r5/utils/ToolingExtensions hasExtension (Lorg/hl7/fhir/r5/model/DomainResource;Ljava/lang/String;)Z 1422 0 16110 0 -1
ciMethod org/hl7/fhir/r5/utils/ToolingExtensions hasExtension (Lorg/hl7/fhir/r5/model/Element;Ljava/lang/String;)Z 0 0 22473 0 0
ciMethod org/hl7/fhir/r5/utils/ToolingExtensions readStringExtension (Lorg/hl7/fhir/r5/model/Element;Ljava/lang/String;)Ljava/lang/String; 0 0 16 0 -1
ciMethod org/hl7/fhir/r5/utils/ToolingExtensions readStringExtension (Lorg/hl7/fhir/r5/model/DomainResource;Ljava/lang/String;)Ljava/lang/String; 136 0 3548 0 -1
ciMethod org/hl7/fhir/r5/utils/ToolingExtensions getExtension (Lorg/hl7/fhir/r5/model/Element;Ljava/lang/String;)Lorg/hl7/fhir/r5/model/Extension; 0 0 19394 0 1472
ciMethod org/hl7/fhir/r5/elementmodel/ParserBase logError (IILjava/lang/String;Lorg/hl7/fhir/utilities/validation/ValidationMessage$IssueType;Ljava/lang/String;Lorg/hl7/fhir/utilities/validation/ValidationMessage$IssueSeverity;)V 0 0 2 0 -1
ciMethod org/hl7/fhir/r5/elementmodel/Property <init> (Lorg/hl7/fhir/r5/context/IWorkerContext;Lorg/hl7/fhir/r5/model/ElementDefinition;Lorg/hl7/fhir/r5/model/StructureDefinition;Lorg/hl7/fhir/r5/conformance/ProfileUtilities;)V 1034 0 66891 0 -1
ciMethod org/hl7/fhir/r5/elementmodel/Property <init> (Lorg/hl7/fhir/r5/context/IWorkerContext;Lorg/hl7/fhir/r5/model/ElementDefinition;Lorg/hl7/fhir/r5/model/StructureDefinition;)V 60 0 28 0 -1
ciMethod org/hl7/fhir/r5/elementmodel/Property getName ()Ljava/lang/String; 5112 0 209868 0 1856
ciMethod org/hl7/fhir/r5/elementmodel/Property getXmlName ()Ljava/lang/String; 1314 0 128386 0 -1
ciMethod org/hl7/fhir/r5/elementmodel/Property getXmlNamespace ()Ljava/lang/String; 1426 0 16082 0 -1
ciMethod org/hl7/fhir/r5/elementmodel/Property getDefinition ()Lorg/hl7/fhir/r5/model/ElementDefinition; 570 0 285 0 0
ciMethod org/hl7/fhir/r5/elementmodel/Property getType ()Ljava/lang/String; 1036 0 14083 0 0
ciMethod org/hl7/fhir/r5/elementmodel/Property getType (Ljava/lang/String;)Ljava/lang/String; 858 1000 10358 0 -1
ciMethod org/hl7/fhir/r5/elementmodel/Property isPrimitive (Ljava/lang/String;)Z 756 0 13768 0 -1
ciMethod org/hl7/fhir/r5/elementmodel/Property lowFirst (Ljava/lang/String;)Ljava/lang/String; 0 0 634 0 -1
ciMethod org/hl7/fhir/r5/elementmodel/Property isResource ()Z 516 0 14348 0 0
ciMethod org/hl7/fhir/r5/elementmodel/Property isList ()Z 1290 0 24166 0 0
ciMethod org/hl7/fhir/r5/elementmodel/Property isElementWithOnlyExtension (Lorg/hl7/fhir/r5/model/ElementDefinition;Ljava/util/List;)Z 5218 0 2685 0 -1
ciMethod org/hl7/fhir/r5/elementmodel/Property isChoice ()Z 1248 0 31369 0 0
ciMethod org/hl7/fhir/r5/elementmodel/Property getChildProperties (Ljava/lang/String;Ljava/lang/String;)Ljava/util/List; 720 6330 14385 0 -1
ciMethod org/hl7/fhir/r5/elementmodel/Property tail (Ljava/lang/String;)Ljava/lang/String; 134 0 183 0 -1
ciMethodData org/hl7/fhir/r5/model/Extension getUrl ()Ljava/lang/String; 2 48104 orig 80 0 0 0 0 0 0 0 0 0 0 0 0 249 127 0 0 0 0 0 0 0 0 0 0 0 0 0 0 0 0 0 0 0 0 0 0 0 0 0 0 0 0 0 0 0 0 0 0 0 0 0 0 0 0 0 0 0 0 0 0 0 0 0 0 0 0 0 0 0 0 0 0 0 0 0 0 0 0 0 0 data 30 0x40007 0xbb79 0x38 0x0 0x80003 0x0 0x88 0xf0005 0x0 0x0 0x234cb525b60 0xbb79 0x0 0x0 0x120004 0x0 0x0 0x234c68a1720 0xbb79 0x0 0x0 0x0 0x0 0x0 0x0 0x0 0x0 0x9 0x1 0x0 oops 2 10 org/hl7/fhir/r5/model/UriType 17 java/lang/String methods 0
ciMethodData org/hl7/fhir/r5/elementmodel/Property getName ()Ljava/lang/String; 2 209868 orig 80 0 0 0 0 0 0 0 0 0 0 0 0 249 127 0 0 0 0 0 0 0 0 0 0 0 0 0 0 0 0 0 0 0 0 0 0 0 0 0 0 0 0 0 0 0 0 0 0 0 0 0 0 0 0 0 0 0 0 0 0 0 0 0 0 0 0 0 0 0 0 0 0 0 0 0 0 0 0 0 0 data 37 0x40005 0x0 0x0 0x234d1d0a6a0 0x329d0 0x0 0x0 0xb0005 0x0 0x0 0x234d1d0a6a0 0x329d0 0x0 0x0 0x100005 0x329d0 0x0 0x0 0x0 0x0 0x0 0x150005 0x329d0 0x0 0x0 0x0 0x0 0x0 0x0 0x0 0x0 0x0 0x0 0x0 0x9 0x1 0x0 oops 2 3 org/hl7/fhir/r5/model/ElementDefinition 10 org/hl7/fhir/r5/model/ElementDefinition methods 0
ciMethodData org/hl7/fhir/r5/utils/ToolingExtensions hasExtension (Lorg/hl7/fhir/r5/model/Element;Ljava/lang/String;)Z 2 22473 orig 80 0 0 0 0 0 0 0 0 0 0 0 0 249 127 0 0 0 0 0 0 0 0 0 0 0 0 0 0 0 0 0 0 0 0 0 0 0 0 0 0 0 0 0 0 0 0 0 0 0 0 0 0 0 0 0 0 0 0 0 0 0 0 0 0 0 0 0 0 0 0 0 0 0 0 0 0 0 0 0 0 data 19 0x20002 0x57c9 0x50007 0x57c9 0x38 0x0 0x90003 0x0 0x18 0x0 0x0 0x0 0x0 0x0 0x0 0x9 0x2 0x0 0x0 oops 0 methods 0
ciMethodData org/hl7/fhir/r5/utils/ToolingExtensions getExtension (Lorg/hl7/fhir/r5/model/Element;Ljava/lang/String;)Lorg/hl7/fhir/r5/model/Extension; 2 19394 orig 80 0 0 0 0 0 0 0 0 0 0 0 0 249 127 0 0 0 0 0 0 0 0 0 0 0 0 0 0 0 0 0 0 0 0 0 0 0 0 0 0 0 0 0 0 0 0 0 0 0 0 0 0 0 0 0 0 0 0 0 0 0 0 0 0 0 0 0 0 0 0 0 0 0 0 0 0 0 0 0 0 data 85 0x10007 0x4bc2 0x20 0x0 0x70005 0x0 0x0 0x234d1d0a6a0 0x4bc2 0x0 0x0 0xa0007 0x31 0x20 0x4b91 0x100005 0x0 0x0 0x234d1d0a6a0 0x31 0x0 0x0 0x130005 0x0 0x0 0x234c68a4a30 0x31 0x0 0x0 0x1a0005 0x0 0x0 0x234d129c860 0x62 0x0 0x0 0x1f0007 0x31 0x138 0x31 0x230005 0x0 0x0 0x234d129c860 0x31 0x0 0x0 0x280004 0x0 0x0 0x234d12990f0 0x31 0x0 0x0 0x2e0005 0x0 0x0 0x234d12990f0 0x31 0x0 0x0 0x310005 0x31 0x0 0x0 0x0 0x0 0x0 0x340007 0x31 0x20 0x0 0x390003 0x31 0xfffffffffffffea8 0x0 0x0 0x0 0x0 0x0 0x0 0x9 0x2 0x0 0x0 oops 7 7 org/hl7/fhir/r5/model/ElementDefinition 18 org/hl7/fhir/r5/model/ElementDefinition 25 java/util/ArrayList 32 java/util/ArrayList$Itr 43 java/util/ArrayList$Itr 50 org/hl7/fhir/r5/model/Extension 57 org/hl7/fhir/r5/model/Extension methods 0
ciMethodData org/hl7/fhir/r5/elementmodel/Property isChoice ()Z 2 33380 orig 80 0 0 0 0 0 0 0 0 0 0 0 0 249 127 0 0 0 0 0 0 0 0 0 0 0 0 0 0 0 0 0 0 0 0 0 0 0 0 0 0 0 0 0 0 0 0 0 0 0 0 0 0 0 0 0 0 0 0 0 0 0 0 0 0 0 0 0 0 0 0 0 0 0 0 0 0 0 0 0 0 data 115 0x40005 0x0 0x0 0x234d1d0a6a0 0x7ff4 0x0 0x0 0x70005 0x0 0x0 0x234c68a4a30 0x7ff4 0x0 0x0 0xd0007 0x194 0x20 0x7e60 0x160005 0x0 0x0 0x234d1d0a6a0 0x194 0x0 0x0 0x1a0005 0x0 0x0 0x234c68a4a30 0x194 0x0 0x0 0x1f0004 0x0 0x0 0x234ca318dd0 0x194 0x0 0x0 0x220005 0x0 0x0 0x234ca318dd0 0x194 0x0 0x0 0x2d0005 0x0 0x0 0x234d1d0a6a0 0x194 0x0 0x0 0x300005 0x0 0x0 0x234c68a4a30 0x194 0x0 0x0 0x350007 0x0 0x170 0x194 0x3c0005 0x0 0x0 0x234d1d0a6a0 0x194 0x0 0x0 0x400005 0x0 0x0 0x234c68a4a30 0x194 0x0 0x0 0x450004 0x0 0x0 0x234ca318dd0 0x194 0x0 0x0 0x480005 0x0 0x0 0x234ca318dd0 0x194 0x0 0x0 0x4c0005 0x194 0x0 0x0 0x0 0x0 0x0 0x4f0007 0x0 0x20 0x194 0x570003 0x0 0xfffffffffffffe38 0x0 0x0 0x0 0x0 0x0 0x0 0x9 0x1 0x0 oops 12 3 org/hl7/fhir/r5/model/ElementDefinition 10 java/util/ArrayList 21 org/hl7/fhir/r5/model/ElementDefinition 28 java/util/ArrayList 35 org/hl7/fhir/r5/model/ElementDefinition$TypeRefComponent 42 org/hl7/fhir/r5/model/ElementDefinition$TypeRefComponent 49 org/hl7/fhir/r5/model/ElementDefinition 56 java/util/ArrayList 67 org/hl7/fhir/r5/model/ElementDefinition 74 java/util/ArrayList 81 org/hl7/fhir/r5/model/ElementDefinition$TypeRefComponent 88 org/hl7/fhir/r5/model/ElementDefinition$TypeRefComponent methods 0
ciMethodData org/hl7/fhir/utilities/xml/XMLUtil getFirstChild (Lorg/w3c/dom/Element;)Lorg/w3c/dom/Element; 1 325 orig 80 0 0 0 0 0 0 0 0 0 0 0 0 249 127 0 0 0 0 0 0 0 0 0 0 0 0 0 0 0 0 0 0 0 0 0 0 0 0 0 0 0 0 0 0 0 0 0 0 0 0 0 0 0 0 0 0 0 0 0 0 0 0 0 0 0 0 0 0 0 0 0 0 0 0 0 0 0 0 0 0 data 52 0x10007 0x33 0x20 0x0 0x70005 0x0 0x0 0x234d1d0a280 0x32 0x234d1d0a330 0x1 0xe0007 0x0 0xc8 0x66 0x120005 0x2 0x0 0x234d1d0a5f0 0x32 0x234d1d0a280 0x32 0x180007 0x33 0x70 0x33 0x1c0005 0x0 0x0 0x234d1d0a5f0 0x32 0x234d1d0a8b0 0x1 0x220003 0x33 0xffffffffffffff50 0x260004 0x0 0x0 0x234d1d0a280 0x32 0x234d1d0a330 0x1 0x0 0x0 0x0 0x0 0x0 0x0 0x9 0x1 0xffffffffffffffff oops 8 7 com/sun/org/apache/xerces/internal/dom/DeferredElementNSImpl 9 com/sun/org/apache/xerces/internal/dom/ElementNSImpl 18 com/sun/org/apache/xerces/internal/dom/DeferredTextImpl 20 com/sun/org/apache/xerces/internal/dom/DeferredElementNSImpl 29 com/sun/org/apache/xerces/internal/dom/DeferredTextImpl 31 com/sun/org/apache/xerces/internal/dom/TextImpl 39 com/sun/org/apache/xerces/internal/dom/DeferredElementNSImpl 41 com/sun/org/apache/xerces/internal/dom/ElementNSImpl methods 0
ciMethodData org/hl7/fhir/r5/elementmodel/Property isList ()Z 2 25199 orig 80 0 0 0 0 0 0 0 0 0 0 0 0 249 127 0 0 0 0 0 0 0 0 0 0 0 0 0 0 0 0 0 0 0 0 0 0 0 0 0 0 0 0 0 0 0 0 0 0 0 0 0 0 0 0 0 0 0 0 0 0 0 0 0 0 0 0 0 0 0 0 0 0 0 0 0 0 0 0 0 0 data 30 0x60005 0x0 0x0 0x234d1d0a6a0 0x5fea 0x0 0x0 0x90005 0x5fea 0x0 0x0 0x0 0x0 0x0 0xc0007 0x4b48 0x38 0x14a2 0x100003 0x14a2 0x18 0x0 0x0 0x0 0x0 0x0 0x0 0x9 0x1 0x0 oops 1 3 org/hl7/fhir/r5/model/ElementDefinition methods 0
ciMethodData org/hl7/fhir/r5/elementmodel/ParserBase logError (IILjava/lang/String;Lorg/hl7/fhir/utilities/validation/ValidationMessage$IssueType;Ljava/lang/String;Lorg/hl7/fhir/utilities/validation/ValidationMessage$IssueSeverity;)V 1 2 orig 80 0 0 0 0 0 0 0 0 0 0 0 0 249 127 0 0 0 0 0 0 0 0 0 0 0 0 0 0 0 0 0 0 0 0 0 0 0 0 0 0 0 0 0 0 0 0 0 0 0 0 0 0 0 0 0 0 0 0 0 0 0 0 0 0 0 0 0 0 0 0 0 0 0 0 0 0 0 0 0 0 data 92 0x40007 0x2 0x268 0x0 0xe0007 0x0 0x80 0x0 0x210002 0x0 0x2c0005 0x0 0x0 0x0 0x0 0x0 0x0 0x320003 0x0 0x1e0 0x3a0007 0x0 0x60 0x0 0x420007 0x0 0x1a8 0x0 0x4c0007 0x0 0x188 0x0 0x570002 0x0 0x5c0005 0x0 0x0 0x0 0x0 0x0 0x0 0x680002 0x0 0x6b0004 0x0 0x0 0x0 0x0 0x0 0x0 0x6f0002 0x0 0x720004 0x0 0x0 0x0 0x0 0x0 0x0 0x730002 0x0 0x760005 0x0 0x0 0x0 0x0 0x0 0x0 0x790005 0x0 0x0 0x0 0x0 0x0 0x0 0x7c0002 0x0 0x0 0x0 0x0 0x0 0x0 0x0 0x9 0x7 0x0 0x0 0x0 0xffffffffffffffff 0x0 0xffffffffffffffff 0x0 oops 0 methods 0
ciMethodData org/hl7/fhir/r5/elementmodel/Element <init> (Ljava/lang/String;Lorg/hl7/fhir/r5/elementmodel/Property;)V 2 9129 orig 80 0 0 0 0 0 0 0 0 0 0 0 0 249 127 0 0 0 0 0 0 0 0 0 0 0 0 0 0 0 0 0 0 0 0 0 0 0 0 0 0 0 0 0 0 0 0 0 0 0 0 0 0 0 0 0 0 0 0 0 0 0 0 0 0 0 0 0 0 0 0 0 0 0 0 0 0 0 0 0 0 data 11 0x10002 0x2224 0x0 0x0 0x0 0x0 0x9 0x3 0x1e8 0x0 0x0 oops 0 methods 0
ciMethodData org/hl7/fhir/r5/elementmodel/Element markLocation (II)Lorg/hl7/fhir/r5/elementmodel/Element; 2 9307 orig 80 0 0 0 0 0 0 0 0 0 0 0 0 249 127 0 0 0 0 0 0 0 0 0 0 0 0 0 0 0 0 0 0 0 0 0 0 0 0 0 0 0 0 0 0 0 0 0 0 0 0 0 0 0 0 0 0 0 0 0 0 0 0 0 0 0 0 0 0 0 0 0 0 0 0 0 0 0 0 0 0 data 9 0x0 0x0 0x0 0x0 0x9 0x3 0x18 0x0 0x0 oops 0 methods 0
ciMethodData org/hl7/fhir/r5/elementmodel/Element getChildren ()Ljava/util/List; 2 9266 orig 80 0 0 0 0 0 0 0 0 0 0 0 0 249 127 0 0 0 0 0 0 0 0 0 0 0 0 0 0 0 0 0 0 0 0 0 0 0 0 0 0 0 0 0 0 0 0 0 0 0 0 0 0 0 0 0 0 0 0 0 0 0 0 0 0 0 0 0 0 0 0 0 0 0 0 0 0 0 0 0 0 data 15 0x40007 0x1b09 0x30 0x7a7 0xc0002 0x7a7 0x0 0x0 0x0 0x0 0x0 0x0 0x9 0x1 0x80 oops 0 methods 0
ciMethodData org/hl7/fhir/r5/elementmodel/Element getType ()Ljava/lang/String; 2 2081 orig 80 0 0 0 0 0 0 0 0 0 0 0 0 249 127 0 0 0 0 0 0 0 0 0 0 0 0 0 0 0 0 0 0 0 0 0 0 0 0 0 0 0 0 0 0 0 0 0 0 0 0 0 0 0 0 0 0 0 0 0 0 0 0 0 0 0 0 0 0 0 0 0 0 0 0 0 0 0 0 0 0 data 20 0x40007 0x42 0x58 0x702 0xf0005 0x0 0x0 0x234d1d0a1d0 0x702 0x0 0x0 0x0 0x0 0x0 0x0 0x0 0x0 0x9 0x1 0x0 oops 1 7 org/hl7/fhir/r5/elementmodel/Property methods 0
ciMethodData org/hl7/fhir/utilities/xhtml/XhtmlParser <init> ()V 1 199 orig 80 0 0 0 0 0 0 0 0 0 0 0 0 249 127 0 0 0 0 0 0 0 0 0 0 0 0 0 0 0 0 0 0 0 0 0 0 0 0 0 0 0 0 0 0 0 0 0 0 0 0 0 0 0 0 0 0 0 0 0 0 0 0 0 0 0 0 0 0 0 0 0 0 0 0 0 0 0 0 0 0 data 905 0x10002 0x1c 0x90002 0x1c 0x140002 0x1c 0x1f0002 0x1c 0x4d0005 0x0 0x0 0x234cb4fada0 0x1c 0x0 0x0 0x590005 0x0 0x0 0x234cb4fada0 0x1c 0x0 0x0 0x650005 0x0 0x0 0x234cb4fada0 0x1c 0x0 0x0 0x710005 0x0 0x0 0x234cb4fada0 0x1c 0x0 0x0 0x7d0005 0x0 0x0 0x234cb4fada0 0x1c 0x0 0x0 0x890005 0x0 0x0 0x234cb4fada0 0x1c 0x0 0x0 0x950005 0x0 0x0 0x234cb4fada0 0x1c 0x0 0x0 0xa10005 0x0 0x0 0x234cb4fada0 0x1c 0x0 0x0 0xad0005 0x0 0x0 0x234cb4fada0 0x1c 0x0 0x0 0xb90005 0x0 0x0 0x234cb4fada0 0x1c 0x0 0x0 0xc50005 0x0 0x0 0x234cb4fada0 0x1c 0x0 0x0 0xd10005 0x0 0x0 0x234cb4fada0 0x1c 0x0 0x0 0xdd0005 0x0 0x0 0x234cb4fada0 0x1c 0x0 0x0 0xe90005 0x0 0x0 0x234cb4fada0 0x1c 0x0 0x0 0xf50005 0x0 0x0 0x234cb4fada0 0x1c 0x0 0x0 0x1010005 0x0 0x0 0x234cb4fada0 0x1c 0x0 0x0 0x10d0005 0x0 0x0 0x234cb4fada0 0x1c 0x0 0x0 0x1190005 0x0 0x0 0x234cb4fada0 0x1c 0x0 0x0 0x1250005 0x0 0x0 0x234cb4fada0 0x1c 0x0 0x0 0x1310005 0x0 0x0 0x234cb4fada0 0x1c 0x0 0x0 0x13d0005 0x0 0x0 0x234cb4fada0 0x1c 0x0 0x0 0x1490005 0x0 0x0 0x234cb4fada0 0x1c 0x0 0x0 0x1550005 0x0 0x0 0x234cb4fada0 0x1c 0x0 0x0 0x1610005 0x0 0x0 0x234cb4fada0 0x1c 0x0 0x0 0x16d0005 0x0 0x0 0x234cb4fada0 0x1c 0x0 0x0 0x1790005 0x0 0x0 0x234cb4fada0 0x1c 0x0 0x0 0x1850005 0x0 0x0 0x234cb4fada0 0x1c 0x0 0x0 0x1910005 0x0 0x0 0x234cb4fada0 0x1c 0x0 0x0 0x19d0005 0x0 0x0 0x234cb4fada0 0x1c 0x0 0x0 0x1a90005 0x0 0x0 0x234cb4fada0 0x1c 0x0 0x0 0x1b50005 0x0 0x0 0x234cb4fada0 0x1c 0x0 0x0 0x1c10005 0x0 0x0 0x234cb4fada0 0x1c 0x0 0x0 0x1cd0005 0x0 0x0 0x234cb4fada0 0x1c 0x0 0x0 0x1d90005 0x0 0x0 0x234cb4fada0 0x1c 0x0 0x0 0x1e50005 0x0 0x0 0x234cb4fada0 0x1c 0x0 0x0 0x1f10005 0x0 0x0 0x234cb4fada0 0x1c 0x0 0x0 0x1fd0005 0x0 0x0 0x234cb4fada0 0x1c 0x0 0x0 0x2090005 0x0 0x0 0x234cb4fada0 0x1c 0x0 0x0 0x2150005 0x0 0x0 0x234cb4fada0 0x1c 0x0 0x0 0x2210005 0x0 0x0 0x234cb4fada0 0x1c 0x0 0x0 0x22d0005 0x0 0x0 0x234cb4fada0 0x1c 0x0 0x0 0x2390005 0x0 0x0 0x234cb4fada0 0x1c 0x0 0x0 0x2450005 0x0 0x0 0x234cb4fada0 0x1c 0x0 0x0 0x2510005 0x0 0x0 0x234cb4fada0 0x1c 0x0 0x0 0x25d0005 0x0 0x0 0x234cb4fada0 0x1c 0x0 0x0 0x2690005 0x0 0x0 0x234cb4fada0 0x1c 0x0 0x0 0x2750005 0x0 0x0 0x234cb4fada0 0x1c 0x0 0x0 0x2810005 0x0 0x0 0x234cb4fada0 0x1c 0x0 0x0 0x28d0005 0x0 0x0 0x234cb4fada0 0x1c 0x0 0x0 0x2990005 0x0 0x0 0x234cb4fada0 0x1c 0x0 0x0 0x2a50005 0x0 0x0 0x234cb4fada0 0x1c 0x0 0x0 0x2b10005 0x0 0x0 0x234cb4fada0 0x1c 0x0 0x0 0x2bd0005 0x0 0x0 0x234cb4fada0 0x1c 0x0 0x0 0x2c90005 0x0 0x0 0x234cb4fada0 0x1c 0x0 0x0 0x2d50005 0x0 0x0 0x234cb4fada0 0x1c 0x0 0x0 0x2e10005 0x0 0x0 0x234cb4fada0 0x1c 0x0 0x0 0x2ed0005 0x0 0x0 0x234cb4fada0 0x1c 0x0 0x0 0x2f90005 0x0 0x0 0x234cb4fada0 0x1c 0x0 0x0 0x3050005 0x0 0x0 0x234cb4fada0 0x1c 0x0 0x0 0x3110005 0x0 0x0 0x234cb4fada0 0x1c 0x0 0x0 0x31d0005 0x0 0x0 0x234cb4fada0 0x1c 0x0 0x0 0x3290005 0x0 0x0 0x234cb4fada0 0x1c 0x0 0x0 0x3350005 0x0 0x0 0x234cb4fada0 0x1c 0x0 0x0 0x3410005 0x0 0x0 0x234cb4fada0 0x1c 0x0 0x0 0x34d0005 0x0 0x0 0x234cb4fada0 0x1c 0x0 0x0 0x3590005 0x0 0x0 0x234cb4fada0 0x1c 0x0 0x0 0x3650005 0x0 0x0 0x234cb4fada0 0x1c 0x0 0x0 0x3710005 0x0 0x0 0x234cb4fada0 0x1c 0x0 0x0 0x37d0005 0x0 0x0 0x234cb4fada0 0x1c 0x0 0x0 0x3890005 0x0 0x0 0x234cb4fada0 0x1c 0x0 0x0 0x3950005 0x0 0x0 0x234cb4fada0 0x1c 0x0 0x0 0x3a10005 0x0 0x0 0x234cb4fada0 0x1c 0x0 0x0 0x3ad0005 0x0 0x0 0x234cb4fada0 0x1c 0x0 0x0 0x3b90005 0x0 0x0 0x234cb4fada0 0x1c 0x0 0x0 0x3c50005 0x0 0x0 0x234cb4fada0 0x1c 0x0 0x0 0x3d10005 0x0 0x0 0x234cb4fada0 0x1c 0x0 0x0 0x3dd0005 0x0 0x0 0x234cb4fada0 0x1c 0x0 0x0 0x3e90005 0x0 0x0 0x234cb4fada0 0x1c 0x0 0x0 0x3f50005 0x0 0x0 0x234cb4fada0 0x1c 0x0 0x0 0x4010005 0x0 0x0 0x234cb4fada0 0x1c 0x0 0x0 0x40d0005 0x0 0x0 0x234cb4fada0 0x1c 0x0 0x0 0x4190005 0x0 0x0 0x234cb4fada0 0x1c 0x0 0x0 0x4250005 0x0 0x0 0x234cb4fada0 0x1c 0x0 0x0 0x4310005 0x0 0x0 0x234cb4fada0 0x1c 0x0 0x0 0x43d0005 0x0 0x0 0x234cb4fada0 0x1c 0x0 0x0 0x4490005 0x0 0x0 0x234cb4fada0 0x1c 0x0 0x0 0x4550005 0x0 0x0 0x234cb4fada0 0x1c 0x0 0x0 0x4610005 0x0 0x0 0x234cb4fada0 0x1c 0x0 0x0 0x46d0005 0x0 0x0 0x234cb4fada0 0x1c 0x0 0x0 0x4790005 0x0 0x0 0x234cb4fada0 0x1c 0x0 0x0 0x4850005 0x0 0x0 0x234cb4fada0 0x1c 0x0 0x0 0x4910005 0x0 0x0 0x234cb4fada0 0x1c 0x0 0x0 0x49d0005 0x0 0x0 0x234cb4fada0 0x1c 0x0 0x0 0x4a90005 0x0 0x0 0x234cb4fada0 0x1c 0x0 0x0 0x4b50005 0x0 0x0 0x234cb4fada0 0x1c 0x0 0x0 0x4c10005 0x0 0x0 0x234cb4fada0 0x1c 0x0 0x0 0x4cd0005 0x0 0x0 0x234cb4fada0 0x1c 0x0 0x0 0x4d90005 0x0 0x0 0x234cb4fada0 0x1c 0x0 0x0 0x4e50005 0x0 0x0 0x234cb4fada0 0x1c 0x0 0x0 0x4f10005 0x0 0x0 0x234cb4fada0 0x1c 0x0 0x0 0x4fd0005 0x0 0x0 0x234cb4fada0 0x1c 0x0 0x0 0x5090005 0x0 0x0 0x234cb4fada0 0x1c 0x0 0x0 0x5150005 0x0 0x0 0x234cb4fada0 0x1c 0x0 0x0 0x5210005 0x0 0x0 0x234cb4fada0 0x1c 0x0 0x0 0x52d0005 0x0 0x0 0x234cb4fada0 0x1c 0x0 0x0 0x5390005 0x0 0x0 0x234cb4fada0 0x1c 0x0 0x0 0x5450005 0x0 0x0 0x234cb4fada0 0x1c 0x0 0x0 0x5510005 0x0 0x0 0x234cb4fada0 0x1c 0x0 0x0 0x55d0005 0x0 0x0 0x234cb4fada0 0x1c 0x0 0x0 0x5690005 0x0 0x0 0x234cb4fada0 0x1c 0x0 0x0 0x5750005 0x0 0x0 0x234cb4fada0 0x1c 0x0 0x0 0x5810005 0x0 0x0 0x234cb4fada0 0x1c 0x0 0x0 0x5880002 0x1c 0x0 0x0 0x0 0x0 0x0 0x0 0x0 0x0 0x0 0x0 0x0 0x0 0x0 0x0 0x0 0x0 0x0 0x0 0x0 0x0 0x0 0x0 0x0 0x0 0x0 0x0 0x0 0x0 0x0 0x0 0x0 0x0 0x0 0x0 0x0 0x0 0x0 0x0 0x0 0x0 0x0 0x0 0x0 0x0 0x0 0x0 0x0 0x0 0x0 0x0 0x0 0x0 0x0 0x0 0x0 0x0 0x0 0x0 0x0 0x0 0x0 0x0 0x0 0x0 0x0 0x0 0x0 0x0 0x0 0x0 0x0 0x0 0x0 0x0 0x0 0x0 0x0 0x0 0x0 0x0 0x0 0x0 0x0 0x0 0x0 0x0 0x0 0x0 0x0 0x0 0x0 0x0 0x0 0x0 0x0 0x0 0x0 0x0 0x0 0x0 0x0 0x0 0x0 0x0 0x0 0x0 0x0 0x0 0x9 0x1 0x0 oops 112 11 java/util/HashSet 18 java/util/HashSet 25 java/util/HashSet 32 java/util/HashSet 39 java/util/HashSet 46 java/util/HashSet 53 java/util/HashSet 60 java/util/HashSet 67 java/util/HashSet 74 java/util/HashSet 81 java/util/HashSet 88 java/util/HashSet 95 java/util/HashSet 102 java/util/HashSet 109 java/util/HashSet 116 java/util/HashSet 123 java/util/HashSet 130 java/util/HashSet 137 java/util/HashSet 144 java/util/HashSet 151 java/util/HashSet 158 java/util/HashSet 165 java/util/HashSet 172 java/util/HashSet 179 java/util/HashSet 186 java/util/HashSet 193 java/util/HashSet 200 java/util/HashSet 207 java/util/HashSet 214 java/util/HashSet 221 java/util/HashSet 228 java/util/HashSet 235 java/util/HashSet 242 java/util/HashSet 249 java/util/HashSet 256 java/util/HashSet 263 java/util/HashSet 270 java/util/HashSet 277 java/util/HashSet 284 java/util/HashSet 291 java/util/HashSet 298 java/util/HashSet 305 java/util/HashSet 312 java/util/HashSet 319 java/util/HashSet 326 java/util/HashSet 333 java/util/HashSet 340 java/util/HashSet 347 java/util/HashSet 354 java/util/HashSet 361 java/util/HashSet 368 java/util/HashSet 375 java/util/HashSet 382 java/util/HashSet 389 java/util/HashSet 396 java/util/HashSet 403 java/util/HashSet 410 java/util/HashSet 417 java/util/HashSet 424 java/util/HashSet 431 java/util/HashSet 438 java/util/HashSet 445 java/util/HashSet 452 java/util/HashSet 459 java/util/HashSet 466 java/util/HashSet 473 java/util/HashSet 480 java/util/HashSet 487 java/util/HashSet 494 java/util/HashSet 501 java/util/HashSet 508 java/util/HashSet 515 java/util/HashSet 522 java/util/HashSet 529 java/util/HashSet 536 java/util/HashSet 543 java/util/HashSet 550 java/util/HashSet 557 java/util/HashSet 564 java/util/HashSet 571 java/util/HashSet 578 java/util/HashSet 585 java/util/HashSet 592 java/util/HashSet 599 java/util/HashSet 606 java/util/HashSet 613 java/util/HashSet 620 java/util/HashSet 627 java/util/HashSet 634 java/util/HashSet 641 java/util/HashSet 648 java/util/HashSet 655 java/util/HashSet 662 java/util/HashSet 669 java/util/HashSet 676 java/util/HashSet 683 java/util/HashSet 690 java/util/HashSet 697 java/util/HashSet 704 java/util/HashSet 711 java/util/HashSet 718 java/util/HashSet 725 java/util/HashSet 732 java/util/HashSet 739 java/util/HashSet 746 java/util/HashSet 753 java/util/HashSet 760 java/util/HashSet 767 java/util/HashSet 774 java/util/HashSet 781 java/util/HashSet 788 java/util/HashSet methods 0
ciMethodData org/hl7/fhir/utilities/xhtml/XhtmlParser setValidatorMode (Z)Lorg/hl7/fhir/utilities/xhtml/XhtmlParser; 1 15 orig 80 0 0 0 0 0 0 0 0 0 0 0 0 249 127 0 0 0 0 0 0 0 0 0 0 0 0 0 0 0 0 0 0 0 0 0 0 0 0 0 0 0 0 0 0 0 0 0 0 0 0 0 0 0 0 0 0 0 0 0 0 0 0 0 0 0 0 0 0 0 0 0 0 0 0 0 0 0 0 0 0 data 8 0x0 0x0 0x0 0x0 0x9 0x2 0x8 0x0 oops 0 methods 0
ciMethodData org/hl7/fhir/r5/elementmodel/Element setXhtml (Lorg/hl7/fhir/utilities/xhtml/XhtmlNode;)Lorg/hl7/fhir/r5/elementmodel/Element; 1 15 orig 80 0 0 0 0 0 0 0 0 0 0 0 0 249 127 0 0 0 0 0 0 0 0 0 0 0 0 0 0 0 0 0 0 0 0 0 0 0 0 0 0 0 0 0 0 0 0 0 0 0 0 0 0 0 0 0 0 0 0 0 0 0 0 0 0 0 0 0 0 0 0 0 0 0 0 0 0 0 0 0 0 data 8 0x0 0x0 0x0 0x0 0x9 0x2 0x200 0x0 oops 0 methods 0
ciMethod org/hl7/fhir/r5/elementmodel/XmlParser line (Lorg/w3c/dom/Node;)I 3428 0 16058 0 0
ciMethod org/hl7/fhir/r5/elementmodel/XmlParser col (Lorg/w3c/dom/Node;)I 3424 0 16058 0 0
ciMethod org/hl7/fhir/r5/elementmodel/XmlParser pathPrefix (Ljava/lang/String;)Ljava/lang/String; 1096 0 14091 0 0
ciMethod org/hl7/fhir/r5/elementmodel/XmlParser empty (Lorg/w3c/dom/Element;)Z 13916 2790 7040 0 -1
ciMethod org/hl7/fhir/r5/elementmodel/XmlParser checkElement (Lorg/w3c/dom/Element;Ljava/lang/String;Lorg/hl7/fhir/r5/elementmodel/Property;)V 15122 0 14089 0 0
ciMethod org/hl7/fhir/r5/elementmodel/XmlParser parseChildren (Ljava/lang/String;Lorg/w3c/dom/Element;Lorg/hl7/fhir/r5/elementmodel/Element;)V 15110 45530 14089 0 -1
ciMethod org/hl7/fhir/r5/elementmodel/XmlParser validAttrValue (Ljava/lang/String;)Z 882 0 10745 0 1280
ciMethod org/hl7/fhir/r5/elementmodel/XmlParser getElementProp (Ljava/util/List;Ljava/lang/String;Ljava/lang/String;)Lorg/hl7/fhir/r5/elementmodel/Property; 1034 6126 7505 0 25184
ciMethod org/hl7/fhir/r5/elementmodel/XmlParser getAttrProp (Ljava/util/List;Ljava/lang/String;Ljava/lang/String;)Lorg/hl7/fhir/r5/elementmodel/Property; 876 4538 11246 0 11904
ciMethod org/hl7/fhir/r5/elementmodel/XmlParser getTextProp (Ljava/util/List;)Lorg/hl7/fhir/r5/elementmodel/Property; 0 0 1 0 -1
ciMethod org/hl7/fhir/r5/elementmodel/XmlParser convertForDateFormatFromExternal (Ljava/lang/String;Ljava/lang/String;)Ljava/lang/String; 0 0 1 0 -1
ciMethod org/hl7/fhir/r5/elementmodel/XmlParser parseResource (Ljava/lang/String;Lorg/w3c/dom/Element;Lorg/hl7/fhir/r5/elementmodel/Element;Lorg/hl7/fhir/r5/elementmodel/Property;)V 2 0 2 0 0
ciMethod org/hl7/fhir/r5/elementmodel/XmlParser reapComments (Lorg/w3c/dom/Element;Lorg/hl7/fhir/r5/elementmodel/Element;)V 996 2050 14089 0 0
ciMethod org/hl7/fhir/r5/elementmodel/XmlParser hasTypeAttr (Lorg/hl7/fhir/r5/elementmodel/Element;)Z 0 0 1 0 -1
ciMethod org/hl7/fhir/r5/elementmodel/XmlParser$1 <init> (Lorg/hl7/fhir/r5/elementmodel/XmlParser;)V 1034 0 7505 0 -1
ciMethod org/hl7/fhir/r5/elementmodel/Element$SpecialElement fromProperty (Lorg/hl7/fhir/r5/elementmodel/Property;)Lorg/hl7/fhir/r5/elementmodel/Element$SpecialElement; 4 0 2 0 -1
ciMethodData org/hl7/fhir/r5/model/ElementDefinition hasRepresentation (Lorg/hl7/fhir/r5/model/ElementDefinition$PropertyRepresentation;)Z 2 7682 orig 80 0 0 0 0 0 0 0 0 0 0 0 0 249 127 0 0 0 0 0 0 0 0 0 0 0 0 0 0 0 0 0 0 0 0 0 0 0 0 0 0 0 0 0 0 0 0 0 0 0 0 0 0 0 0 0 0 0 0 0 0 0 0 0 0 0 0 0 0 0 0 0 0 0 0 0 0 0 0 0 0 data 74 0x40007 0x1cbf 0x20 0x0 0xd0005 0x0 0x0 0x234c68a4a30 0x1cbf 0x0 0x0 0x140005 0x0 0x0 0x234d129c860 0x1cbf 0x0 0x0 0x190007 0x190b 0x170 0x3b4 0x1d0005 0x0 0x0 0x234d129c860 0x3b4 0x0 0x0 0x220004 0x0 0x0 0x234cb4f5ae0 0x3b4 0x0 0x0 0x270005 0x0 0x0 0x234cb4f5ae0 0x3b4 0x0 0x0 0x2a0004 0x0 0x0 0x234cb6d1400 0x3b4 0x0 0x0 0x2e0005 0x3b4 0x0 0x0 0x0 0x0 0x0 0x310007 0x0 0x20 0x3b4 0x360003 0x0 0xfffffffffffffe70 0x0 0x0 0x0 0x0 0x0 0x0 0x9 0x2 0x0 0x0 oops 6 7 java/util/ArrayList 14 java/util/ArrayList$Itr 25 java/util/ArrayList$Itr 32 org/hl7/fhir/r5/model/Enumeration 39 org/hl7/fhir/r5/model/Enumeration 46 org/hl7/fhir/r5/model/ElementDefinition$PropertyRepresentation methods 0
ciMethodData org/hl7/fhir/utilities/Utilities existsInList (I[I)Z 2 18493 orig 80 0 0 0 0 0 0 0 0 0 0 0 0 249 127 0 0 0 0 0 0 0 0 0 0 0 0 0 0 0 0 0 0 0 0 0 0 0 0 0 0 0 0 0 0 0 0 0 0 0 0 0 0 0 0 0 0 0 0 0 0 0 0 0 0 0 0 0 0 0 0 0 0 0 0 0 0 0 0 0 0 data 19 0xb0007 0x0 0x58 0x46bc 0x170007 0x0 0x20 0x46bc 0x1f0003 0x0 0xffffffffffffffc0 0x0 0x0 0x0 0x0 0x9 0x2 0x0 0x0 oops 0 methods 0
ciMethodData org/hl7/fhir/r5/elementmodel/Property isResource ()Z 2 15279 orig 80 0 0 0 0 0 0 0 0 0 0 0 0 249 127 0 0 0 0 0 0 0 0 0 0 0 0 0 0 0 0 0 0 0 0 0 0 0 0 0 0 0 0 0 0 0 0 0 0 0 0 0 0 0 0 0 0 0 0 0 0 0 0 0 0 0 0 0 0 0 0 0 0 0 0 0 0 0 0 0 0 data 158 0x40005 0x0 0x0 0x234d1d0a6a0 0x3aad 0x0 0x0 0x70005 0x0 0x0 0x234c68a4a30 0x3aad 0x0 0x0 0xc0007 0x0 0x338 0x3aad 0x130005 0x0 0x0 0x234d1d0a6a0 0x3aad 0x0 0x0 0x160005 0x0 0x0 0x234c68a4a30 0x3aad 0x0 0x0 0x1c0007 0xa0 0x2a8 0x3a0d 0x250005 0x0 0x0 0x234d1d0a6a0 0x3a0d 0x0 0x0 0x290005 0x0 0x0 0x234c68a4a30 0x3a0d 0x0 0x0 0x2e0004 0x0 0x0 0x234ca318dd0 0x3a0d 0x0 0x0 0x310005 0x0 0x0 0x234ca318dd0 0x3a0d 0x0 0x0 0x340005 0x3a0d 0x0 0x0 0x0 0x0 0x0 0x370007 0x1 0x158 0x3a0c 0x400005 0x0 0x0 0x234d1d0a6a0 0x3a0c 0x0 0x0 0x440005 0x0 0x0 0x234c68a4a30 0x3a0c 0x0 0x0 0x490004 0x0 0x0 0x234ca318dd0 0x3a0c 0x0 0x0 0x4c0005 0x0 0x0 0x234ca318dd0 0x3a0c 0x0 0x0 0x4f0005 0x3a0c 0x0 0x0 0x0 0x0 0x0 0x520007 0x3a0c 0x38 0x0 0x560003 0x1 0x18 0x5f0005 0x0 0x0 0x0 0x0 0x0 0x0 0x640005 0x0 0x0 0x0 0x0 0x0 0x0 0x670007 0x0 0x90 0x0 0x6e0005 0x0 0x0 0x0 0x0 0x0 0x0 0x740007 0x0 0x38 0x0 0x780003 0x0 0x18 0x0 0x0 0x0 0x0 0x0 0x0 0x9 0x1 0x0 oops 12 3 org/hl7/fhir/r5/model/ElementDefinition 10 java/util/ArrayList 21 org/hl7/fhir/r5/model/ElementDefinition 28 java/util/ArrayList 39 org/hl7/fhir/r5/model/ElementDefinition 46 java/util/ArrayList 53 org/hl7/fhir/r5/model/ElementDefinition$TypeRefComponent 60 org/hl7/fhir/r5/model/ElementDefinition$TypeRefComponent 78 org/hl7/fhir/r5/model/ElementDefinition 85 java/util/ArrayList 92 org/hl7/fhir/r5/model/ElementDefinition$TypeRefComponent 99 org/hl7/fhir/r5/model/ElementDefinition$TypeRefComponent methods 0
ciMethod org/hl7/fhir/utilities/xhtml/XhtmlComposer <init> (ZZ)V 2 0 13 0 0
ciMethodData org/hl7/fhir/r5/elementmodel/Property getChildProperties (Ljava/lang/String;Ljava/lang/String;)Ljava/util/List; 2 73730 orig 80 0 0 0 0 0 0 0 0 0 0 0 0 249 127 0 0 0 0 0 0 0 0 0 0 0 0 0 0 0 0 0 0 0 0 0 0 0 0 0 0 0 0 0 0 0 0 0 0 0 0 0 0 0 0 0 0 0 0 0 0 0 0 0 0 0 0 0 0 0 0 0 0 0 0 0 0 0 0 0 0 data 885 0x120005 0x0 0x0 0x234cde8c7d0 0x3a70 0x0 0x0 0x1c0005 0x0 0x0 0x234c68a4a30 0x3a70 0x0 0x0 0x210007 0x2f5a 0x50 0xb16 0x280002 0xb16 0x2b0007 0xb16 0x18e0 0x0 0x320005 0x0 0x0 0x234d1d0a6a0 0x2f5a 0x0 0x0 0x350005 0x0 0x0 0x234c68a4a30 0x2f5a 0x0 0x0 0x3b0007 0x79 0x118 0x2ee1 0x3f0005 0x0 0x0 0x234d1d0a6a0 0x2ee1 0x0 0x0 0x430005 0x0 0x0 0x234c68a4a30 0x2ee1 0x0 0x0 0x480004 0x0 0x0 0x234ca318dd0 0x2ee1 0x0 0x0 0x4b0005 0x0 0x0 0x234ca318dd0 0x2ee1 0x0 0x0 0x500003 0x2ee1 0xce8 0x540005 0x0 0x0 0x234d1d0a6a0 0x79 0x0 0x0 0x570005 0x0 0x0 0x234c68a4a30 0x79 0x0 0x0 0x5c0007 0x79 0x158 0x0 0x670002 0x0 0x6c0005 0x0 0x0 0x0 0x0 0x0 0x0 0x700005 0x0 0x0 0x0 0x0 0x0 0x0 0x730005 0x0 0x0 0x0 0x0 0x0 0x0 0x760005 0x0 0x0 0x0 0x0 0x0 0x0 0x790005 0x0 0x0 0x0 0x0 0x0 0x0 0x7c0002 0x0 0x810005 0x0 0x0 0x234d1d0a6a0 0x79 0x0 0x0 0x850005 0x0 0x0 0x234c68a4a30 0x79 0x0 0x0 0x8a0004 0x0 0x0 0x234ca318dd0 0x79 0x0 0x0 0x8d0005 0x0 0x0 0x234ca318dd0 0x79 0x0 0x0 0x960005 0x0 0x0 0x234d1d0a6a0 0x79 0x0 0x0 0x990005 0x0 0x0 0x234c68a4a30 0x79 0x0 0x0 0xa20005 0x0 0x0 0x234d129c860 0xf2 0x0 0x0 0xa70007 0x0 0x150 0xf2 0xac0005 0x0 0x0 0x234d129c860 0xf2 0x0 0x0 0xb10004 0x0 0x0 0x234ca318dd0 0xf2 0x0 0x0 0xb80005 0x0 0x0 0x234ca318dd0 0xf2 0x0 0x0 0xbd0005 0xf2 0x0 0x0 0x0 0x0 0x0 0xc00007 0x79 0x38 0x79 0xc60003 0x79 0x30 0xc90003 0x79 0xfffffffffffffe90 0xce0007 0x0 0x830 0x79 0xd50005 0x0 0x0 0x234d1d0a6a0 0x79 0x0 0x0 0xd80007 0x79 0x6a8 0x0 0xe00007 0x0 0x60 0x0 0xe60002 0x0 0xe90007 0x0 0x30 0x0 0xef0002 0x0 0xf80005 0x0 0x0 0x0 0x0 0x0 0x0 0xfb0005 0x0 0x0 0x0 0x0 0x0 0x0 0x1040005 0x0 0x0 0x0 0x0 0x0 0x0 0x1090007 0x0 0x368 0x0 0x10e0005 0x0 0x0 0x0 0x0 0x0 0x0 0x1130004 0x0 0x0 0x0 0x0 0x0 0x0 0x11a0005 0x0 0x0 0x0 0x0 0x0 0x0 0x11f0005 0x0 0x0 0x0 0x0 0x0 0x0 0x1220007 0x0 0x20 0x0 0x12a0005 0x0 0x0 0x0 0x0 0x0 0x0 0x12d0002 0x0 0x1300007 0x0 0x1b0 0x0 0x13b0005 0x0 0x0 0x0 0x0 0x0 0x0 0x13e0005 0x0 0x0 0x0 0x0 0x0 0x0 0x1430004 0x0 0x0 0x0 0x0 0x0 0x0 0x14a0007 0x0 0xe8 0x0 0x14f0005 0x0 0x0 0x0 0x0 0x0 0x0 0x1540005 0x0 0x0 0x0 0x0 0x0 0x0 0x1570007 0x0 0x58 0x0 0x15c0005 0x0 0x0 0x0 0x0 0x0 0x0 0x1660007 0x0 0x38 0x0 0x1690003 0x0 0x30 0x16c0003 0x0 0xfffffffffffffc78 0x1710007 0x0 0x200 0x0 0x17c0002 0x0 0x1810005 0x0 0x0 0x0 0x0 0x0 0x0 0x1860005 0x0 0x0 0x0 0x0 0x0 0x0 0x18b0005 0x0 0x0 0x0 0x0 0x0 0x0 0x18f0005 0x0 0x0 0x0 0x0 0x0 0x0 0x1940005 0x0 0x0 0x0 0x0 0x0 0x0 0x19b0005 0x0 0x0 0x0 0x0 0x0 0x0 0x19e0005 0x0 0x0 0x0 0x0 0x0 0x0 0x1a10005 0x0 0x0 0x0 0x0 0x0 0x0 0x1a40002 0x0 0x1a80003 0x0 0x148 0x1ae0005 0x0 0x0 0x234d1d0a6a0 0x79 0x0 0x0 0x1b10002 0x79 0x1b40005 0x79 0x0 0x0 0x0 0x0 0x0 0x1b90005 0x79 0x0 0x0 0x0 0x0 0x0 0x1c20002 0x79 0x1c50005 0x0 0x0 0x234d1d0a1d0 0x79 0x0 0x0 0x1c80007 0x13 0x30 0x66 0x1ce0002 0x66 0x1d70005 0x2f5a 0x0 0x0 0x0 0x0 0x0 0x1da0007 0x0 0xa30 0x2f5a 0x1de0005 0x0 0x0 0x234d1d0a6a0 0x2f5a 0x0 0x0 0x1e10005 0x0 0x0 0x234c68a4a30 0x2f5a 0x0 0x0 0x1ea0005 0x0 0x0 0x234d129c860 0x3498 0x0 0x0 0x1ef0007 0x0 0x3e0 0x3498 0x1f40005 0x0 0x0 0x234d129c860 0x3498 0x0 0x0 0x1f90004 0x0 0x0 0x234ca318dd0 0x3498 0x0 0x0 0x2000005 0x0 0x0 0x234ca318dd0 0x3498 0x0 0x0 0x2050005 0x3498 0x0 0x0 0x0 0x0 0x0 0x2080007 0x53e 0x2c8 0x2f5a 0x20d0005 0x0 0x0 0x234ca318dd0 0x2f5a 0x0 0x0 0x2100007 0x2f5a 0x210 0x0 0x2160007 0x0 0xc0 0x0 0x21b0005 0x0 0x0 0x0 0x0 0x0 0x0 0x21e0005 0x0 0x0 0x0 0x0 0x0 0x0 0x2240007 0x0 0x30 0x0 0x22b0002 0x0 0x2310005 0x0 0x0 0x0 0x0 0x0 0x0 0x2350005 0x0 0x0 0x0 0x0 0x0 0x0 0x23a0004 0x0 0x0 0x0 0x0 0x0 0x0 0x23d0005 0x0 0x0 0x0 0x0 0x0 0x0 0x2400004 0x0 0x0 0x0 0x0 0x0 0x0 0x2450003 0x0 0x90 0x24e0005 0x0 0x0 0x234c9a53fb0 0x2f5a 0x0 0x0 0x2530002 0x2f5a 0x2580003 0x2f5a 0x30 0x25b0003 0x53e 0xfffffffffffffc00 0x2600007 0x2f5a 0x200 0x0 0x26b0002 0x0 0x2700005 0x0 0x0 0x0 0x0 0x0 0x0 0x2750005 0x0 0x0 0x0 0x0 0x0 0x0 0x27a0005 0x0 0x0 0x0 0x0 0x0 0x0 0x27e0005 0x0 0x0 0x0 0x0 0x0 0x0 0x2830005 0x0 0x0 0x0 0x0 0x0 0x0 0x2870005 0x0 0x0 0x0 0x0 0x0 0x0 0x28a0005 0x0 0x0 0x0 0x0 0x0 0x0 0x28d0005 0x0 0x0 0x0 0x0 0x0 0x0 0x2900002 0x0 0x29c0005 0x0 0x0 0x234c9a53fb0 0x2f5a 0x0 0x0 0x2a10004 0x0 0x0 0x234cde8c610 0x2f5a 0x0 0x0 0x2a80007 0x2f5a 0x200 0x0 0x2b30002 0x0 0x2b80005 0x0 0x0 0x0 0x0 0x0 0x0 0x2bd0005 0x0 0x0 0x0 0x0 0x0 0x0 0x2c20005 0x0 0x0 0x0 0x0 0x0 0x0 0x2c60005 0x0 0x0 0x0 0x0 0x0 0x0 0x2cb0005 0x0 0x0 0x0 0x0 0x0 0x0 0x2d20005 0x0 0x0 0x0 0x0 0x0 0x0 0x2d50005 0x0 0x0 0x0 0x0 0x0 0x0 0x2d80005 0x0 0x0 0x0 0x0 0x0 0x0 0x2db0002 0x0 0x2e70005 0x0 0x0 0x234cde8c610 0x2f5a 0x0 0x0 0x2ea0005 0x0 0x0 0x234ca31c150 0x2f5a 0x0 0x0 0x2ee0005 0x0 0x0 0x234c68a4a30 0x2f5a 0x0 0x0 0x2f30004 0x0 0x0 0x234d1d0a6a0 0x2f5a 0x0 0x0 0x2f60005 0x0 0x0 0x234cde8c7d0 0x2f5a 0x0 0x0 0x2ff0002 0x3a70 0x3060005 0x0 0x0 0x234c68a4a30 0x3a70 0x0 0x0 0x30f0005 0x0 0x0 0x234d129c860 0x1485e 0x0 0x0 0x3140007 0x3a70 0xf0 0x10dee 0x3190005 0x0 0x0 0x234d129c860 0x10dee 0x0 0x0 0x31e0004 0x0 0x0 0x234d1d0a6a0 0x10dee 0x0 0x0 0x3350002 0x10dee 0x3380005 0x0 0x0 0x234c68a4a30 0x10dee 0x0 0x0 0x33e0003 0x10dee 0xfffffffffffffef0 0x0 0x0 0x0 0x0 0x0 0x0 0x0 0x0 0x0 0x0 0x0 0x0 0x0 0x0 0x0 0x0 0x0 0x0 0x9 0x3 0x0 0x0 0x0 oops 43 3 org/hl7/fhir/r5/conformance/ProfileUtilities 10 java/util/ArrayList 27 org/hl7/fhir/r5/model/ElementDefinition 34 java/util/ArrayList 45 org/hl7/fhir/r5/model/ElementDefinition 52 java/util/ArrayList 59 org/hl7/fhir/r5/model/ElementDefinition$TypeRefComponent 66 org/hl7/fhir/r5/model/ElementDefinition$TypeRefComponent 76 org/hl7/fhir/r5/model/ElementDefinition 83 java/util/ArrayList 133 org/hl7/fhir/r5/model/ElementDefinition 140 java/util/ArrayList 147 org/hl7/fhir/r5/model/ElementDefinition$TypeRefComponent 154 org/hl7/fhir/r5/model/ElementDefinition$TypeRefComponent 161 org/hl7/fhir/r5/model/ElementDefinition 168 java/util/ArrayList 175 java/util/ArrayList$Itr 186 java/util/ArrayList$Itr 193 org/hl7/fhir/r5/model/ElementDefinition$TypeRefComponent 200 org/hl7/fhir/r5/model/ElementDefinition$TypeRefComponent 228 org/hl7/fhir/r5/model/ElementDefinition 448 org/hl7/fhir/r5/model/ElementDefinition 473 org/hl7/fhir/r5/elementmodel/Property 497 org/hl7/fhir/r5/model/ElementDefinition 504 java/util/ArrayList 511 java/util/ArrayList$Itr 522 java/util/ArrayList$Itr 529 org/hl7/fhir/r5/model/ElementDefinition$TypeRefComponent 536 org/hl7/fhir/r5/model/ElementDefinition$TypeRefComponent 554 org/hl7/fhir/r5/model/ElementDefinition$TypeRefComponent 627 org/hl7/fhir/r5/context/SimpleWorkerContext 706 org/hl7/fhir/r5/context/SimpleWorkerContext 713 org/hl7/fhir/r5/model/StructureDefinition 784 org/hl7/fhir/r5/model/StructureDefinition 791 org/hl7/fhir/r5/model/StructureDefinition$StructureDefinitionSnapshotComponent 798 java/util/ArrayList 805 org/hl7/fhir/r5/model/ElementDefinition 812 org/hl7/fhir/r5/conformance/ProfileUtilities 821 java/util/ArrayList 828 java/util/ArrayList$Itr 839 java/util/ArrayList$Itr 846 org/hl7/fhir/r5/model/ElementDefinition 855 java/util/ArrayList methods 0
ciMethodData org/hl7/fhir/r5/elementmodel/XmlParser line (Lorg/w3c/dom/Node;)I 2 16058 orig 80 0 0 0 0 0 0 0 0 0 0 0 0 249 127 0 0 0 0 0 0 0 0 0 0 0 0 0 0 0 0 0 0 0 0 0 0 0 0 0 0 0 0 0 0 0 0 0 0 0 0 0 0 0 0 0 0 0 0 0 0 0 0 0 0 0 0 0 0 0 0 0 0 0 0 0 0 0 0 0 0 data 45 0x10007 0x380e 0x38 0x0 0x50003 0x0 0x88 0xb0005 0x0 0x0 0x234d1d0a280 0x379e 0x234d1d0a330 0x70 0x100104 0x0 0x0 0x234ca0b5b50 0x70 0x0 0x0 0x150007 0x70 0x38 0x379e 0x190003 0x379e 0x50 0x1d0005 0x0 0x0 0x234ca0b5b50 0x70 0x0 0x0 0x0 0x0 0x0 0x0 0x0 0x0 0x9 0x2 0x0 0xffffffffffffffff oops 4 10 com/sun/org/apache/xerces/internal/dom/DeferredElementNSImpl 12 com/sun/org/apache/xerces/internal/dom/ElementNSImpl 17 org/hl7/fhir/r5/utils/formats/XmlLocationData 31 org/hl7/fhir/r5/utils/formats/XmlLocationData methods 0
ciMethodData org/hl7/fhir/r5/elementmodel/XmlParser col (Lorg/w3c/dom/Node;)I 2 16058 orig 80 0 0 0 0 0 0 0 0 0 0 0 0 249 127 0 0 0 0 0 0 0 0 0 0 0 0 0 0 0 0 0 0 0 0 0 0 0 0 0 0 0 0 0 0 0 0 0 0 0 0 0 0 0 0 0 0 0 0 0 0 0 0 0 0 0 0 0 0 0 0 0 0 0 0 0 0 0 0 0 0 data 45 0x10007 0x3810 0x38 0x0 0x50003 0x0 0x88 0xb0005 0x0 0x0 0x234d1d0a280 0x378a 0x234d1d0a330 0x86 0x100104 0x0 0x0 0x234ca0b5b50 0x86 0x0 0x0 0x150007 0x86 0x38 0x378a 0x190003 0x378a 0x50 0x1d0005 0x0 0x0 0x234ca0b5b50 0x86 0x0 0x0 0x0 0x0 0x0 0x0 0x0 0x0 0x9 0x2 0x0 0xffffffffffffffff oops 4 10 com/sun/org/apache/xerces/internal/dom/DeferredElementNSImpl 12 com/sun/org/apache/xerces/internal/dom/ElementNSImpl 17 org/hl7/fhir/r5/utils/formats/XmlLocationData 31 org/hl7/fhir/r5/utils/formats/XmlLocationData methods 0
ciMethodData org/hl7/fhir/r5/elementmodel/Property getXmlNamespace ()Ljava/lang/String; 2 16082 orig 80 0 0 0 0 0 0 0 0 0 0 0 0 249 127 0 0 0 0 0 0 0 0 0 0 0 0 0 0 0 0 0 0 0 0 0 0 0 0 0 0 0 0 0 0 0 0 0 0 0 0 0 0 0 0 0 0 0 0 0 0 0 0 0 0 0 0 0 0 0 0 0 0 0 0 0 0 0 0 0 0 data 25 0x60002 0x3c09 0x90007 0x3c09 0x30 0x0 0x120002 0x0 0x1c0002 0x3c09 0x1f0007 0x3c09 0x30 0x0 0x280002 0x0 0x0 0x0 0x0 0x0 0x0 0x0 0x9 0x1 0x0 oops 0 methods 0
ciMethodData org/hl7/fhir/r5/elementmodel/XmlParser reapComments (Lorg/w3c/dom/Element;Lorg/hl7/fhir/r5/elementmodel/Element;)V 2 23100 orig 80 0 0 0 0 0 0 0 0 0 0 0 0 249 127 0 0 0 0 0 0 0 0 0 0 0 0 0 0 0 0 0 0 0 0 0 0 0 0 0 0 0 0 0 0 0 0 0 0 0 0 0 0 0 0 0 0 0 0 0 0 0 0 0 0 0 0 0 0 0 0 0 0 0 0 0 0 0 0 0 0 data 153 0x10005 0x0 0x0 0x234d1d0a280 0x1b60 0x234d1d0a330 0x19b7 0x80007 0xb2d 0x1c8 0x5ee9 0xc0005 0x2dd5 0x0 0x234d1d0a5f0 0x1b53 0x234d1d0a280 0x15c1 0x120007 0x29ea 0x170 0x34ff 0x160005 0x0 0x0 0x234d1d0a5f0 0x1b53 0x234d1d0a8b0 0x19ac 0x1d0007 0x34ff 0xc8 0x0 0x210005 0x0 0x0 0x0 0x0 0x0 0x0 0x260005 0x0 0x0 0x0 0x0 0x0 0x0 0x2b0005 0x0 0x0 0x0 0x0 0x0 0x0 0x310005 0x0 0x0 0x234d1d0a5f0 0x1b53 0x234d1d0a8b0 0x19ac 0x370003 0x34ff 0xfffffffffffffe50 0x3b0005 0x0 0x0 0x234d1d0a280 0x1b60 0x234d1d0a330 0x19b7 0x420007 0x2a03 0xc8 0x1628 0x460005 0xb04 0x0 0x234d1d0a5f0 0x592 0x234d1d0a280 0x592 0x4c0007 0xb14 0x70 0xb14 0x500005 0x0 0x0 0x234d1d0a5f0 0x592 0x234d1d0a8b0 0x582 0x560003 0xb14 0xffffffffffffff50 0x5a0007 0x3517 0x170 0x1628 0x5e0005 0xb04 0x0 0x234d1d0a280 0x592 0x234d1d0a5f0 0x592 0x650007 0x1628 0xc8 0x0 0x690005 0x0 0x0 0x0 0x0 0x0 0x0 0x6d0005 0x0 0x0 0x0 0x0 0x0 0x0 0x720005 0x0 0x0 0x0 0x0 0x0 0x0 0x790005 0xb04 0x0 0x234d1d0a280 0x592 0x234d1d0a5f0 0x592 0x7f0003 0x1628 0xfffffffffffffea8 0x0 0x0 0x0 0x0 0x0 0x0 0x9 0x3 0x0 0x0 0x0 oops 18 3 com/sun/org/apache/xerces/internal/dom/DeferredElementNSImpl 5 com/sun/org/apache/xerces/internal/dom/ElementNSImpl 14 com/sun/org/apache/xerces/internal/dom/DeferredTextImpl 16 com/sun/org/apache/xerces/internal/dom/DeferredElementNSImpl 25 com/sun/org/apache/xerces/internal/dom/DeferredTextImpl 27 com/sun/org/apache/xerces/internal/dom/TextImpl 57 com/sun/org/apache/xerces/internal/dom/DeferredTextImpl 59 com/sun/org/apache/xerces/internal/dom/TextImpl 67 com/sun/org/apache/xerces/internal/dom/DeferredElementNSImpl 69 com/sun/org/apache/xerces/internal/dom/ElementNSImpl 78 com/sun/org/apache/xerces/internal/dom/DeferredTextImpl 80 com/sun/org/apache/xerces/internal/dom/DeferredElementNSImpl 89 com/sun/org/apache/xerces/internal/dom/DeferredTextImpl 91 com/sun/org/apache/xerces/internal/dom/TextImpl 103 com/sun/org/apache/xerces/internal/dom/DeferredElementNSImpl 105 com/sun/org/apache/xerces/internal/dom/DeferredTextImpl 135 com/sun/org/apache/xerces/internal/dom/DeferredElementNSImpl 137 com/sun/org/apache/xerces/internal/dom/DeferredTextImpl methods 0
ciMethodData org/hl7/fhir/r5/elementmodel/Property getType ()Ljava/lang/String; 2 15002 orig 80 0 0 0 0 0 0 0 0 0 0 0 0 249 127 0 0 0 0 0 0 0 0 0 0 0 0 0 0 0 0 0 0 0 0 0 0 0 0 0 0 0 0 0 0 0 0 0 0 0 0 0 0 0 0 0 0 0 0 0 0 0 0 0 0 0 0 0 0 0 0 0 0 0 0 0 0 0 0 0 0 data 163 0x40005 0x0 0x0 0x234d1d0a6a0 0x3894 0x0 0x0 0x70005 0x0 0x0 0x234c68a4a30 0x3894 0x0 0x0 0xc0007 0x3894 0x20 0x0 0x150005 0x0 0x0 0x234d1d0a6a0 0x3894 0x0 0x0 0x180005 0x0 0x0 0x234c68a4a30 0x3894 0x0 0x0 0x1e0007 0x3894 0x2f0 0x0 0x250005 0x0 0x0 0x0 0x0 0x0 0x0 0x290005 0x0 0x0 0x0 0x0 0x0 0x0 0x2e0004 0x0 0x0 0x0 0x0 0x0 0x0 0x310005 0x0 0x0 0x0 0x0 0x0 0x0 0x3c0005 0x0 0x0 0x0 0x0 0x0 0x0 0x3f0005 0x0 0x0 0x0 0x0 0x0 0x0 0x440007 0x0 0x180 0x0 0x4c0005 0x0 0x0 0x0 0x0 0x0 0x0 0x500005 0x0 0x0 0x0 0x0 0x0 0x0 0x550004 0x0 0x0 0x0 0x0 0x0 0x0 0x580005 0x0 0x0 0x0 0x0 0x0 0x0 0x5b0005 0x0 0x0 0x0 0x0 0x0 0x0 0x5e0007 0x0 0x30 0x0 0x670002 0x0 0x6e0003 0x0 0xfffffffffffffe28 0x770005 0x0 0x0 0x234d1d0a6a0 0x3894 0x0 0x0 0x7b0005 0x0 0x0 0x234c68a4a30 0x3894 0x0 0x0 0x800004 0x0 0x0 0x234ca318dd0 0x3894 0x0 0x0 0x830005 0x0 0x0 0x234ca318dd0 0x3894 0x0 0x0 0x0 0x0 0x0 0x0 0x0 0x0 0x9 0x1 0x0 oops 8 3 org/hl7/fhir/r5/model/ElementDefinition 10 java/util/ArrayList 21 org/hl7/fhir/r5/model/ElementDefinition 28 java/util/ArrayList 129 org/hl7/fhir/r5/model/ElementDefinition 136 java/util/ArrayList 143 org/hl7/fhir/r5/model/ElementDefinition$TypeRefComponent 150 org/hl7/fhir/r5/model/ElementDefinition$TypeRefComponent methods 0
ciMethod org/hl7/fhir/utilities/xhtml/XhtmlComposer compose (Lorg/hl7/fhir/utilities/xhtml/XhtmlNode;)Ljava/lang/String; 2 0 23 0 0
ciMethod org/hl7/fhir/utilities/xhtml/XhtmlComposer writeNode (Ljava/lang/String;Lorg/hl7/fhir/utilities/xhtml/XhtmlNode;Z)V 768 0 28810 0 -1
ciMethodData org/hl7/fhir/r5/elementmodel/XmlParser getElementProp (Ljava/util/List;Ljava/lang/String;Ljava/lang/String;)Lorg/hl7/fhir/r5/elementmodel/Property; 2 53412 orig 80 0 0 0 0 0 0 0 0 0 0 0 0 249 127 0 0 0 0 0 0 0 0 0 0 0 0 0 0 0 0 0 0 0 0 0 0 0 0 0 0 0 0 0 0 0 0 0 0 0 0 0 0 0 0 0 0 0 0 0 0 0 0 0 0 0 0 0 0 0 0 0 0 0 0 0 0 0 0 0 0 data 317 0x50002 0x1b4c 0x110002 0x1b4c 0x140002 0x1b4c 0x190005 0x0 0x0 0x234c68a4a30 0x1b4c 0x0 0x0 0x220005 0x0 0x0 0x234d129c860 0xdfab 0x0 0x0 0x270007 0x22 0x2e8 0xdf89 0x2c0005 0x0 0x0 0x234d129c860 0xdf89 0x0 0x0 0x310004 0x0 0x0 0x234d1d0a1d0 0xdf89 0x0 0x0 0x380005 0x0 0x0 0x234d1d0a1d0 0xdf89 0x0 0x0 0x3e0005 0x0 0x0 0x234d1d0a6a0 0xdf89 0x0 0x0 0x410007 0x26 0x1d0 0xdf63 0x460005 0x0 0x0 0x234d1d0a1d0 0xdf63 0x0 0x0 0x4c0005 0x0 0x0 0x234d1d0a6a0 0xdf63 0x0 0x0 0x4f0007 0x0 0x140 0xdf63 0x540005 0x0 0x0 0x234d1d0a1d0 0xdf63 0x0 0x0 0x580005 0xdf63 0x0 0x0 0x0 0x0 0x0 0x5b0007 0xc42d 0xb0 0x1b36 0x600005 0x0 0x0 0x234d1d0a1d0 0x1b36 0x0 0x0 0x640005 0x1b36 0x0 0x0 0x0 0x0 0x0 0x670007 0xc 0x20 0x1b2a 0x6d0003 0xc45f 0xfffffffffffffcf8 0x720005 0x0 0x0 0x234c68a4a30 0x22 0x0 0x0 0x7b0005 0x0 0x0 0x234d129c860 0x62 0x0 0x0 0x800007 0x0 0x590 0x62 0x850005 0x0 0x0 0x234d129c860 0x62 0x0 0x0 0x8a0004 0x0 0x0 0x234d1d0a1d0 0x62 0x0 0x0 0x910005 0x0 0x0 0x234d1d0a1d0 0x62 0x0 0x0 0x970005 0x0 0x0 0x234d1d0a6a0 0x62 0x0 0x0 0x9a0007 0x0 0x478 0x62 0x9f0005 0x0 0x0 0x234d1d0a1d0 0x62 0x0 0x0 0xa50005 0x0 0x0 0x234d1d0a6a0 0x62 0x0 0x0 0xa80007 0x0 0x3e8 0x62 0xad0005 0x0 0x0 0x234d1d0a1d0 0x62 0x0 0x0 0xb10005 0x62 0x0 0x0 0x0 0x0 0x0 0xb40007 0x56 0x20 0xc 0xbc0005 0x0 0x0 0x234d1d0a1d0 0x56 0x0 0x0 0xc10005 0x56 0x0 0x0 0x0 0x0 0x0 0xc40007 0x40 0x2c8 0x16 0xc80005 0x16 0x0 0x0 0x0 0x0 0x0 0xcd0005 0x0 0x0 0x234d1d0a1d0 0x16 0x0 0x0 0xd00005 0x16 0x0 0x0 0x0 0x0 0x0 0xd50007 0x0 0x200 0x16 0xda0005 0x0 0x0 0x234d1d0a1d0 0x16 0x0 0x0 0xe00005 0x0 0x0 0x234d1d0a1d0 0x16 0x0 0x0 0xe30005 0x16 0x0 0x0 0x0 0x0 0x0 0xe80005 0x16 0x0 0x0 0x0 0x0 0x0 0xef0005 0x0 0x0 0x234d1d0a1d0 0x16 0x0 0x0 0xf20005 0x16 0x0 0x0 0x0 0x0 0x0 0xf70005 0x16 0x0 0x0 0x0 0x0 0x0 0xfa0005 0x16 0x0 0x0 0x0 0x0 0x0 0xfd0007 0x0 0x20 0x16 0x1030003 0x40 0xfffffffffffffa50 0x0 0x0 0x0 0x0 0x0 0x0 0x9 0x4 0x0 0x0 0x0 0x0 oops 24 9 java/util/ArrayList 16 java/util/ArrayList$Itr 27 java/util/ArrayList$Itr 34 org/hl7/fhir/r5/elementmodel/Property 41 org/hl7/fhir/r5/elementmodel/Property 48 org/hl7/fhir/r5/model/ElementDefinition 59 org/hl7/fhir/r5/elementmodel/Property 66 org/hl7/fhir/r5/model/ElementDefinition 77 org/hl7/fhir/r5/elementmodel/Property 95 org/hl7/fhir/r5/elementmodel/Property 116 java/util/ArrayList 123 java/util/ArrayList$Itr 134 java/util/ArrayList$Itr 141 org/hl7/fhir/r5/elementmodel/Property 148 org/hl7/fhir/r5/elementmodel/Property 155 org/hl7/fhir/r5/model/ElementDefinition 166 org/hl7/fhir/r5/elementmodel/Property 173 org/hl7/fhir/r5/model/ElementDefinition 184 org/hl7/fhir/r5/elementmodel/Property 202 org/hl7/fhir/r5/elementmodel/Property 227 org/hl7/fhir/r5/elementmodel/Property 245 org/hl7/fhir/r5/elementmodel/Property 252 org/hl7/fhir/r5/elementmodel/Property 273 org/hl7/fhir/r5/elementmodel/Property methods 0
ciMethodData org/hl7/fhir/utilities/xml/XMLUtil getXsiType (Lorg/w3c/dom/Element;)Ljava/lang/String; 2 8004 orig 80 0 0 0 0 0 0 0 0 0 0 0 0 249 127 0 0 0 0 0 0 0 0 0 0 0 0 0 0 0 0 0 0 0 0 0 0 0 0 0 0 0 0 0 0 0 0 0 0 0 0 0 0 0 0 0 0 0 0 0 0 0 0 0 0 0 0 0 0 0 0 0 0 0 0 0 0 0 0 0 0 data 30 0x50005 0x0 0x0 0x234d1d0a280 0x1b2f 0x234d1d0a330 0x1f2 0xc0007 0x0 0x38 0x1d21 0x100003 0x1d21 0x50 0x140005 0x0 0x0 0x0 0x0 0x0 0x0 0x0 0x0 0x0 0x0 0x0 0x0 0x9 0x1 0x0 oops 2 3 com/sun/org/apache/xerces/internal/dom/DeferredElementNSImpl 5 com/sun/org/apache/xerces/internal/dom/ElementNSImpl methods 0
ciMethodData org/hl7/fhir/utilities/xml/XMLUtil getDirectText (Lorg/w3c/dom/Element;)Ljava/lang/String; 2 31186 orig 80 0 0 0 0 0 0 0 0 0 0 0 0 249 127 0 0 0 0 0 0 0 0 0 0 0 0 0 0 0 0 0 0 0 0 0 0 0 0 0 0 0 0 0 0 0 0 0 0 0 0 0 0 0 0 0 0 0 0 0 0 0 0 0 0 0 0 0 0 0 0 0 0 0 0 0 0 0 0 0 0 data 71 0x10005 0x0 0x0 0x234d1d0a280 0x1b2f 0x234d1d0a330 0x19b7 0xb0002 0x34e6 0x100007 0x34e6 0x138 0x74d0 0x140005 0x38ee 0x0 0x234d1d0a5f0 0x20b3 0x234d1d0a280 0x1b2f 0x1a0007 0x34e5 0x90 0x3feb 0x1f0005 0x0 0x0 0x234d1d0a5f0 0x20b3 0x234d1d0a8b0 0x1f38 0x240005 0x3feb 0x0 0x0 0x0 0x0 0x0 0x290005 0x38ee 0x0 0x234d1d0a5f0 0x20b3 0x234d1d0a280 0x1b2f 0x2f0003 0x74d0 0xfffffffffffffee0 0x330005 0x34e6 0x0 0x0 0x0 0x0 0x0 0x360005 0x34e6 0x0 0x0 0x0 0x0 0x0 0x0 0x0 0x0 0x0 0x0 0x0 0x9 0x1 0x0 oops 8 3 com/sun/org/apache/xerces/internal/dom/DeferredElementNSImpl 5 com/sun/org/apache/xerces/internal/dom/ElementNSImpl 16 com/sun/org/apache/xerces/internal/dom/DeferredTextImpl 18 com/sun/org/apache/xerces/internal/dom/DeferredElementNSImpl 27 com/sun/org/apache/xerces/internal/dom/DeferredTextImpl 29 com/sun/org/apache/xerces/internal/dom/TextImpl 41 com/sun/org/apache/xerces/internal/dom/DeferredTextImpl 43 com/sun/org/apache/xerces/internal/dom/DeferredElementNSImpl methods 0
ciMethodData org/hl7/fhir/r5/elementmodel/Element <init> (Ljava/lang/String;Lorg/hl7/fhir/r5/elementmodel/Property;Ljava/lang/String;Ljava/lang/String;)V 1 178 orig 80 0 0 0 0 0 0 0 0 0 0 0 0 249 127 0 0 0 0 0 0 0 0 0 0 0 0 0 0 0 0 0 0 0 0 0 0 0 0 0 0 0 0 0 0 0 0 0 0 0 0 0 0 0 0 0 0 0 0 0 0 0 0 0 0 0 0 0 0 0 0 0 0 0 0 0 0 0 0 0 0 data 13 0x10002 0x60 0x0 0x0 0x0 0x0 0x9 0x5 0x1e8 0x0 0x0 0x0 0x0 oops 0 methods 0
ciMethodData org/hl7/fhir/r5/elementmodel/XmlParser validAttrValue (Ljava/lang/String;)Z 2 124426 orig 80 0 0 0 0 0 0 0 0 0 0 0 0 249 127 0 0 0 0 0 0 0 0 0 0 0 0 0 0 0 0 0 0 0 0 0 0 0 0 0 0 0 0 0 0 0 0 0 0 0 0 0 0 0 0 0 0 0 0 0 0 0 0 0 0 0 0 0 0 0 0 0 0 0 0 0 0 0 0 0 0 data 49 0x40007 0x1285 0x20 0x15bb 0xf0005 0x1285 0x0 0x0 0x0 0x0 0x0 0x120007 0x0 0xe0 0x1285 0x180005 0x1285 0x0 0x0 0x0 0x0 0x0 0x270007 0x1285 0x88 0x1e60a 0x340007 0x1e60a 0x50 0x0 0x4b0002 0x0 0x4e0007 0x0 0x20 0x0 0x560003 0x1e60a 0xffffffffffffff90 0x0 0x0 0x0 0x0 0x0 0x0 0x9 0x2 0x0 0x0 oops 0 methods 0
ciMethodData org/hl7/fhir/r5/elementmodel/XmlParser getAttrProp (Ljava/util/List;Ljava/lang/String;Ljava/lang/String;)Lorg/hl7/fhir/r5/elementmodel/Property; 2 56395 orig 80 0 0 0 0 0 0 0 0 0 0 0 0 249 127 0 0 0 0 0 0 0 0 0 0 0 0 0 0 0 0 0 0 0 0 0 0 0 0 0 0 0 0 0 0 0 0 0 0 0 0 0 0 0 0 0 0 0 0 0 0 0 0 0 0 0 0 0 0 0 0 0 0 0 0 0 0 0 0 0 0 data 176 0x10005 0x0 0x0 0x234c68a4a30 0x2a38 0x0 0x0 0xa0005 0x0 0x0 0x234d129c860 0xa938 0x0 0x0 0xf0007 0x2a38 0x258 0x7f00 0x140005 0x0 0x0 0x234d129c860 0x7f00 0x0 0x0 0x190004 0x0 0x0 0x234d1d0a1d0 0x7f00 0x0 0x0 0x200005 0x0 0x0 0x234d1d0a1d0 0x7f00 0x0 0x0 0x240005 0x7f00 0x0 0x0 0x0 0x0 0x0 0x270007 0x54c8 0x140 0x2a38 0x2c0005 0x0 0x0 0x234d1d0a1d0 0x2a38 0x0 0x0 0x320005 0x0 0x0 0x234d1d0a6a0 0x2a38 0x0 0x0 0x350007 0x0 0xb0 0x2a38 0x3a0005 0x0 0x0 0x234d1d0a1d0 0x2a38 0x0 0x0 0x3e0005 0x2a38 0x0 0x0 0x0 0x0 0x0 0x410007 0x2a38 0x20 0x0 0x470003 0x7f00 0xfffffffffffffd88 0x4b0007 0x0 0x258 0x2a38 0x4f0005 0x0 0x0 0x234c68a4a30 0x2a38 0x0 0x0 0x580005 0x0 0x0 0x234d129c860 0x7ea6 0x0 0x0 0x5d0007 0x0 0x1c8 0x7ea6 0x620005 0x0 0x0 0x234d129c860 0x7ea6 0x0 0x0 0x670004 0x0 0x0 0x234d1d0a1d0 0x7ea6 0x0 0x0 0x6e0005 0x0 0x0 0x234d1d0a1d0 0x7ea6 0x0 0x0 0x720005 0x7ea6 0x0 0x0 0x0 0x0 0x0 0x750007 0x546e 0xb0 0x2a38 0x7a0005 0x0 0x0 0x234d1d0a1d0 0x2a38 0x0 0x0 0x800005 0x0 0x0 0x234d1d0a6a0 0x2a38 0x0 0x0 0x830007 0x0 0x20 0x2a38 0x890003 0x546e 0xfffffffffffffe18 0x0 0x0 0x0 0x0 0x0 0x0 0x9 0x4 0x0 0xffffffffffffffff 0x0 0x0 oops 15 3 java/util/ArrayList 10 java/util/ArrayList$Itr 21 java/util/ArrayList$Itr 28 org/hl7/fhir/r5/elementmodel/Property 35 org/hl7/fhir/r5/elementmodel/Property 53 org/hl7/fhir/r5/elementmodel/Property 60 org/hl7/fhir/r5/model/ElementDefinition 71 org/hl7/fhir/r5/elementmodel/Property 96 java/util/ArrayList 103 java/util/ArrayList$Itr 114 java/util/ArrayList$Itr 121 org/hl7/fhir/r5/elementmodel/Property 128 org/hl7/fhir/r5/elementmodel/Property 146 org/hl7/fhir/r5/elementmodel/Property 153 org/hl7/fhir/r5/model/ElementDefinition methods 0
ciMethodData org/hl7/fhir/r5/elementmodel/Element isPrimitive ()Z 2 11808 orig 80 0 0 0 0 0 0 0 0 0 0 0 0 249 127 0 0 0 0 0 0 0 0 0 0 0 0 0 0 0 0 0 0 0 0 0 0 0 0 0 0 0 0 0 0 0 0 0 0 0 0 0 0 0 0 0 0 0 0 0 0 0 0 0 0 0 0 0 0 0 0 0 0 0 0 0 0 0 0 0 0 data 37 0x40007 0x2c56 0x70 0x65 0xf0005 0x0 0x0 0x234d1d0a1d0 0x65 0x0 0x0 0x120003 0x65 0x88 0x210005 0x0 0x0 0x234d1d0a1d0 0x2c56 0x0 0x0 0x240005 0x0 0x0 0x234d1d0a1d0 0x2c56 0x0 0x0 0x0 0x0 0x0 0x0 0x0 0x0 0x9 0x1 0x0 oops 3 7 org/hl7/fhir/r5/elementmodel/Property 17 org/hl7/fhir/r5/elementmodel/Property 24 org/hl7/fhir/r5/elementmodel/Property methods 0
ciMethodData org/hl7/fhir/r5/elementmodel/XmlParser parseChildren (Ljava/lang/String;Lorg/w3c/dom/Element;Lorg/hl7/fhir/r5/elementmodel/Element;)V 2 42459 orig 80 0 0 0 0 0 0 0 0 0 0 0 0 249 127 0 0 0 0 0 0 0 0 0 0 0 0 0 0 0 0 0 0 0 0 0 0 0 0 0 0 0 0 0 0 0 0 0 0 0 0 0 0 0 0 0 0 0 0 0 0 0 0 0 0 0 0 0 0 0 0 0 0 0 0 0 0 0 0 0 0 data 1927 0x30002 0x1d21 0x70005 0x0 0x0 0x234d1d05c20 0x1d21 0x0 0x0 0xb0005 0x0 0x0 0x234d1d05c20 0x1d21 0x0 0x0 0xf0002 0x1d21 0x120005 0x0 0x0 0x234d1d0a1d0 0x1d21 0x0 0x0 0x180002 0x1d21 0x1b0005 0x1d21 0x0 0x0 0x0 0x0 0x0 0x220002 0x1d21 0x290002 0x1d21 0x300002 0x1d21 0x330007 0x1d21 0xfa0 0x0 0x390002 0x0 0x400007 0x0 0xb08 0x0 0x470005 0x0 0x0 0x0 0x0 0x0 0x0 0x4a0005 0x0 0x0 0x0 0x0 0x0 0x0 0x4d0005 0x0 0x0 0x0 0x0 0x0 0x0 0x500007 0x0 0x208 0x0 0x550005 0x0 0x0 0x0 0x0 0x0 0x0 0x580007 0x0 0x710 0x0 0x5d0005 0x0 0x0 0x0 0x0 0x0 0x0 0x600005 0x0 0x0 0x0 0x0 0x0 0x0 0x630007 0x0 0x680 0x0 0x6a0005 0x0 0x0 0x0 0x0 0x0 0x0 0x6d0005 0x0 0x0 0x0 0x0 0x0 0x0 0x700005 0x0 0x0 0x0 0x0 0x0 0x0 0x730005 0x0 0x0 0x0 0x0 0x0 0x0 0x760007 0x0 0x580 0x0 0x7e0005 0x0 0x0 0x0 0x0 0x0 0x0 0x830005 0x0 0x0 0x0 0x0 0x0 0x0 0x860007 0x0 0x288 0x0 0x950002 0x0 0x9c0005 0x0 0x0 0x0 0x0 0x0 0x0 0xa70002 0x0 0xab0005 0x0 0x0 0x0 0x0 0x0 0x0 0xae0005 0x0 0x0 0x0 0x0 0x0 0x0 0xb30005 0x0 0x0 0x0 0x0 0x0 0x0 0xb80005 0x0 0x0 0x0 0x0 0x0 0x0 0xbb0005 0x0 0x0 0x0 0x0 0x0 0x0 0xbe0005 0x0 0x0 0x0 0x0 0x0 0x0 0xc10005 0x0 0x0 0x0 0x0 0x0 0x0 0xc50005 0x0 0x0 0x0 0x0 0x0 0x0 0xca0005 0x0 0x0 0x0 0x0 0x0 0x0 0xd00003 0x0 0x9c0 0xdf0002 0x0 0xe60005 0x0 0x0 0x0 0x0 0x0 0x0 0xf10002 0x0 0xf50005 0x0 0x0 0x0 0x0 0x0 0x0 0xf80005 0x0 0x0 0x0 0x0 0x0 0x0 0xfd0005 0x0 0x0 0x0 0x0 0x0 0x0 0x1020005 0x0 0x0 0x0 0x0 0x0 0x0 0x1050005 0x0 0x0 0x0 0x0 0x0 0x0 0x1080005 0x0 0x0 0x0 0x0 0x0 0x0 0x10b0005 0x0 0x0 0x0 0x0 0x0 0x0 0x10f0005 0x0 0x0 0x0 0x0 0x0 0x0 0x1140005 0x0 0x0 0x0 0x0 0x0 0x0 0x11a0003 0x0 0x758 0x1230005 0x0 0x0 0x0 0x0 0x0 0x0 0x12a0005 0x0 0x0 0x0 0x0 0x0 0x0 0x12f0002 0x0 0x1360005 0x0 0x0 0x0 0x0 0x0 0x0 0x1410002 0x0 0x1450005 0x0 0x0 0x0 0x0 0x0 0x0 0x1480005 0x0 0x0 0x0 0x0 0x0 0x0 0x14d0005 0x0 0x0 0x0 0x0 0x0 0x0 0x1520005 0x0 0x0 0x0 0x0 0x0 0x0 0x1550005 0x0 0x0 0x0 0x0 0x0 0x0 0x1580005 0x0 0x0 0x0 0x0 0x0 0x0 0x15b0005 0x0 0x0 0x0 0x0 0x0 0x0 0x15f0005 0x0 0x0 0x0 0x0 0x0 0x0 0x1640005 0x0 0x0 0x0 0x0 0x0 0x0 0x16a0003 0x0 0x480 0x16e0005 0x0 0x0 0x0 0x0 0x0 0x0 0x1770007 0x0 0x430 0x0 0x17c0005 0x0 0x0 0x0 0x0 0x0 0x0 0x1820007 0x0 0x388 0x0 0x1870005 0x0 0x0 0x0 0x0 0x0 0x0 0x18c0005 0x0 0x0 0x0 0x0 0x0 0x0 0x18f0002 0x0 0x1920007 0x0 0x2e8 0x0 0x1970005 0x0 0x0 0x0 0x0 0x0 0x0 0x19c0007 0x0 0xc8 0x0 0x1a10005 0x0 0x0 0x0 0x0 0x0 0x0 0x1a70007 0x0 0x70 0x0 0x1ac0005 0x0 0x0 0x0 0x0 0x0 0x0 0x1b30003 0x0 0xffffffffffffff18 0x1b80005 0x0 0x0 0x0 0x0 0x0 0x0 0x1bd0007 0x0 0xc8 0x0 0x1c20005 0x0 0x0 0x0 0x0 0x0 0x0 0x1c80007 0x0 0x70 0x0 0x1cd0005 0x0 0x0 0x0 0x0 0x0 0x0 0x1d40003 0x0 0xffffffffffffff18 0x1da0002 0x0 0x1e20002 0x0 0x1fe0004 0x0 0x0 0x0 0x0 0x0 0x0 0x1ff0005 0x0 0x0 0x0 0x0 0x0 0x0 0x2070005 0x0 0x0 0x0 0x0 0x0 0x0 0x20c0005 0x0 0x0 0x0 0x0 0x0 0x0 0x2130003 0x0 0xfffffffffffffbe8 0x21c0005 0x0 0x0 0x234d1d0a280 0x30ea 0x234d1d0a330 0x386 0x2210005 0x0 0x0 0x234d1d0a3e0 0x3470 0x0 0x0 0x2260007 0x1d21 0xf40 0x174f 0x22a0005 0x0 0x0 0x234d1d0a280 0x15bb 0x234d1d0a330 0x194 0x2310005 0x0 0x0 0x234d1d0a3e0 0x174f 0x0 0x0 0x23a0005 0x0 0x0 0x234d1d0a490 0x15bb 0x234d1d0a540 0x194 0x2440002 0x174f 0x2470007 0x174f 0x100 0x0 0x2610005 0x0 0x0 0x0 0x0 0x0 0x0 0x2660004 0x0 0x0 0x0 0x0 0x0 0x0 0x2670005 0x0 0x0 0x0 0x0 0x0 0x0 0x26f0005 0x0 0x0 0x0 0x0 0x0 0x0 0x2740005 0x0 0x0 0x234d1d0a490 0x15bb 0x234d1d0a540 0x194 0x27b0005 0x174f 0x0 0x0 0x0 0x0 0x0 0x27e0007 0xe 0xce0 0x1741 0x2830005 0x0 0x0 0x234d1d0a490 0x15af 0x234d1d0a540 0x192 0x28a0005 0x1741 0x0 0x0 0x0 0x0 0x0 0x28d0007 0x0 0xc50 0x1741 0x2950005 0x0 0x0 0x234d1d0a490 0x15af 0x234d1d0a540 0x192 0x29c0005 0x0 0x0 0x234d1d0a490 0x15af 0x234d1d0a540 0x192 0x2a10002 0x1741 0x2a80007 0x0 0x528 0x1741 0x2ad0005 0x0 0x0 0x234d1d0a490 0x15af 0x234d1d0a540 0x192 0x2b60005 0x0 0x0 0x234d1d0a1d0 0x1741 0x0 0x0 0x2bb0002 0x1741 0x2be0007 0x1741 0x78 0x0 0x2c40005 0x0 0x0 0x0 0x0 0x0 0x0 0x2c90002 0x0 0x2ce0002 0x0 0x2d50005 0x0 0x0 0x234d1d0a1d0 0x1741 0x0 0x0 0x2da0005 0x1741 0x0 0x0 0x0 0x0 0x0 0x2dd0007 0x54 0xc8 0x16ed 0x2e10005 0x0 0x0 0x234d1d05c20 0x16ed 0x0 0x0 0x2e40007 0x0 0x70 0x16ed 0x2ea0005 0x0 0x0 0x234d1d05c20 0x16ed 0x0 0x0 0x2ed0003 0x16ed 0x2d8 0x2f60005 0x0 0x0 0x234d1d0a1d0 0x54 0x0 0x0 0x2fd0005 0x0 0x0 0x234d1d0a1d0 0x54 0x0 0x0 0x3020002 0x54 0x3090005 0x0 0x0 0x234d1d05c20 0x54 0x0 0x0 0x3140002 0x54 0x3180005 0x0 0x0 0x234d1d05c20 0x54 0x0 0x0 0x31b0005 0x54 0x0 0x0 0x0 0x0 0x0 0x3200005 0x54 0x0 0x0 0x0 0x0 0x0 0x3250005 0x0 0x0 0x234d1d0a1d0 0x54 0x0 0x0 0x3280005 0x54 0x0 0x0 0x0 0x0 0x0 0x32b0005 0x54 0x0 0x0 0x0 0x0 0x0 0x32e0005 0x0 0x0 0x234d1d05c20 0x54 0x0 0x0 0x3320005 0x0 0x0 0x234d1d05c20 0x54 0x0 0x0 0x3370005 0x0 0x0 0x234c68a4a30 0x54 0x0 0x0 0x33d0003 0x1741 0x6a0 0x3460005 0x0 0x0 0x0 0x0 0x0 0x0 0x34b0005 0x0 0x0 0x0 0x0 0x0 0x0 0x34e0007 0x0 0x1b0 0x0 0x3530005 0x0 0x0 0x0 0x0 0x0 0x0 0x35a0005 0x0 0x0 0x0 0x0 0x0 0x0 0x35d0007 0x0 0x1e8 0x0 0x3640005 0x0 0x0 0x0 0x0 0x0 0x0 0x3690005 0x0 0x0 0x0 0x0 0x0 0x0 0x36c0007 0x0 0x158 0x0 0x3710007 0x0 0x40 0x0 0x3780007 0x0 0x38 0x0 0x37c0003 0x0 0x18 0x3820003 0x0 0xe0 0x3870007 0x0 0xb0 0x0 0x38c0005 0x0 0x0 0x0 0x0 0x0 0x0 0x3930005 0x0 0x0 0x0 0x0 0x0 0x0 0x3960007 0x0 0x38 0x0 0x39a0003 0x0 0x18 0x3a20007 0x0 0x170 0x0 0x3a70002 0x0 0x3aa0007 0x0 0x158 0x0 0x3af0005 0x0 0x0 0x0 0x0 0x0 0x0 0x3b60005 0x0 0x0 0x0 0x0 0x0 0x0 0x3b90007 0x0 0xc8 0x0 0x3c00005 0x0 0x0 0x0 0x0 0x0 0x0 0x3c50005 0x0 0x0 0x0 0x0 0x0 0x0 0x3c80007 0x0 0x38 0x0 0x3cc0003 0x0 0x18 0x3d40007 0x0 0x218 0x0 0x3ee0005 0x0 0x0 0x0 0x0 0x0 0x0 0x3f30004 0x0 0x0 0x0 0x0 0x0 0x0 0x3f70005 0x0 0x0 0x0 0x0 0x0 0x0 0x3fc0004 0x0 0x0 0x0 0x0 0x0 0x0 0x4000005 0x0 0x0 0x0 0x0 0x0 0x0 0x4030004 0x0 0x0 0x0 0x0 0x0 0x0 0x4080004 0x0 0x0 0x0 0x0 0x0 0x0 0x4090005 0x0 0x0 0x0 0x0 0x0 0x0 0x4110005 0x0 0x0 0x0 0x0 0x0 0x0 0x4170003 0x174f 0xfffffffffffff068 0x4210005 0x0 0x0 0x234d1d0a280 0x1b2f 0x234d1d0a330 0x1f2 0x42a0007 0x1d21 0x19f8 0x4074 0x42f0005 0x492 0x0 0x234d1d0a5f0 0x20b3 0x234d1d0a280 0x1b2f 0x4350007 0x2354 0x16d8 0x1d20 0x43d0005 0x0 0x0 0x234d1d0a280 0x1b2f 0x234d1d0a330 0x1f1 0x4440005 0x0 0x0 0x234d1d0a280 0x1b2f 0x234d1d0a330 0x1f1 0x4490002 0x1d20 0x4500007 0x0 0x1520 0x1d20 0x4550005 0x0 0x0 0x234d1d0a1d0 0x1d20 0x0 0x0 0x45a0005 0x1d20 0x0 0x0 0x0 0x0 0x0 0x45d0007 0x1763 0x38 0x5bd 0x4630003 0x5bd 0x50 0x4680005 0x0 0x0 0x234d1d0a1d0 0x1763 0x0 0x0 0x4720005 0x0 0x0 0x234d1d0a1d0 0x1d20 0x0 0x0 0x4750007 0x58 0x5d0 0x1cc8 0x47c0005 0x0 0x0 0x234d1d0a1d0 0x1cc8 0x0 0x0 0x47f0005 0x1cc8 0x0 0x0 0x0 0x0 0x0 0x4820007 0x1cbc 0x540 0xc 0x4870005 0x0 0x0 0x234d1d0a1d0 0xc 0x0 0x0 0x48d0005 0x0 0x0 0x234d1d0a6a0 0xc 0x0 0x0 0x4900007 0xc 0xb8 0x0 0x4970002 0x0 0x49c0004 0x0 0x0 0x0 0x0 0x0 0x0 0x49f0005 0x0 0x0 0x0 0x0 0x0 0x0 0x4a40003 0x0 0xd0 0x4ab0002 0xc 0x4af0005 0x0 0x0 0x234d1d0a750 0xc 0x0 0x0 0x4b40004 0x0 0x0 0x234d1d0a280 0xc 0x0 0x0 0x4b70005 0x0 0x0 0x234d1d0a750 0xc 0x0 0x0 0x4c20005 0x0 0x0 0x234d1d0a1d0 0xc 0x0 0x0 0x4cf0002 0xc 0x4d40005 0x0 0x0 0x234d1d0a800 0xc 0x0 0x0 0x4d70002 0xc 0x4dc0005 0x0 0x0 0x234d1d05c20 0xc 0x0 0x0 0x4e20002 0xc 0x4e80002 0xc 0x4eb0005 0x0 0x0 0x234d1d05c20 0xc 0x0 0x0 0x4f60002 0xc 0x4fa0005 0x0 0x0 0x234d1d05c20 0xc 0x0 0x0 0x4fd0005 0xc 0x0 0x0 0x0 0x0 0x0 0x5020005 0xc 0x0 0x0 0x0 0x0 0x0 0x5070005 0x0 0x0 0x234d1d0a1d0 0xc 0x0 0x0 0x50a0005 0xc 0x0 0x0 0x0 0x0 0x0 0x50d0005 0xc 0x0 0x0 0x0 0x0 0x0 0x5100005 0x0 0x0 0x234d1d05c20 0xc 0x0 0x0 0x5140005 0x0 0x0 0x234d1d05c20 0xc 0x0 0x0 0x5190005 0x0 0x0 0x234c68a4a30 0xc 0x0 0x0 0x51f0003 0xc 0xf30 0x5260002 0x1d14 0x52a0005 0x1d14 0x0 0x0 0x0 0x0 0x0 0x52f0005 0x1d14 0x0 0x0 0x0 0x0 0x0 0x5350005 0x0 0x0 0x234d1d0a280 0x1b23 0x234d1d0a330 0x1f1 0x53a0002 0x1d14 0x53d0005 0x1d14 0x0 0x0 0x0 0x0 0x0 0x5420005 0x0 0x0 0x234d1d0a280 0x1b23 0x234d1d0a330 0x1f1 0x5470005 0x1d14 0x0 0x0 0x0 0x0 0x0 0x54a0005 0x1d14 0x0 0x0 0x0 0x0 0x0 0x5550005 0x0 0x0 0x234d1d0a280 0x1b23 0x234d1d0a330 0x1f1 0x55c0002 0x1d14 0x5620002 0x1d14 0x5680002 0x1d14 0x56b0005 0x0 0x0 0x234d1d05c20 0x1d14 0x0 0x0 0x5720005 0x0 0x0 0x234d1d0a1d0 0x1d14 0x0 0x0 0x5750007 0x16e9 0x278 0x62b 0x57e0002 0x62b 0x5820005 0x0 0x0 0x234d1d05c20 0x62b 0x0 0x0 0x5850005 0x62b 0x0 0x0 0x0 0x0 0x0 0x58a0005 0x62b 0x0 0x0 0x0 0x0 0x0 0x58f0005 0x0 0x0 0x234d1d0a1d0 0x62b 0x0 0x0 0x5920005 0x62b 0x0 0x0 0x0 0x0 0x0 0x5970005 0x62b 0x0 0x0 0x0 0x0 0x0 0x59c0005 0x62b 0x0 0x0 0x0 0x0 0x0 0x5a10005 0x62b 0x0 0x0 0x0 0x0 0x0 0x5a40005 0x62b 0x0 0x0 0x0 0x0 0x0 0x5a70005 0x0 0x0 0x234d1d05c20 0x62b 0x0 0x0 0x5aa0003 0x62b 0x1b0 0x5b30002 0x16e9 0x5b70005 0x0 0x0 0x234d1d05c20 0x16e9 0x0 0x0 0x5ba0005 0x16e9 0x0 0x0 0x0 0x0 0x0 0x5bf0005 0x16e9 0x0 0x0 0x0 0x0 0x0 0x5c40005 0x0 0x0 0x234d1d0a1d0 0x16e9 0x0 0x0 0x5c70005 0x16e9 0x0 0x0 0x0 0x0 0x0 0x5ca0005 0x16e9 0x0 0x0 0x0 0x0 0x0 0x5cd0005 0x0 0x0 0x234d1d05c20 0x16e9 0x0 0x0 0x5d30004 0x0 0x0 0x234d1d0a280 0x1b23 0x234d1d0a330 0x1f1 0x5da0005 0x0 0x0 0x234d1d05c20 0x1d14 0x0 0x0 0x5dd0002 0x1d14 0x5e50005 0x0 0x0 0x234d1d0a1d0 0x1d14 0x0 0x0 0x5e80007 0x1cbc 0x528 0x58 0x5ed0005 0x0 0x0 0x234d1d0a1d0 0x58 0x0 0x0 0x5f30005 0x0 0x0 0x234d1d0a6a0 0x58 0x0 0x0 0x5f60007 0x58 0x428 0x0 0x5fb0004 0x0 0x0 0x0 0x0 0x0 0x0 0x6020005 0x0 0x0 0x0 0x0 0x0 0x0 0x60b0002 0x0 0x60e0007 0x0 0x238 0x0 0x6130005 0x0 0x0 0x0 0x0 0x0 0x0 0x6180002 0x0 0x61b0007 0x0 0xb8 0x0 0x6200005 0x0 0x0 0x0 0x0 0x0 0x0 0x6250002 0x0 0x62e0005 0x0 0x0 0x0 0x0 0x0 0x0 0x6310003 0x0 0x268 0x6380002 0x0 0x63e0002 0x0 0x6530005 0x0 0x0 0x0 0x0 0x0 0x0 0x6580004 0x0 0x0 0x0 0x0 0x0 0x0 0x6590005 0x0 0x0 0x0 0x0 0x0 0x0 0x6610005 0x0 0x0 0x0 0x0 0x0 0x0 0x6670003 0x0 0x150 0x66e0005 0x0 0x0 0x0 0x0 0x0 0x0 0x6710007 0x0 0x90 0x0 0x67a0005 0x0 0x0 0x0 0x0 0x0 0x0 0x67f0005 0x0 0x0 0x0 0x0 0x0 0x0 0x6880005 0x0 0x0 0x0 0x0 0x0 0x0 0x68f0005 0x0 0x0 0x0 0x0 0x0 0x0 0x6920003 0x0 0x88 0x6990005 0x0 0x0 0x234d1d05c20 0x58 0x0 0x0 0x69c0005 0x0 0x0 0x234d1d05c20 0x58 0x0 0x0 0x6a00005 0x0 0x0 0x234d1d05c20 0x1d14 0x0 0x0 0x6a50005 0x0 0x0 0x234c68a4a30 0x1d14 0x0 0x0 0x6ad0007 0x0 0x120 0x1d14 0x6b20005 0x0 0x0 0x234d1d0a1d0 0x1d14 0x0 0x0 0x6b50007 0x1d13 0x80 0x1 0x6bd0004 0x0 0x0 0x234d1d0a330 0x1 0x0 0x0 0x6c40002 0x1 0x6c70003 0x1 0x60 0x6cf0004 0x0 0x0 0x234d1d0a280 0x1b23 0x234d1d0a330 0x1f0 0x6d40002 0x1d13 0x6d70003 0x1d14 0x118 0x6de0002 0x0 0x6e40002 0x0 0x6f90005 0x0 0x0 0x0 0x0 0x0 0x0 0x6fe0004 0x0 0x0 0x0 0x0 0x0 0x0 0x6ff0005 0x0 0x0 0x0 0x0 0x0 0x0 0x7070005 0x0 0x0 0x0 0x0 0x0 0x0 0x70a0003 0x1d20 0x290 0x70f0005 0x0 0x0 0x234d1d0a5f0 0x20b3 0x234d1d0a8b0 0x2a1 0x7150007 0x2354 0xc8 0x0 0x71c0002 0x0 0x7220002 0x0 0x7330005 0x0 0x0 0x0 0x0 0x0 0x0 0x73b0005 0x0 0x0 0x0 0x0 0x0 0x0 0x73e0003 0x0 0x190 0x7430005 0x0 0x0 0x234d1d0a5f0 0x20b3 0x234d1d0a8b0 0x2a1 0x7540002 0x2354 0x7570007 0x2354 0x130 0x0 0x75e0002 0x0 0x7640002 0x0 0x7790005 0x0 0x0 0x0 0x0 0x0 0x0 0x77e0002 0x0 0x7810004 0x0 0x0 0x0 0x0 0x0 0x0 0x7820005 0x0 0x0 0x0 0x0 0x0 0x0 0x78a0005 0x0 0x0 0x0 0x0 0x0 0x0 0x78f0005 0x492 0x0 0x234d1d0a5f0 0x20b3 0x234d1d0a280 0x1b2f 0x7960003 0x4074 0xffffffffffffe620 0x0 0x0 0x0 0x0 0x0 0x0 0x0 0x0 0x0 0x0 0x0 0x0 0x0 0x0 0x0 0x0 0x0 0x0 0x0 0x0 0x0 0x0 0x0 0x0 0x0 0x0 0x0 0x0 0x0 0x0 0x0 0x0 0x0 0x0 0x0 0x0 0x0 0x0 0x0 0x0 0x0 0x9 0x4 0x0 0x0 0x0 0x0 oops 93 5 org/hl7/fhir/r5/elementmodel/Element 12 org/hl7/fhir/r5/elementmodel/Element 21 org/hl7/fhir/r5/elementmodel/Property 543 com/sun/org/apache/xerces/internal/dom/DeferredElementNSImpl 545 com/sun/org/apache/xerces/internal/dom/ElementNSImpl 550 com/sun/org/apache/xerces/internal/dom/AttributeMap 561 com/sun/org/apache/xerces/internal/dom/DeferredElementNSImpl 563 com/sun/org/apache/xerces/internal/dom/ElementNSImpl 568 com/sun/org/apache/xerces/internal/dom/AttributeMap 575 com/sun/org/apache/xerces/internal/dom/DeferredAttrNSImpl 577 com/sun/org/apache/xerces/internal/dom/AttrNSImpl 616 com/sun/org/apache/xerces/internal/dom/DeferredAttrNSImpl 618 com/sun/org/apache/xerces/internal/dom/AttrNSImpl 634 com/sun/org/apache/xerces/internal/dom/DeferredAttrNSImpl 636 com/sun/org/apache/xerces/internal/dom/AttrNSImpl 652 com/sun/org/apache/xerces/internal/dom/DeferredAttrNSImpl 654 com/sun/org/apache/xerces/internal/dom/AttrNSImpl 659 com/sun/org/apache/xerces/internal/dom/DeferredAttrNSImpl 661 com/sun/org/apache/xerces/internal/dom/AttrNSImpl 672 com/sun/org/apache/xerces/internal/dom/DeferredAttrNSImpl 674 com/sun/org/apache/xerces/internal/dom/AttrNSImpl 679 org/hl7/fhir/r5/elementmodel/Property 703 org/hl7/fhir/r5/elementmodel/Property 721 org/hl7/fhir/r5/elementmodel/Element 732 org/hl7/fhir/r5/elementmodel/Element 742 org/hl7/fhir/r5/elementmodel/Property 749 org/hl7/fhir/r5/elementmodel/Property 758 org/hl7/fhir/r5/elementmodel/Element 767 org/hl7/fhir/r5/elementmodel/Element 788 org/hl7/fhir/r5/elementmodel/Property 809 org/hl7/fhir/r5/elementmodel/Element 816 org/hl7/fhir/r5/elementmodel/Element 823 java/util/ArrayList 1045 com/sun/org/apache/xerces/internal/dom/DeferredElementNSImpl 1047 com/sun/org/apache/xerces/internal/dom/ElementNSImpl 1056 com/sun/org/apache/xerces/internal/dom/DeferredTextImpl 1058 com/sun/org/apache/xerces/internal/dom/DeferredElementNSImpl 1067 com/sun/org/apache/xerces/internal/dom/DeferredElementNSImpl 1069 com/sun/org/apache/xerces/internal/dom/ElementNSImpl 1074 com/sun/org/apache/xerces/internal/dom/DeferredElementNSImpl 1076 com/sun/org/apache/xerces/internal/dom/ElementNSImpl 1087 org/hl7/fhir/r5/elementmodel/Property 1108 org/hl7/fhir/r5/elementmodel/Property 1115 org/hl7/fhir/r5/elementmodel/Property 1126 org/hl7/fhir/r5/elementmodel/Property 1144 org/hl7/fhir/r5/elementmodel/Property 1151 org/hl7/fhir/r5/model/ElementDefinition 1183 org/hl7/fhir/utilities/xhtml/XhtmlParser 1190 com/sun/org/apache/xerces/internal/dom/DeferredElementNSImpl 1197 org/hl7/fhir/utilities/xhtml/XhtmlParser 1204 org/hl7/fhir/r5/elementmodel/Property 1213 org/hl7/fhir/utilities/xhtml/XhtmlComposer 1222 org/hl7/fhir/r5/elementmodel/Element 1233 org/hl7/fhir/r5/elementmodel/Element 1242 org/hl7/fhir/r5/elementmodel/Element 1263 org/hl7/fhir/r5/elementmodel/Property 1284 org/hl7/fhir/r5/elementmodel/Element 1291 org/hl7/fhir/r5/elementmodel/Element 1298 java/util/ArrayList 1324 com/sun/org/apache/xerces/internal/dom/DeferredElementNSImpl 1326 com/sun/org/apache/xerces/internal/dom/ElementNSImpl 1340 com/sun/org/apache/xerces/internal/dom/DeferredElementNSImpl 1342 com/sun/org/apache/xerces/internal/dom/ElementNSImpl 1361 com/sun/org/apache/xerces/internal/dom/DeferredElementNSImpl 1363 com/sun/org/apache/xerces/internal/dom/ElementNSImpl 1374 org/hl7/fhir/r5/elementmodel/Element 1381 org/hl7/fhir/r5/elementmodel/Property 1394 org/hl7/fhir/r5/elementmodel/Element 1415 org/hl7/fhir/r5/elementmodel/Property 1457 org/hl7/fhir/r5/elementmodel/Element 1469 org/hl7/fhir/r5/elementmodel/Element 1490 org/hl7/fhir/r5/elementmodel/Property 1511 org/hl7/fhir/r5/elementmodel/Element 1518 com/sun/org/apache/xerces/internal/dom/DeferredElementNSImpl 1520 com/sun/org/apache/xerces/internal/dom/ElementNSImpl 1525 org/hl7/fhir/r5/elementmodel/Element 1534 org/hl7/fhir/r5/elementmodel/Property 1545 org/hl7/fhir/r5/elementmodel/Property 1552 org/hl7/fhir/r5/model/ElementDefinition 1692 org/hl7/fhir/r5/elementmodel/Element 1699 org/hl7/fhir/r5/elementmodel/Element 1706 org/hl7/fhir/r5/elementmodel/Element 1713 java/util/ArrayList 1724 org/hl7/fhir/r5/elementmodel/Property 1735 com/sun/org/apache/xerces/internal/dom/ElementNSImpl 1747 com/sun/org/apache/xerces/internal/dom/DeferredElementNSImpl 1749 com/sun/org/apache/xerces/internal/dom/ElementNSImpl 1794 com/sun/org/apache/xerces/internal/dom/DeferredTextImpl 1796 com/sun/org/apache/xerces/internal/dom/TextImpl 1826 com/sun/org/apache/xerces/internal/dom/DeferredTextImpl 1828 com/sun/org/apache/xerces/internal/dom/TextImpl 1873 com/sun/org/apache/xerces/internal/dom/DeferredTextImpl 1875 com/sun/org/apache/xerces/internal/dom/DeferredElementNSImpl methods 0
ciMethodData org/hl7/fhir/utilities/xhtml/XhtmlParser parseHtmlNode (Lorg/w3c/dom/Element;)Lorg/hl7/fhir/utilities/xhtml/XhtmlNode; 1 18 orig 80 0 0 0 0 0 0 0 0 0 0 0 0 249 127 0 0 0 0 0 0 0 0 0 0 0 0 0 0 0 0 0 0 0 0 0 0 0 0 0 0 0 0 0 0 0 0 0 0 0 0 0 0 0 0 0 0 0 0 0 0 0 0 0 0 0 0 0 0 0 0 0 0 0 0 0 0 0 0 0 0 data 17 0x30005 0x0 0x0 0x234d1d0a750 0xc 0x0 0x0 0x0 0x0 0x0 0x0 0x0 0x0 0x9 0x2 0xffffffffffffffff 0xffffffffffffffff oops 1 3 org/hl7/fhir/utilities/xhtml/XhtmlParser methods 0
ciMethodData org/hl7/fhir/utilities/xhtml/XhtmlParser parseHtmlNode (Lorg/w3c/dom/Element;Ljava/lang/String;)Lorg/hl7/fhir/utilities/xhtml/XhtmlNode; 1 18 orig 80 0 0 0 0 0 0 0 0 0 0 0 0 249 127 0 0 0 0 0 0 0 0 0 0 0 0 0 0 0 0 0 0 0 0 0 0 0 0 0 0 0 0 0 0 0 0 0 0 0 0 0 0 0 0 0 0 0 0 0 0 0 0 0 0 0 0 0 0 0 0 0 0 0 0 0 0 0 0 0 0 data 38 0x30002 0xc 0x80005 0x0 0x0 0x234c74670c0 0xc 0x0 0x0 0xb0007 0xc 0x90 0x0 0xf0005 0x0 0x0 0x0 0x0 0x0 0x0 0x160005 0x0 0x0 0x0 0x0 0x0 0x0 0x0 0x0 0x0 0x0 0x0 0x0 0x9 0x3 0xffffffffffffffff 0xffffffffffffffff 0xffffffffffffffff oops 1 5 org/hl7/fhir/utilities/xhtml/XhtmlNode methods 0
ciMethodData org/hl7/fhir/utilities/xhtml/XhtmlParser parseNode (Lorg/w3c/dom/Element;Ljava/lang/String;)Lorg/hl7/fhir/utilities/xhtml/XhtmlNode; 2 38683 orig 80 0 0 0 0 0 0 0 0 0 0 0 0 249 127 0 0 0 0 0 0 0 0 0 0 0 0 0 0 0 0 0 0 0 0 0 0 0 0 0 0 0 0 0 0 0 0 0 0 0 0 0 0 0 0 0 0 0 0 0 0 0 0 0 0 0 0 0 0 0 0 0 0 0 0 0 0 0 0 0 0 data 314 0x70002 0x2b6a 0xd0005 0x0 0x0 0x234d1d0a280 0x15a3 0x234d1d0a330 0x15c7 0x120005 0x0 0x0 0x234c74670c0 0x2b6a 0x0 0x0 0x1a0002 0x2b6a 0x240005 0x0 0x0 0x234d1d0a280 0x204e 0x234d1d0a330 0x2083 0x290005 0x0 0x0 0x234d1d0a3e0 0x40d1 0x0 0x0 0x2e0007 0x2b6a 0x328 0x1567 0x320005 0x0 0x0 0x234d1d0a280 0xaab 0x234d1d0a330 0xabc 0x390005 0x0 0x0 0x234d1d0a3e0 0x1567 0x0 0x0 0x3e0004 0x0 0x0 0x234d1d0a490 0xaab 0x234d1d0a540 0xabc 0x450005 0x0 0x0 0x234c74670c0 0x1567 0x0 0x0 0x4a0005 0x0 0x0 0x234d1d0a490 0xaab 0x234d1d0a540 0xabc 0x510005 0x0 0x0 0x234d1d0a490 0xaab 0x234d1d0a540 0xabc 0x560002 0x1567 0x590007 0x0 0x190 0x1567 0x5e0005 0x0 0x0 0x234d1d0a490 0xaab 0x234d1d0a540 0xabc 0x650005 0x1567 0x0 0x0 0x0 0x0 0x0 0x680007 0x19 0x100 0x154e 0x6c0005 0x0 0x0 0x234c74670c0 0x154e 0x0 0x0 0x710005 0x0 0x0 0x234d1d0a490 0xa9f 0x234d1d0a540 0xaaf 0x780005 0x0 0x0 0x234d1d0a490 0xa9f 0x234d1d0a540 0xaaf 0x7d0005 0x0 0x0 0x234ca0b9f40 0x154e 0x0 0x0 0x860003 0x1567 0xfffffffffffffc80 0x8a0005 0x0 0x0 0x234d1d0a280 0x15a3 0x234d1d0a330 0x15c7 0x930007 0x2b6a 0x518 0x813b 0x980005 0x40bb 0x0 0x234d1d0a280 0x1597 0x234d1d0a5f0 0x2ae9 0x9e0007 0x2b51 0xa8 0x55ea 0xa40005 0x0 0x0 0x234d1d0a5f0 0x2ae9 0x234d1d0a8b0 0x2b01 0xa90005 0x0 0x0 0x234c74670c0 0x55ea 0x0 0x0 0xad0003 0x55ea 0x3e0 0xb20005 0x0 0x0 0x234d1d0a280 0x1597 0x234d1d0a330 0x15ba 0xb90007 0x2b51 0xa8 0x0 0xbf0005 0x0 0x0 0x0 0x0 0x0 0x0 0xc40005 0x0 0x0 0x0 0x0 0x0 0x0 0xc80003 0x0 0x300 0xcd0005 0x0 0x0 0x234d1d0a280 0x1597 0x234d1d0a330 0x15ba 0xd30007 0x0 0x158 0x2b51 0xd90005 0x0 0x0 0x234d1d0a280 0x1597 0x234d1d0a330 0x15ba 0xde0002 0x2b51 0xe10007 0x0 0x248 0x2b51 0xe50005 0x0 0x0 0x234c74670c0 0x2b51 0x0 0x0 0xeb0004 0x0 0x0 0x234d1d0a280 0x1597 0x234d1d0a330 0x15ba 0xef0002 0x2b51 0xf20005 0x0 0x0 0x234c68a4a30 0x2b51 0x0 0x0 0xf80003 0x2b51 0x170 0x1030002 0x0 0x1080005 0x0 0x0 0x0 0x0 0x0 0x0 0x10d0005 0x0 0x0 0x0 0x0 0x0 0x0 0x1120002 0x0 0x1150005 0x0 0x0 0x0 0x0 0x0 0x0 0x1190002 0x0 0x11c0005 0x0 0x0 0x0 0x0 0x0 0x0 0x11f0005 0x0 0x0 0x0 0x0 0x0 0x0 0x1220002 0x0 0x1280005 0x40bb 0x0 0x234d1d0a5f0 0x2ae9 0x234d1d0a280 0x1597 0x12f0003 0x813b 0xfffffffffffffb00 0x0 0x0 0x0 0x0 0x0 0x0 0x9 0x3 0x0 0x0 0x0 oops 43 5 com/sun/org/apache/xerces/internal/dom/DeferredElementNSImpl 7 com/sun/org/apache/xerces/internal/dom/ElementNSImpl 12 org/hl7/fhir/utilities/xhtml/XhtmlNode 21 com/sun/org/apache/xerces/internal/dom/DeferredElementNSImpl 23 com/sun/org/apache/xerces/internal/dom/ElementNSImpl 28 com/sun/org/apache/xerces/internal/dom/AttributeMap 39 com/sun/org/apache/xerces/internal/dom/DeferredElementNSImpl 41 com/sun/org/apache/xerces/internal/dom/ElementNSImpl 46 com/sun/org/apache/xerces/internal/dom/AttributeMap 53 com/sun/org/apache/xerces/internal/dom/DeferredAttrNSImpl 55 com/sun/org/apache/xerces/internal/dom/AttrNSImpl 60 org/hl7/fhir/utilities/xhtml/XhtmlNode 67 com/sun/org/apache/xerces/internal/dom/DeferredAttrNSImpl 69 com/sun/org/apache/xerces/internal/dom/AttrNSImpl 74 com/sun/org/apache/xerces/internal/dom/DeferredAttrNSImpl 76 com/sun/org/apache/xerces/internal/dom/AttrNSImpl 87 com/sun/org/apache/xerces/internal/dom/DeferredAttrNSImpl 89 com/sun/org/apache/xerces/internal/dom/AttrNSImpl 105 org/hl7/fhir/utilities/xhtml/XhtmlNode 112 com/sun/org/apache/xerces/internal/dom/DeferredAttrNSImpl 114 com/sun/org/apache/xerces/internal/dom/AttrNSImpl 119 com/sun/org/apache/xerces/internal/dom/DeferredAttrNSImpl 121 com/sun/org/apache/xerces/internal/dom/AttrNSImpl 126 java/util/HashMap 136 com/sun/org/apache/xerces/internal/dom/DeferredElementNSImpl 138 com/sun/org/apache/xerces/internal/dom/ElementNSImpl 147 com/sun/org/apache/xerces/internal/dom/DeferredElementNSImpl 149 com/sun/org/apache/xerces/internal/dom/DeferredTextImpl 158 com/sun/org/apache/xerces/internal/dom/DeferredTextImpl 160 com/sun/org/apache/xerces/internal/dom/TextImpl 165 org/hl7/fhir/utilities/xhtml/XhtmlNode 175 com/sun/org/apache/xerces/internal/dom/DeferredElementNSImpl 177 com/sun/org/apache/xerces/internal/dom/ElementNSImpl 203 com/sun/org/apache/xerces/internal/dom/DeferredElementNSImpl 205 com/sun/org/apache/xerces/internal/dom/ElementNSImpl 214 com/sun/org/apache/xerces/internal/dom/DeferredElementNSImpl 216 com/sun/org/apache/xerces/internal/dom/ElementNSImpl 227 org/hl7/fhir/utilities/xhtml/XhtmlNode 234 com/sun/org/apache/xerces/internal/dom/DeferredElementNSImpl 236 com/sun/org/apache/xerces/internal/dom/ElementNSImpl 243 java/util/ArrayList 296 com/sun/org/apache/xerces/internal/dom/DeferredTextImpl 298 com/sun/org/apache/xerces/internal/dom/DeferredElementNSImpl methods 0
ciMethodData org/hl7/fhir/utilities/xhtml/XhtmlComposer <init> (ZZ)V 1 13 orig 80 0 0 0 0 0 0 0 0 0 0 0 0 249 127 0 0 0 0 0 0 0 0 0 0 0 0 0 0 0 0 0 0 0 0 0 0 0 0 0 0 0 0 0 0 0 0 0 0 0 0 0 0 0 0 0 0 0 0 0 0 0 0 0 0 0 0 0 0 0 0 0 0 0 0 0 0 0 0 0 0 data 11 0x10002 0xc 0x0 0x0 0x0 0x0 0x9 0x3 0x6 0x0 0x0 oops 0 methods 0
ciMethodData org/hl7/fhir/utilities/xhtml/XhtmlComposer compose (Lorg/hl7/fhir/utilities/xhtml/XhtmlNode;)Ljava/lang/String; 1 26 orig 80 0 0 0 0 0 0 0 0 0 0 0 0 249 127 0 0 0 0 0 0 0 0 0 0 0 0 0 0 0 0 0 0 0 0 0 0 0 0 0 0 0 0 0 0 0 0 0 0 0 0 0 0 0 0 0 0 0 0 0 0 0 0 0 0 0 0 0 0 0 0 0 0 0 0 0 0 0 0 0 0 data 21 0x40002 0x19 0x120002 0x19 0x160005 0x0 0x0 0x234cad0e610 0x19 0x0 0x0 0x0 0x0 0x0 0x0 0x0 0x0 0x9 0x2 0xffffffffffffffff 0xffffffffffffffff oops 1 7 java/io/StringWriter methods 0
ciMethodData org/hl7/fhir/r5/elementmodel/XmlParser pathPrefix (Ljava/lang/String;)Ljava/lang/String; 2 15014 orig 80 0 0 0 0 0 0 0 0 0 0 0 0 249 127 0 0 0 0 0 0 0 0 0 0 0 0 0 0 0 0 0 0 0 0 0 0 0 0 0 0 0 0 0 0 0 0 0 0 0 0 0 0 0 0 0 0 0 0 0 0 0 0 0 0 0 0 0 0 0 0 0 0 0 0 0 0 0 0 0 0 data 71 0x10002 0x3882 0x40007 0x3880 0x20 0x2 0xd0005 0x3880 0x0 0x0 0x0 0x0 0x0 0x100007 0x0 0x20 0x3880 0x190005 0x0 0x0 0x0 0x0 0x0 0x0 0x1c0007 0x0 0x20 0x0 0x250005 0x0 0x0 0x0 0x0 0x0 0x0 0x280007 0x0 0x20 0x0 0x310005 0x0 0x0 0x0 0x0 0x0 0x0 0x340007 0x0 0x20 0x0 0x3d0005 0x0 0x0 0x0 0x0 0x0 0x0 0x400007 0x0 0x20 0x0 0x0 0x0 0x0 0x0 0x0 0x0 0x9 0x2 0x0 0x0 oops 0 methods 0
ciMethodData org/hl7/fhir/r5/elementmodel/XmlParser checkElement (Lorg/w3c/dom/Element;Ljava/lang/String;Lorg/hl7/fhir/r5/elementmodel/Property;)V 2 15012 orig 80 0 0 0 0 0 0 0 0 0 0 0 0 249 127 0 0 0 0 0 0 0 0 0 0 0 0 0 0 0 0 0 0 0 0 0 0 0 0 0 0 0 0 0 0 0 0 0 0 0 0 0 0 0 0 0 0 0 0 0 0 0 0 0 0 0 0 0 0 0 0 0 0 0 0 0 0 0 0 0 0 data 113 0x70007 0x1b28 0x320 0x1f3 0xc0002 0x1f3 0xf0007 0x1f3 0x140 0x0 0x150005 0x0 0x0 0x0 0x0 0x0 0x0 0x1a0005 0x0 0x0 0x0 0x0 0x0 0x0 0x1d0007 0x0 0xb0 0x0 0x230002 0x0 0x280002 0x0 0x390005 0x0 0x0 0x0 0x0 0x0 0x0 0x410005 0x0 0x0 0x0 0x0 0x0 0x0 0x450005 0x0 0x0 0x234d1d0a1d0 0x1f3 0x0 0x0 0x4b0005 0x0 0x0 0x234d1d0a330 0x1f3 0x0 0x0 0x540007 0x1f3 0x20 0x0 0x5f0005 0x1f3 0x0 0x0 0x0 0x0 0x0 0x620007 0x1f3 0xe8 0x0 0x680002 0x0 0x6d0002 0x0 0x820004 0x0 0x0 0x0 0x0 0x0 0x0 0x830005 0x0 0x0 0x0 0x0 0x0 0x0 0x8b0005 0x0 0x0 0x0 0x0 0x0 0x0 0x0 0x0 0x0 0x0 0x0 0x0 0x0 0x9 0x4 0x0 0x0 0x0 0x0 oops 2 49 org/hl7/fhir/r5/elementmodel/Property 56 com/sun/org/apache/xerces/internal/dom/ElementNSImpl methods 0
ciMethodData org/hl7/fhir/r5/elementmodel/XmlParser parseResource (Ljava/lang/String;Lorg/w3c/dom/Element;Lorg/hl7/fhir/r5/elementmodel/Element;Lorg/hl7/fhir/r5/elementmodel/Property;)V 1 2 orig 80 0 0 0 0 0 0 0 0 0 0 0 0 249 127 0 0 0 0 0 0 0 0 0 0 0 0 0 0 0 0 0 0 0 0 0 0 0 0 0 0 0 0 0 0 0 0 0 0 0 0 0 0 0 0 0 0 0 0 0 0 0 0 0 0 0 0 0 0 0 0 0 0 0 0 0 0 0 0 0 0 data 134 0x10002 0x1 0x80005 0x0 0x0 0x234d1d0a330 0x1 0x0 0x0 0x1b0005 0x0 0x0 0x234c9a53fb0 0x1 0x0 0x0 0x200002 0x1 0x230005 0x0 0x0 0x234c9a53fb0 0x1 0x0 0x0 0x280004 0x0 0x0 0x234cde8c610 0x1 0x0 0x0 0x2f0007 0x1 0xd8 0x0 0x440005 0x0 0x0 0x0 0x0 0x0 0x0 0x490004 0x0 0x0 0x0 0x0 0x0 0x0 0x4a0005 0x0 0x0 0x0 0x0 0x0 0x0 0x4f0002 0x0 0x5e0005 0x0 0x0 0x234cde8c610 0x1 0x0 0x0 0x610005 0x0 0x0 0x234ca31c150 0x1 0x0 0x0 0x650005 0x0 0x0 0x234c68a4a30 0x1 0x0 0x0 0x6a0004 0x0 0x0 0x234d1d0a6a0 0x1 0x0 0x0 0x6f0002 0x1 0x730005 0x0 0x0 0x234d1d05c20 0x1 0x0 0x0 0x760002 0x1 0x7b0005 0x0 0x0 0x234d1d05c20 0x1 0x0 0x0 0x810005 0x0 0x0 0x234d1d05c20 0x1 0x0 0x0 0x870005 0x0 0x0 0x234d1d0a330 0x1 0x0 0x0 0x8f0002 0x1 0x0 0x0 0x0 0x0 0x0 0x0 0x9 0x5 0x0 0x0 0x0 0x0 0x0 oops 12 5 com/sun/org/apache/xerces/internal/dom/ElementNSImpl 12 org/hl7/fhir/r5/context/SimpleWorkerContext 21 org/hl7/fhir/r5/context/SimpleWorkerContext 28 org/hl7/fhir/r5/model/StructureDefinition 62 org/hl7/fhir/r5/model/StructureDefinition 69 org/hl7/fhir/r5/model/StructureDefinition$StructureDefinitionSnapshotComponent 76 java/util/ArrayList 83 org/hl7/fhir/r5/model/ElementDefinition 92 org/hl7/fhir/r5/elementmodel/Element 101 org/hl7/fhir/r5/elementmodel/Element 108 org/hl7/fhir/r5/elementmodel/Element 115 com/sun/org/apache/xerces/internal/dom/ElementNSImpl methods 0
ciMethodData org/hl7/fhir/r5/elementmodel/XmlParser empty (Lorg/w3c/dom/Element;)Z 1 7506 orig 80 0 0 0 0 0 0 0 0 0 0 0 0 249 127 0 0 0 0 0 0 0 0 0 0 0 0 0 0 0 0 0 0 0 0 0 0 0 0 0 0 0 0 0 0 0 0 0 0 0 0 0 0 0 0 0 0 0 0 0 0 0 0 0 0 0 0 0 0 0 0 0 0 0 0 0 0 0 0 0 0 data 126 0x40005 0x0 0x0 0x234d1d0a330 0x227 0x0 0x0 0x90005 0x0 0x0 0x234d1d0a3e0 0x227 0x0 0x0 0xe0007 0x6f 0x190 0x1b8 0x120005 0x0 0x0 0x234d1d0a330 0x1b8 0x0 0x0 0x180005 0x0 0x0 0x234d1d0a3e0 0x1b8 0x0 0x0 0x1d0005 0x0 0x0 0x234d1d0a540 0x1b8 0x0 0x0 0x260005 0x1b8 0x0 0x0 0x0 0x0 0x0 0x290007 0x3 0x78 0x1b5 0x2f0005 0x1b5 0x0 0x0 0x0 0x0 0x0 0x320007 0x0 0x20 0x1b5 0x3a0003 0x3 0xfffffffffffffe18 0x3e0005 0x0 0x0 0x234d1d0a330 0x6f 0x0 0x0 0x430005 0x6f 0x0 0x0 0x0 0x0 0x0 0x460002 0x6f 0x490007 0x6c 0x20 0x3 0x4f0005 0x0 0x0 0x234d1d0a330 0x6c 0x0 0x0 0x560007 0x0 0xc8 0xd8 0x5a0005 0x0 0x0 0x234d1d0a8b0 0x6c 0x234d1d0a330 0x6c 0x600007 0x6c 0x20 0x6c 0x660005 0x0 0x0 0x234d1d0a8b0 0x6c 0x0 0x0 0x6c0003 0x6c 0xffffffffffffff50 0x0 0x0 0x0 0x0 0x0 0x0 0x9 0x2 0x0 0xffffffffffffffff oops 10 3 com/sun/org/apache/xerces/internal/dom/ElementNSImpl 10 com/sun/org/apache/xerces/internal/dom/AttributeMap 21 com/sun/org/apache/xerces/internal/dom/ElementNSImpl 28 com/sun/org/apache/xerces/internal/dom/AttributeMap 35 com/sun/org/apache/xerces/internal/dom/AttrNSImpl 67 com/sun/org/apache/xerces/internal/dom/ElementNSImpl 87 com/sun/org/apache/xerces/internal/dom/ElementNSImpl 98 com/sun/org/apache/xerces/internal/dom/TextImpl 100 com/sun/org/apache/xerces/internal/dom/ElementNSImpl 109 com/sun/org/apache/xerces/internal/dom/TextImpl methods 0
ciMethodData org/hl7/fhir/utilities/xhtml/XhtmlComposer writeNode (Ljava/lang/String;Lorg/hl7/fhir/utilities/xhtml/XhtmlNode;Z)V 2 28810 orig 80 0 0 0 0 0 0 0 0 0 0 0 0 249 127 0 0 0 0 0 0 0 0 0 0 0 0 0 0 0 0 0 0 0 0 0 0 0 0 0 0 0 0 0 0 0 0 0 0 0 0 0 0 0 0 0 0 0 0 0 0 0 0 0 0 0 0 0 0 0 0 0 0 0 0 0 0 0 0 0 0 data 160 0x10005 0x0 0x0 0x234c74670c0 0x6f0a 0x0 0x0 0x70007 0x6f0a 0x48 0x0 0xe0002 0x0 0x110003 0x0 0x438 0x150005 0x0 0x0 0x234c74670c0 0x6f0a 0x0 0x0 0x1b0007 0x6f0a 0x48 0x0 0x200002 0x0 0x230003 0x0 0x3b8 0x270005 0x0 0x0 0x234c74670c0 0x6f0a 0x0 0x0 0x2d0007 0x6f0a 0x48 0x0 0x320002 0x0 0x350003 0x0 0x338 0x390005 0x0 0x0 0x234c74670c0 0x6f0a 0x0 0x0 0x3f0007 0x49d6 0x48 0x2534 0x460002 0x2534 0x490003 0x2534 0x2b8 0x4d0005 0x0 0x0 0x234c74670c0 0x49d6 0x0 0x0 0x530007 0x49d6 0x48 0x0 0x590002 0x0 0x5c0003 0x0 0x238 0x600005 0x0 0x0 0x234c74670c0 0x49d6 0x0 0x0 0x660007 0x0 0x48 0x49d6 0x6b0002 0x49d6 0x6e0003 0x49d6 0x1b8 0x720005 0x0 0x0 0x0 0x0 0x0 0x0 0x750007 0x0 0x30 0x0 0x7e0002 0x0 0x8a0002 0x0 0x8f0005 0x0 0x0 0x0 0x0 0x0 0x0 0x930005 0x0 0x0 0x0 0x0 0x0 0x0 0x960005 0x0 0x0 0x0 0x0 0x0 0x0 0x990005 0x0 0x0 0x0 0x0 0x0 0x0 0x9c0005 0x0 0x0 0x0 0x0 0x0 0x0 0x9f0002 0x0 0x0 0x0 0x0 0x0 0x0 0x0 0x9 0x4 0x0 0x0 0x0 0x0 oops 6 3 org/hl7/fhir/utilities/xhtml/XhtmlNode 19 org/hl7/fhir/utilities/xhtml/XhtmlNode 35 org/hl7/fhir/utilities/xhtml/XhtmlNode 51 org/hl7/fhir/utilities/xhtml/XhtmlNode 67 org/hl7/fhir/utilities/xhtml/XhtmlNode 83 org/hl7/fhir/utilities/xhtml/XhtmlNode methods 0
ciMethodData com/sun/org/apache/xerces/internal/dom/NodeImpl ownerDocument ()Lcom/sun/org/apache/xerces/internal/dom/CoreDocumentImpl; 2 40116 orig 80 0 0 0 0 0 0 0 0 0 0 0 0 249 127 0 0 0 0 0 0 0 0 0 0 0 0 0 0 0 0 0 0 0 0 0 0 0 0 0 0 0 0 0 0 0 0 0 0 0 0 0 0 0 0 0 0 0 0 0 0 0 0 0 0 0 0 0 0 0 0 0 0 0 0 0 0 0 0 0 0 data 34 0x10005 0x9ba9 0x0 0x0 0x0 0x0 0x0 0x40007 0x2ae5 0x58 0x70c4 0xb0005 0x0 0x0 0x234d1d0a280 0x70c4 0x0 0x0 0x130004 0x0 0x0 0x234c9fc8ca0 0x21de 0x234c9fcabb0 0x907 0x0 0x0 0x0 0x0 0x0 0x0 0x9 0x1 0x0 oops 3 14 com/sun/org/apache/xerces/internal/dom/DeferredElementNSImpl 21 com/sun/org/apache/xerces/internal/dom/DeferredDocumentImpl 23 com/sun/org/apache/xerces/internal/dom/DocumentImpl methods 0
ciMethodData com/sun/org/apache/xerces/internal/dom/NodeImpl isOwned ()Z 2 149685 orig 80 0 0 0 0 0 0 0 0 0 0 0 0 249 127 0 0 0 0 0 0 0 0 0 0 0 0 0 0 0 0 0 0 0 0 0 0 0 0 0 0 0 0 0 0 0 0 0 0 0 0 0 0 0 0 0 0 0 0 0 0 0 0 0 0 0 0 0 0 0 0 0 0 0 0 0 0 0 0 0 0 data 13 0x70007 0x1034a 0x38 0x1445e 0xb0003 0x1445e 0x18 0x0 0x0 0x0 0x9 0x1 0x0 oops 0 methods 0
ciMethodData com/sun/org/apache/xerces/internal/dom/DeferredDocumentImpl synchronizeChildren (Lcom/sun/org/apache/xerces/internal/dom/ParentNode;I)V 2 33877 orig 80 0 0 0 0 0 0 0 0 0 0 0 0 249 127 0 0 0 0 0 0 0 0 0 0 0 0 0 0 0 0 0 0 0 0 0 0 0 0 0 0 0 0 0 0 0 0 0 0 0 0 0 0 0 0 0 0 0 0 0 0 0 0 0 0 0 0 0 0 0 0 0 0 0 0 0 0 0 0 0 0 data 106 0x10005 0x0 0x0 0x234c9fc8ca0 0x32b0 0x0 0x0 0x70005 0x0 0x0 0x234c9fc8ca0 0x32b0 0x0 0x0 0xc0005 0x32b0 0x0 0x0 0x0 0x0 0x0 0x170005 0x0 0x0 0x234c9fc8ca0 0x32b0 0x0 0x0 0x1f0007 0x32b0 0x150 0x8043 0x250005 0x0 0x0 0x234c9fc8ca0 0x8043 0x0 0x0 0x280004 0x0 0x0 0x234d1d0a5f0 0x4dc3 0x234d1d0a280 0x3280 0x2f0007 0x6480 0x38 0x1bc3 0x360003 0x1bc3 0x18 0x490005 0x8043 0x0 0x0 0x0 0x0 0x0 0x5a0005 0x0 0x0 0x234c9fc8ca0 0x8043 0x0 0x0 0x5f0003 0x8043 0xfffffffffffffec8 0x640007 0x16ed 0x90 0x1bc3 0x700005 0x1bc3 0x0 0x0 0x0 0x0 0x0 0x760005 0x1bc3 0x0 0x0 0x0 0x0 0x0 0x7b0005 0x0 0x0 0x234c9fc8ca0 0x32b0 0x0 0x0 0x0 0x0 0x0 0x0 0x0 0x0 0x9 0x3 0x0 0x0 0x0 oops 8 3 com/sun/org/apache/xerces/internal/dom/DeferredDocumentImpl 10 com/sun/org/apache/xerces/internal/dom/DeferredDocumentImpl 24 com/sun/org/apache/xerces/internal/dom/DeferredDocumentImpl 35 com/sun/org/apache/xerces/internal/dom/DeferredDocumentImpl 42 com/sun/org/apache/xerces/internal/dom/DeferredTextImpl 44 com/sun/org/apache/xerces/internal/dom/DeferredElementNSImpl 63 com/sun/org/apache/xerces/internal/dom/DeferredDocumentImpl 91 com/sun/org/apache/xerces/internal/dom/DeferredDocumentImpl methods 0
ciMethodData com/sun/org/apache/xerces/internal/dom/ParentNode lastChild (Lcom/sun/org/apache/xerces/internal/dom/ChildNode;)V 2 7418 orig 80 0 0 0 0 0 0 0 0 0 0 0 0 249 127 0 0 0 0 0 0 0 0 0 0 0 0 0 0 0 0 0 0 0 0 0 0 0 0 0 0 0 0 0 0 0 0 0 0 0 0 0 0 0 0 0 0 0 0 0 0 0 0 0 0 0 0 0 0 0 0 0 0 0 0 0 0 0 0 0 0 data 14 0x40007 0x0 0x20 0x1bd2 0x0 0x0 0x0 0x0 0x0 0x0 0x9 0x2 0x0 0x0 oops 0 methods 0
ciMethodData com/sun/org/apache/xerces/internal/dom/DeferredDocumentImpl getNodeValueString (IZ)Ljava/lang/String; 2 20983 orig 80 0 0 0 0 0 0 0 0 0 0 0 0 249 127 0 0 0 0 0 0 0 0 0 0 0 0 0 0 0 0 0 0 0 0 0 0 0 0 0 0 0 0 0 0 0 0 0 0 0 0 0 0 0 0 0 0 0 0 0 0 0 0 0 0 0 0 0 0 0 0 0 0 0 0 0 0 0 0 0 0 data 296 0x20007 0x5054 0x20 0x0 0x140007 0x0 0x70 0x5054 0x1f0005 0x5054 0x0 0x0 0x0 0x0 0x0 0x220003 0x5054 0x50 0x2d0005 0x0 0x0 0x0 0x0 0x0 0x0 0x340007 0x5054 0x20 0x0 0x410005 0x5054 0x0 0x0 0x0 0x0 0x0 0x490007 0x1634 0x418 0x3a20 0x4e0005 0x0 0x0 0x234c9fc8ca0 0x3a20 0x0 0x0 0x560007 0x162c 0x3a8 0x23f4 0x5d0005 0x0 0x0 0x234c9fc8ca0 0x23f4 0x0 0x0 0x610007 0x23e9 0x350 0xb 0x6a0005 0x0 0x0 0x234c68a4a30 0xb 0x0 0x0 0x860005 0xb 0x0 0x0 0x0 0x0 0x0 0x910005 0x0 0x0 0x234c68a4a30 0xb 0x0 0x0 0x9f0005 0xb 0x0 0x0 0x0 0x0 0x0 0xa70007 0x6 0x38 0x5 0xaa0003 0x5 0x70 0xb10005 0x0 0x0 0x234c9fc8ca0 0x6 0x0 0x0 0xb50007 0x0 0xfffffffffffffee8 0x6 0xbc0005 0x0 0x0 0x234c68a4a30 0xb 0x0 0x0 0xcb0007 0xb 0xe0 0x16 0xd80005 0x0 0x0 0x234c68a4a30 0x16 0x0 0x0 0xdd0004 0x0 0x0 0x234c68a1720 0x16 0x0 0x0 0xe00005 0x16 0x0 0x0 0x0 0x0 0x0 0xe70003 0x16 0xffffffffffffff38 0xee0005 0xb 0x0 0x0 0x0 0x0 0x0 0xf70005 0x0 0x0 0x234c68a4a30 0xb 0x0 0x0 0x1010005 0xb 0x0 0x0 0x0 0x0 0x0 0x1070003 0x3a15 0x368 0x10d0007 0x1634 0x350 0x0 0x1130005 0x0 0x0 0x0 0x0 0x0 0x0 0x11b0007 0x0 0x2f8 0x0 0x1240005 0x0 0x0 0x0 0x0 0x0 0x0 0x12b0007 0x0 0xe0 0x0 0x1440005 0x0 0x0 0x0 0x0 0x0 0x0 0x14f0005 0x0 0x0 0x0 0x0 0x0 0x0 0x15d0005 0x0 0x0 0x0 0x0 0x0 0x0 0x1620003 0x0 0xffffffffffffff38 0x1690005 0x0 0x0 0x0 0x0 0x0 0x0 0x1740007 0x0 0xe0 0x0 0x1810005 0x0 0x0 0x0 0x0 0x0 0x0 0x1860004 0x0 0x0 0x0 0x0 0x0 0x0 0x1890005 0x0 0x0 0x0 0x0 0x0 0x0 0x1900003 0x0 0xffffffffffffff38 0x1970005 0x0 0x0 0x0 0x0 0x0 0x0 0x1a00005 0x0 0x0 0x0 0x0 0x0 0x0 0x1aa0005 0x0 0x0 0x0 0x0 0x0 0x0 0x0 0x0 0x0 0x0 0x0 0x0 0x0 0x0 0x0 0x0 0x0 0x0 0x0 0x0 0x0 0x0 0x0 0x0 0x9 0x3 0x0 0x0 0x0 oops 9 43 com/sun/org/apache/xerces/internal/dom/DeferredDocumentImpl 54 com/sun/org/apache/xerces/internal/dom/DeferredDocumentImpl 65 java/util/ArrayList 79 java/util/ArrayList 100 com/sun/org/apache/xerces/internal/dom/DeferredDocumentImpl 111 java/util/ArrayList 122 java/util/ArrayList 129 java/lang/String 153 java/util/ArrayList methods 0
ciMethodData com/sun/org/apache/xerces/internal/dom/DeferredDocumentImpl getNodeValueString (I)Ljava/lang/String; 2 29134 orig 80 0 0 0 0 0 0 0 0 0 0 0 0 249 127 0 0 0 0 0 0 0 0 0 0 0 0 0 0 0 0 0 0 0 0 0 0 0 0 0 0 0 0 0 0 0 0 0 0 0 0 0 0 0 0 0 0 0 0 0 0 0 0 0 0 0 0 0 0 0 0 0 0 0 0 0 0 0 0 0 0 data 17 0x30005 0x0 0x0 0x234c9fc8ca0 0x7003 0x0 0x0 0x0 0x0 0x0 0x0 0x0 0x0 0x9 0x2 0x0 0x0 oops 1 3 com/sun/org/apache/xerces/internal/dom/DeferredDocumentImpl methods 0
ciMethodData com/sun/org/apache/xerces/internal/dom/NodeImpl getTextContent ()Ljava/lang/String; 2 32931 orig 80 0 0 0 0 0 0 0 0 0 0 0 0 249 127 0 0 0 0 0 0 0 0 0 0 0 0 0 0 0 0 0 0 0 0 0 0 0 0 0 0 0 0 0 0 0 0 0 0 0 0 0 0 0 0 0 0 0 0 0 0 0 0 0 0 0 0 0 0 0 0 0 0 0 0 0 0 0 0 0 0 data 16 0x10005 0x0 0x0 0x234d1d0a5f0 0x4ded 0x234d1d0a8b0 0x3101 0x0 0x0 0x0 0x0 0x0 0x0 0x9 0x1 0x0 oops 2 3 com/sun/org/apache/xerces/internal/dom/DeferredTextImpl 5 com/sun/org/apache/xerces/internal/dom/TextImpl methods 0
ciMethodData com/sun/org/apache/xerces/internal/dom/NodeImpl getUserData (Ljava/lang/String;)Ljava/lang/Object; 2 35256 orig 80 0 0 0 0 0 0 0 0 0 0 0 0 249 127 0 0 0 0 0 0 0 0 0 0 0 0 0 0 0 0 0 0 0 0 0 0 0 0 0 0 0 0 0 0 0 0 0 0 0 0 0 0 0 0 0 0 0 0 0 0 0 0 0 0 0 0 0 0 0 0 0 0 0 0 0 0 0 0 0 0 data 24 0x10005 0x0 0x0 0x234d1d0a280 0x7474 0x234d1d0a330 0x1436 0x60005 0x0 0x0 0x234c9fc8ca0 0x7474 0x234c9fcabb0 0x1436 0x0 0x0 0x0 0x0 0x0 0x0 0x9 0x2 0x0 0x0 oops 4 3 com/sun/org/apache/xerces/internal/dom/DeferredElementNSImpl 5 com/sun/org/apache/xerces/internal/dom/ElementNSImpl 10 com/sun/org/apache/xerces/internal/dom/DeferredDocumentImpl 12 com/sun/org/apache/xerces/internal/dom/DocumentImpl methods 0
ciMethodData com/sun/org/apache/xerces/internal/dom/CoreDocumentImpl getUserData (Lorg/w3c/dom/Node;Ljava/lang/String;)Ljava/lang/Object; 2 21915 orig 80 1 0 0 0 0 0 0 0 0 0 0 0 249 127 0 0 0 0 0 0 0 0 0 0 0 0 0 0 0 0 0 0 0 0 0 0 0 0 0 1 0 0 0 0 0 0 0 0 0 0 0 0 0 0 0 0 0 0 0 0 0 0 0 0 0 0 0 0 0 0 0 0 0 0 0 0 0 0 0 0 data 51 0x8000000600040007 0x47 0x20 0x4056 0xe0005 0x0 0x0 0x234ca0b9f40 0x47 0x0 0x0 0x130004 0x0 0x0 0x234ca0b9f40 0x47 0x0 0x0 0x180007 0x47 0x20 0x0 0x1f0005 0x0 0x0 0x234ca0b9f40 0x47 0x0 0x0 0x240004 0x0 0x0 0x234ca0b9650 0x47 0x0 0x0 0x2b0007 0x0 0x20 0x47 0x0 0x0 0x0 0x0 0x0 0x0 0x9 0x3 0x0 0x0 0x0 oops 4 7 java/util/HashMap 14 java/util/HashMap 25 java/util/HashMap 32 com/sun/org/apache/xerces/internal/dom/ParentNode$UserDataRecord methods 0
ciMethodData com/sun/org/apache/xerces/internal/dom/ElementImpl getAttributes ()Lorg/w3c/dom/NamedNodeMap; 2 24300 orig 80 0 0 0 0 0 0 0 0 0 0 0 0 249 127 0 0 0 0 0 0 0 0 0 0 0 0 0 0 0 0 0 0 0 0 0 0 0 0 0 0 0 0 0 0 0 0 0 0 0 0 0 0 0 0 0 0 0 0 0 0 0 0 0 0 0 0 0 0 0 0 0 0 0 0 0 0 0 0 0 0 data 33 0x10005 0x5dd7 0x0 0x0 0x0 0x0 0x0 0x40007 0x5dd7 0x58 0x0 0x80005 0x0 0x0 0x0 0x0 0x0 0x0 0xf0007 0x3d34 0x30 0x20a3 0x190002 0x20a3 0x0 0x0 0x0 0x0 0x0 0x0 0x9 0x1 0x0 oops 0 methods 0
ciMethodData com/sun/org/apache/xerces/internal/dom/AttributeMap <init> (Lcom/sun/org/apache/xerces/internal/dom/ElementImpl;Lcom/sun/org/apache/xerces/internal/dom/NamedNodeMapImpl;)V 2 8838 orig 80 0 0 0 0 0 0 0 0 0 0 0 0 249 127 0 0 0 0 0 0 0 0 0 0 0 0 0 0 0 0 0 0 0 0 0 0 0 0 0 0 0 0 0 0 0 0 0 0 0 0 0 0 0 0 0 0 0 0 0 0 0 0 0 0 0 0 0 0 0 0 0 0 0 0 0 0 0 0 0 0 data 35 0x20002 0x2106 0x60007 0x2106 0xb0 0x0 0xb0005 0x0 0x0 0x0 0x0 0x0 0x0 0x120007 0x0 0x58 0x0 0x170005 0x0 0x0 0x0 0x0 0x0 0x0 0x0 0x0 0x0 0x0 0x0 0x0 0x9 0x3 0x0 0x0 0x0 oops 0 methods 0
ciMethodData com/sun/org/apache/xerces/internal/dom/DeferredElementNSImpl synchronizeChildren ()V 2 13376 orig 80 0 0 0 0 0 0 0 0 0 0 0 0 249 127 0 0 0 0 0 0 0 0 0 0 0 0 0 0 0 0 0 0 0 0 0 0 0 0 0 0 0 0 0 0 0 0 0 0 0 0 0 0 0 0 0 0 0 0 0 0 0 0 0 0 0 0 0 0 0 0 0 0 0 0 0 0 0 0 0 0 data 30 0x10005 0x0 0x0 0x234d1d0a280 0x32bd 0x0 0x0 0x40004 0x0 0x0 0x234c9fc8ca0 0x32bd 0x0 0x0 0xe0005 0x32bd 0x0 0x0 0x0 0x0 0x0 0x0 0x0 0x0 0x0 0x0 0x0 0x9 0x1 0x0 oops 2 3 com/sun/org/apache/xerces/internal/dom/DeferredElementNSImpl 10 com/sun/org/apache/xerces/internal/dom/DeferredDocumentImpl methods 0
ciMethodData com/sun/org/apache/xerces/internal/dom/AttributeMap cloneContent (Lcom/sun/org/apache/xerces/internal/dom/NamedNodeMapImpl;)V 1 0 orig 80 0 0 0 0 0 0 0 0 0 0 0 0 249 127 0 0 0 0 0 0 0 0 0 0 0 0 0 0 0 0 0 0 0 0 0 0 0 0 0 0 0 0 0 0 0 0 0 0 0 0 0 0 0 0 0 0 0 0 0 0 0 0 0 0 0 0 0 0 0 0 0 0 0 0 0 0 0 0 0 0 data 104 0x60007 0x0 0x2f0 0x0 0xa0005 0x0 0x0 0x0 0x0 0x0 0x0 0x110007 0x0 0x298 0x0 0x180007 0x0 0x48 0x0 0x210002 0x0 0x270003 0x0 0x50 0x2e0005 0x0 0x0 0x0 0x0 0x0 0x0 0x390007 0x0 0x1f8 0x0 0x3f0005 0x0 0x0 0x0 0x0 0x0 0x0 0x440004 0x0 0x0 0x0 0x0 0x0 0x0 0x4c0005 0x0 0x0 0x0 0x0 0x0 0x0 0x4f0004 0x0 0x0 0x0 0x0 0x0 0x0 0x580005 0x0 0x0 0x0 0x0 0x0 0x0 0x5b0005 0x0 0x0 0x0 0x0 0x0 0x0 0x640005 0x0 0x0 0x0 0x0 0x0 0x0 0x760005 0x0 0x0 0x0 0x0 0x0 0x0 0x7c0003 0x0 0xfffffffffffffe20 0x0 0x0 0x0 0x0 0x0 0x0 0x9 0x2 0x4 0x0 oops 0 methods 0
ciMethodData com/sun/org/apache/xerces/internal/dom/NamedNodeMapImpl hasDefaults (Z)V 1 0 orig 80 0 0 0 0 0 0 0 0 0 0 0 0 249 127 0 0 0 0 0 0 0 0 0 0 0 0 0 0 0 0 0 0 0 0 0 0 0 0 0 0 0 0 0 0 0 0 0 0 0 0 0 0 0 0 0 0 0 0 0 0 0 0 0 0 0 0 0 0 0 0 0 0 0 0 0 0 0 0 0 0 data 15 0x20007 0x0 0x38 0x0 0xb0003 0x0 0x18 0x0 0x0 0x0 0x0 0x9 0x2 0x6 0x0 oops 0 methods 0
ciMethodData com/sun/org/apache/xerces/internal/dom/CharacterDataImpl getNodeValue ()Ljava/lang/String; 2 40117 orig 80 0 0 0 0 0 0 0 0 0 0 0 0 249 127 0 0 0 0 0 0 0 0 0 0 0 0 0 0 0 0 0 0 0 0 0 0 0 0 0 0 0 0 0 0 0 0 0 0 0 0 0 0 0 0 0 0 0 0 0 0 0 0 0 0 0 0 0 0 0 0 0 0 0 0 0 0 0 0 0 0 data 27 0x10005 0x9a9f 0x0 0x0 0x0 0x0 0x0 0x40007 0x4d13 0x58 0x4d8c 0x80005 0x0 0x0 0x234d1d0a5f0 0x4d8c 0x0 0x0 0x0 0x0 0x0 0x0 0x0 0x0 0x9 0x1 0x0 oops 1 14 com/sun/org/apache/xerces/internal/dom/DeferredTextImpl methods 0
ciMethodData com/sun/org/apache/xerces/internal/dom/DeferredTextImpl synchronizeData ()V 2 20381 orig 80 0 0 0 0 0 0 0 0 0 0 0 0 249 127 0 0 0 0 0 0 0 0 0 0 0 0 0 0 0 0 0 0 0 0 0 0 0 0 0 0 0 0 0 0 0 0 0 0 0 0 0 0 0 0 0 0 0 0 0 0 0 0 0 0 0 0 0 0 0 0 0 0 0 0 0 0 0 0 0 0 data 58 0x20005 0x4d8a 0x0 0x0 0x0 0x0 0x0 0x60005 0x0 0x0 0x234d1d0a5f0 0x4d8a 0x0 0x0 0x90004 0x0 0x0 0x234c9fc8ca0 0x4d8a 0x0 0x0 0x130005 0x0 0x0 0x234c9fc8ca0 0x4d8a 0x0 0x0 0x1f0005 0x0 0x0 0x234c9fc8ca0 0x4d8a 0x0 0x0 0x230007 0x4d8a 0x38 0x0 0x270003 0x0 0x18 0x2b0005 0x4d8a 0x0 0x0 0x0 0x0 0x0 0x0 0x0 0x0 0x0 0x0 0x0 0x9 0x1 0x0 oops 4 10 com/sun/org/apache/xerces/internal/dom/DeferredTextImpl 17 com/sun/org/apache/xerces/internal/dom/DeferredDocumentImpl 24 com/sun/org/apache/xerces/internal/dom/DeferredDocumentImpl 31 com/sun/org/apache/xerces/internal/dom/DeferredDocumentImpl methods 0
ciMethodData com/sun/org/apache/xerces/internal/dom/NodeImpl isIgnorableWhitespace (Z)V 2 20381 orig 80 0 0 0 0 0 0 0 0 0 0 0 0 249 127 0 0 0 0 0 0 0 0 0 0 0 0 0 0 0 0 0 0 0 0 0 0 0 0 0 0 0 0 0 0 0 0 0 0 0 0 0 0 0 0 0 0 0 0 0 0 0 0 0 0 0 0 0 0 0 0 0 0 0 0 0 0 0 0 0 0 data 15 0x20007 0x4d85 0x38 0x0 0xc0003 0x0 0x18 0x0 0x0 0x0 0x0 0x9 0x2 0x0 0x0 oops 0 methods 0
ciMethodData com/sun/org/apache/xerces/internal/dom/AttrImpl getNodeName ()Ljava/lang/String; 2 30999 orig 80 0 0 0 0 0 0 0 0 0 0 0 0 249 127 0 0 0 0 0 0 0 0 0 0 0 0 0 0 0 0 0 0 0 0 0 0 0 0 0 0 0 0 0 0 0 0 0 0 0 0 0 0 0 0 0 0 0 0 0 0 0 0 0 0 0 0 0 0 0 0 0 0 0 0 0 0 0 0 0 0 data 27 0x10005 0x7785 0x0 0x0 0x0 0x0 0x0 0x40007 0x7785 0x58 0x0 0x80005 0x0 0x0 0x0 0x0 0x0 0x0 0x0 0x0 0x0 0x0 0x0 0x0 0x9 0x1 0x0 oops 0 methods 0
ciMethodData com/sun/org/apache/xerces/internal/dom/ChildNode getPreviousSibling ()Lorg/w3c/dom/Node; 2 31165 orig 80 0 0 0 0 0 0 0 0 0 0 0 0 249 127 0 0 0 0 0 0 0 0 0 0 0 0 0 0 0 0 0 0 0 0 0 0 0 0 0 0 0 0 0 0 0 0 0 0 0 0 0 0 0 0 0 0 0 0 0 0 0 0 0 0 0 0 0 0 0 0 0 0 0 0 0 0 0 0 0 0 data 23 0x10005 0x7723 0x0 0x0 0x0 0x0 0x0 0x40007 0x6bb3 0x38 0xb70 0x80003 0xb70 0x18 0x0 0x0 0x0 0x0 0x0 0x0 0x9 0x1 0x0 oops 0 methods 0
ciMethodData com/sun/org/apache/xerces/internal/dom/NodeImpl isFirstChild ()Z 2 31843 orig 80 0 0 0 0 0 0 0 0 0 0 0 0 249 127 0 0 0 0 0 0 0 0 0 0 0 0 0 0 0 0 0 0 0 0 0 0 0 0 0 0 0 0 0 0 0 0 0 0 0 0 0 0 0 0 0 0 0 0 0 0 0 0 0 0 0 0 0 0 0 0 0 0 0 0 0 0 0 0 0 0 data 13 0x70007 0x6cdc 0x38 0xced 0xb0003 0xced 0x18 0x0 0x0 0x0 0x9 0x1 0x0 oops 0 methods 0
ciMethodData com/sun/org/apache/xerces/internal/dom/ElementNSImpl getNamespaceURI ()Ljava/lang/String; 2 25840 orig 80 0 0 0 0 0 0 0 0 0 0 0 0 249 127 0 0 0 0 0 0 0 0 0 0 0 0 0 0 0 0 0 0 0 0 0 0 0 0 0 0 0 0 0 0 0 0 0 0 0 0 0 0 0 0 0 0 0 0 0 0 0 0 0 0 0 0 0 0 0 0 0 0 0 0 0 0 0 0 0 0 data 27 0x10005 0x61b3 0x0 0x0 0x0 0x0 0x0 0x40007 0x61a4 0x58 0xf 0x80005 0x0 0x0 0x234d1d0a280 0xf 0x0 0x0 0x0 0x0 0x0 0x0 0x0 0x0 0x9 0x1 0xffffffffffffffff oops 1 14 com/sun/org/apache/xerces/internal/dom/DeferredElementNSImpl methods 0
ciMethodData com/sun/org/apache/xerces/internal/dom/NamedNodeMapImpl getLength ()I 2 45350 orig 80 0 0 0 0 0 0 0 0 0 0 0 0 249 127 0 0 0 0 0 0 0 0 0 0 0 0 0 0 0 0 0 0 0 0 0 0 0 0 0 0 0 0 0 0 0 0 0 0 0 0 0 0 0 0 0 0 0 0 0 0 0 0 0 0 0 0 0 0 0 0 0 0 0 0 0 0 0 0 0 0 data 23 0x40007 0x1afb 0x70 0x9311 0xb0005 0x0 0x0 0x234c68a4a30 0x9311 0x0 0x0 0x100003 0x9311 0x18 0x0 0x0 0x0 0x0 0x0 0x0 0x9 0x1 0x0 oops 1 7 java/util/ArrayList methods 0
ciMethodData com/sun/org/apache/xerces/internal/dom/NodeImpl hasStringValue (Z)V 2 22301 orig 80 0 0 0 0 0 0 0 0 0 0 0 0 249 127 0 0 0 0 0 0 0 0 0 0 0 0 0 0 0 0 0 0 0 0 0 0 0 0 0 0 0 0 0 0 0 0 0 0 0 0 0 0 0 0 0 0 0 0 0 0 0 0 0 0 0 0 0 0 0 0 0 0 0 0 0 0 0 0 0 0 data 15 0x20007 0x4a4 0x38 0x4fa8 0xd0003 0x4fa8 0x18 0x0 0x0 0x0 0x0 0x9 0x2 0x0 0x0 oops 0 methods 0
ciMethodData com/sun/org/apache/xerces/internal/dom/AttrImpl getValue ()Ljava/lang/String; 2 32800 orig 80 0 0 0 0 0 0 0 0 0 0 0 0 249 127 0 0 0 0 0 0 0 0 0 0 0 0 0 0 0 0 0 0 0 0 0 0 0 0 0 0 0 0 0 0 0 0 0 0 0 0 0 0 0 0 0 0 0 0 0 0 0 0 0 0 0 0 0 0 0 0 0 0 0 0 0 0 0 0 0 0 data 193 0x10005 0x7d38 0x0 0x0 0x0 0x0 0x0 0x40007 0x7d38 0x58 0x0 0x80005 0x0 0x0 0x0 0x0 0x0 0x0 0xc0005 0x7d38 0x0 0x0 0x0 0x0 0x0 0xf0007 0x5c7c 0x58 0x20bc 0x130005 0x0 0x0 0x234d1d0a490 0x20bc 0x0 0x0 0x1a0007 0x7d38 0x20 0x0 0x210005 0x7d38 0x0 0x0 0x0 0x0 0x0 0x240007 0x3bda 0x58 0x415e 0x2b0004 0x0 0x0 0x234c68a1720 0x415e 0x0 0x0 0x330004 0x0 0x0 0x234d1d0a8b0 0x3bda 0x0 0x0 0x3a0005 0x0 0x0 0x234d1d0a8b0 0x3bda 0x0 0x0 0x3e0007 0x3bda 0xa8 0x0 0x420004 0x0 0x0 0x0 0x0 0x0 0x0 0x450005 0x0 0x0 0x0 0x0 0x0 0x0 0x490003 0x0 0x50 0x4d0005 0x0 0x0 0x234d1d0a8b0 0x3bda 0x0 0x0 0x570007 0x3bda 0x40 0x0 0x5b0007 0x0 0x58 0x0 0x5f0007 0x3bda 0x38 0x0 0x640003 0x0 0x18 0x6e0002 0x0 0x740007 0x0 0x1e0 0x0 0x780005 0x0 0x0 0x0 0x0 0x0 0x0 0x7c0007 0x0 0x100 0x0 0x800004 0x0 0x0 0x0 0x0 0x0 0x0 0x830005 0x0 0x0 0x0 0x0 0x0 0x0 0x880007 0x0 0x20 0x0 0x910005 0x0 0x0 0x0 0x0 0x0 0x0 0x950003 0x0 0x88 0x9b0005 0x0 0x0 0x0 0x0 0x0 0x0 0x9e0005 0x0 0x0 0x0 0x0 0x0 0x0 0xa70003 0x0 0xfffffffffffffe38 0xac0005 0x0 0x0 0x0 0x0 0x0 0x0 0x0 0x0 0x0 0x0 0x0 0x0 0x9 0x1 0x0 oops 5 32 com/sun/org/apache/xerces/internal/dom/DeferredAttrNSImpl 54 java/lang/String 61 com/sun/org/apache/xerces/internal/dom/TextImpl 68 com/sun/org/apache/xerces/internal/dom/TextImpl 96 com/sun/org/apache/xerces/internal/dom/TextImpl methods 0
ciMethodData com/sun/org/apache/xerces/internal/dom/NodeImpl hasStringValue ()Z 2 34088 orig 80 0 0 0 0 0 0 0 0 0 0 0 0 249 127 0 0 0 0 0 0 0 0 0 0 0 0 0 0 0 0 0 0 0 0 0 0 0 0 0 0 0 0 0 0 0 0 0 0 0 0 0 0 0 0 0 0 0 0 0 0 0 0 0 0 0 0 0 0 0 0 0 0 0 0 0 0 0 0 0 0 data 13 0x80007 0x3e5e 0x38 0x43e0 0xc0003 0x43e0 0x18 0x0 0x0 0x0 0x9 0x1 0x0 oops 0 methods 0
ciMethodData com/sun/org/apache/xerces/internal/dom/AttrNSImpl getLocalName ()Ljava/lang/String; 2 24282 orig 80 0 0 0 0 0 0 0 0 0 0 0 0 249 127 0 0 0 0 0 0 0 0 0 0 0 0 0 0 0 0 0 0 0 0 0 0 0 0 0 0 0 0 0 0 0 0 0 0 0 0 0 0 0 0 0 0 0 0 0 0 0 0 0 0 0 0 0 0 0 0 0 0 0 0 0 0 0 0 0 0 data 27 0x10005 0x5bd3 0x0 0x0 0x0 0x0 0x0 0x40007 0x5bd3 0x58 0x0 0x80005 0x0 0x0 0x0 0x0 0x0 0x0 0x0 0x0 0x0 0x0 0x0 0x0 0x9 0x1 0x0 oops 0 methods 0
ciMethodData com/sun/org/apache/xerces/internal/dom/AttrNSImpl getNamespaceURI ()Ljava/lang/String; 2 21918 orig 80 0 0 0 0 0 0 0 0 0 0 0 0 249 127 0 0 0 0 0 0 0 0 0 0 0 0 0 0 0 0 0 0 0 0 0 0 0 0 0 0 0 0 0 0 0 0 0 0 0 0 0 0 0 0 0 0 0 0 0 0 0 0 0 0 0 0 0 0 0 0 0 0 0 0 0 0 0 0 0 0 data 27 0x10005 0x5294 0x0 0x0 0x0 0x0 0x0 0x40007 0x5294 0x58 0x0 0x80005 0x0 0x0 0x0 0x0 0x0 0x0 0x0 0x0 0x0 0x0 0x0 0x0 0x9 0x1 0x0 oops 0 methods 0
ciMethodData com/sun/org/apache/xerces/internal/dom/AttrImpl getNodeValue ()Ljava/lang/String; 2 22519 orig 80 0 0 0 0 0 0 0 0 0 0 0 0 249 127 0 0 0 0 0 0 0 0 0 0 0 0 0 0 0 0 0 0 0 0 0 0 0 0 0 0 0 0 0 0 0 0 0 0 0 0 0 0 0 0 0 0 0 0 0 0 0 0 0 0 0 0 0 0 0 0 0 0 0 0 0 0 0 0 0 0 data 16 0x10005 0x0 0x0 0x234d1d0a490 0x2bcb 0x234d1d0a540 0x291e 0x0 0x0 0x0 0x0 0x0 0x0 0x9 0x1 0x0 oops 2 3 com/sun/org/apache/xerces/internal/dom/DeferredAttrNSImpl 5 com/sun/org/apache/xerces/internal/dom/AttrNSImpl methods 0
ciMethodData com/sun/org/apache/xerces/internal/dom/ElementImpl getAttributeNodeNS (Ljava/lang/String;Ljava/lang/String;)Lorg/w3c/dom/Attr; 2 14485 orig 80 0 0 0 0 0 0 0 0 0 0 0 0 249 127 0 0 0 0 0 0 0 0 0 0 0 0 0 0 0 0 0 0 0 0 0 0 0 0 0 0 0 0 0 0 0 0 0 0 0 0 0 0 0 0 0 0 0 0 0 0 0 0 0 0 0 0 0 0 0 0 0 0 0 0 0 0 0 0 0 0 data 47 0x10005 0x3672 0x0 0x0 0x0 0x0 0x0 0x40007 0x3672 0x58 0x0 0x80005 0x0 0x0 0x0 0x0 0x0 0x0 0xf0007 0x2f73 0x20 0x6ff 0x1a0005 0x0 0x0 0x234d1d0a3e0 0x2f73 0x0 0x0 0x1d0104 0x0 0x0 0x0 0x0 0x0 0x0 0x0 0x0 0x0 0x0 0x0 0x0 0x9 0x3 0x0 0x0 0x0 oops 1 25 com/sun/org/apache/xerces/internal/dom/AttributeMap methods 0
ciMethodData com/sun/org/apache/xerces/internal/dom/NamedNodeMapImpl item (I)Lorg/w3c/dom/Node; 2 18913 orig 80 0 0 0 0 0 0 0 0 0 0 0 0 249 127 0 0 0 0 0 0 0 0 0 0 0 0 0 0 0 0 0 0 0 0 0 0 0 0 0 0 0 0 0 0 0 0 0 0 0 0 0 0 0 0 0 0 0 0 0 0 0 0 0 0 0 0 0 0 0 0 0 0 0 0 0 0 0 0 0 0 data 42 0x40007 0x0 0x100 0x4816 0xc0005 0x0 0x0 0x234c68a4a30 0x4816 0x0 0x0 0x110007 0x0 0xa8 0x4816 0x190005 0x0 0x0 0x234c68a4a30 0x4816 0x0 0x0 0x1e0004 0x0 0x0 0x234d1d0a490 0x2066 0x234d1d0a540 0x27b0 0x210003 0x4816 0x18 0x0 0x0 0x0 0x0 0x0 0x0 0x9 0x2 0x0 0x0 oops 4 7 java/util/ArrayList 18 java/util/ArrayList 25 com/sun/org/apache/xerces/internal/dom/DeferredAttrNSImpl 27 com/sun/org/apache/xerces/internal/dom/AttrNSImpl methods 0
ciMethodData com/sun/org/apache/xerces/internal/dom/NamedNodeMapImpl getNamedItemNS (Ljava/lang/String;Ljava/lang/String;)Lorg/w3c/dom/Node; 2 12587 orig 80 0 0 0 0 0 0 0 0 0 0 0 0 249 127 0 0 0 0 0 0 0 0 0 0 0 0 0 0 0 0 0 0 0 0 0 0 0 0 0 0 0 0 0 0 0 0 0 0 0 0 0 0 0 0 0 0 0 0 0 0 0 0 0 0 0 0 0 0 0 0 0 0 0 0 0 0 0 0 0 0 data 39 0x30005 0x0 0x0 0x234d1d0a3e0 0x2f0e 0x0 0x0 0x80007 0x0 0x38 0x2f0e 0xc0003 0x2f0e 0x88 0x140005 0x0 0x0 0x0 0x0 0x0 0x0 0x190004 0x0 0x0 0x0 0x0 0x0 0x0 0x0 0x0 0x0 0x0 0x0 0x0 0x9 0x3 0x0 0x0 0x0 oops 1 3 com/sun/org/apache/xerces/internal/dom/AttributeMap methods 0
ciMethodData com/sun/org/apache/xerces/internal/dom/NamedNodeMapImpl findNamePoint (Ljava/lang/String;Ljava/lang/String;)I 2 21008 orig 80 0 0 0 0 0 0 0 0 0 0 0 0 249 127 0 0 0 0 0 0 0 0 0 0 0 0 0 0 0 0 0 0 0 0 0 0 0 0 0 0 0 0 0 0 0 0 0 0 0 0 0 0 0 0 0 0 0 0 0 0 0 0 0 0 0 0 0 0 0 0 0 0 0 0 0 0 0 0 0 0 data 124 0x40007 0x29ec 0x20 0x2607 0xa0007 0x29ec 0x20 0x0 0x130005 0x0 0x0 0x234c68a4a30 0x29ec 0x0 0x0 0x1f0007 0x29ec 0x310 0x29ed 0x280005 0x0 0x0 0x234c68a4a30 0x29ed 0x0 0x0 0x2d0004 0x0 0x0 0x234d1d0a490 0x1556 0x234d1d0a540 0x1497 0x340005 0x0 0x0 0x234d1d0a490 0x1556 0x234d1d0a540 0x1497 0x3b0005 0x0 0x0 0x234d1d0a490 0x1556 0x234d1d0a540 0x1497 0x410007 0x29eb 0x148 0x2 0x460007 0x0 0x1d8 0x2 0x4c0005 0x2 0x0 0x0 0x0 0x0 0x0 0x4f0007 0x0 0xd0 0x2 0x540007 0x2 0x160 0x0 0x5a0005 0x0 0x0 0x0 0x0 0x0 0x0 0x5d0005 0x0 0x0 0x0 0x0 0x0 0x0 0x600007 0x0 0xd0 0x0 0x690005 0x29eb 0x0 0x0 0x0 0x0 0x0 0x6c0007 0x29eb 0x78 0x0 0x720005 0x0 0x0 0x0 0x0 0x0 0x0 0x750007 0x0 0x20 0x0 0x7e0003 0x29ed 0xfffffffffffffd08 0x0 0x0 0x0 0x0 0x0 0x0 0x9 0x3 0x0 0x0 0x0 oops 8 11 java/util/ArrayList 22 java/util/ArrayList 29 com/sun/org/apache/xerces/internal/dom/DeferredAttrNSImpl 31 com/sun/org/apache/xerces/internal/dom/AttrNSImpl 36 com/sun/org/apache/xerces/internal/dom/DeferredAttrNSImpl 38 com/sun/org/apache/xerces/internal/dom/AttrNSImpl 43 com/sun/org/apache/xerces/internal/dom/DeferredAttrNSImpl 45 com/sun/org/apache/xerces/internal/dom/AttrNSImpl methods 0
ciMethodData com/sun/org/apache/xerces/internal/dom/DeferredAttrNSImpl synchronizeChildren ()V 2 8753 orig 80 0 0 0 0 0 0 0 0 0 0 0 0 249 127 0 0 0 0 0 0 0 0 0 0 0 0 0 0 0 0 0 0 0 0 0 0 0 0 0 0 0 0 0 0 0 0 0 0 0 0 0 0 0 0 0 0 0 0 0 0 0 0 0 0 0 0 0 0 0 0 0 0 0 0 0 0 0 0 0 0 data 30 0x10005 0x0 0x0 0x234d1d0a490 0x1ecf 0x0 0x0 0x40004 0x0 0x0 0x234c9fc8ca0 0x1ecf 0x0 0x0 0xe0005 0x1ecf 0x0 0x0 0x0 0x0 0x0 0x0 0x0 0x0 0x0 0x0 0x0 0x9 0x1 0x0 oops 2 3 com/sun/org/apache/xerces/internal/dom/DeferredAttrNSImpl 10 com/sun/org/apache/xerces/internal/dom/DeferredDocumentImpl methods 0
ciMethodData com/sun/org/apache/xerces/internal/dom/DeferredDocumentImpl synchronizeChildren (Lcom/sun/org/apache/xerces/internal/dom/AttrImpl;I)V 2 8753 orig 80 0 0 0 0 0 0 0 0 0 0 0 0 249 127 0 0 0 0 0 0 0 0 0 0 0 0 0 0 0 0 0 0 0 0 0 0 0 0 0 0 0 0 0 0 0 0 0 0 0 0 0 0 0 0 0 0 0 0 0 0 0 0 0 0 0 0 0 0 0 0 0 0 0 0 0 0 0 0 0 0 data 141 0x10005 0x0 0x0 0x234c9fc8ca0 0x1ecf 0x0 0x0 0x70005 0x0 0x0 0x234c9fc8ca0 0x1ecf 0x0 0x0 0xc0005 0x1ecf 0x0 0x0 0x0 0x0 0x0 0x110005 0x0 0x0 0x234c9fc8ca0 0x1ecf 0x0 0x0 0x190005 0x0 0x0 0x234c9fc8ca0 0x1ecf 0x0 0x0 0x210007 0x0 0xa8 0x1ecf 0x270005 0x0 0x0 0x234c9fc8ca0 0x1ecf 0x0 0x0 0x2f0005 0x1ecf 0x0 0x0 0x0 0x0 0x0 0x320003 0x1ecf 0x230 0x420007 0x0 0x150 0x0 0x480005 0x0 0x0 0x0 0x0 0x0 0x0 0x4b0004 0x0 0x0 0x0 0x0 0x0 0x0 0x520007 0x0 0x38 0x0 0x590003 0x0 0x18 0x6c0005 0x0 0x0 0x0 0x0 0x0 0x0 0x7d0005 0x0 0x0 0x0 0x0 0x0 0x0 0x820003 0x0 0xfffffffffffffec8 0x870007 0x0 0x90 0x0 0x930005 0x0 0x0 0x0 0x0 0x0 0x0 0x990005 0x0 0x0 0x0 0x0 0x0 0x0 0x9e0005 0x0 0x0 0x0 0x0 0x0 0x0 0xa30005 0x0 0x0 0x234c9fc8ca0 0x1ecf 0x0 0x0 0x0 0x0 0x0 0x0 0x0 0x0 0x9 0x3 0x0 0x0 0x0 oops 6 3 com/sun/org/apache/xerces/internal/dom/DeferredDocumentImpl 10 com/sun/org/apache/xerces/internal/dom/DeferredDocumentImpl 24 com/sun/org/apache/xerces/internal/dom/DeferredDocumentImpl 31 com/sun/org/apache/xerces/internal/dom/DeferredDocumentImpl 42 com/sun/org/apache/xerces/internal/dom/DeferredDocumentImpl 126 com/sun/org/apache/xerces/internal/dom/DeferredDocumentImpl methods 0
ciMethod org/hl7/fhir/r5/utils/formats/XmlLocationData getStartLine ()I 224 0 112 0 0
ciMethod org/hl7/fhir/r5/utils/formats/XmlLocationData getStartColumn ()I 268 0 134 0 0
compile org/hl7/fhir/r5/elementmodel/XmlParser parseChildren (Ljava/lang/String;Lorg/w3c/dom/Element;Lorg/hl7/fhir/r5/elementmodel/Element;)V -1 4 inline 226 0 -1 org/hl7/fhir/r5/elementmodel/XmlParser parseChildren (Ljava/lang/String;Lorg/w3c/dom/Element;Lorg/hl7/fhir/r5/elementmodel/Element;)V 1 3 org/hl7/fhir/r5/elementmodel/XmlParser reapComments (Lorg/w3c/dom/Element;Lorg/hl7/fhir/r5/elementmodel/Element;)V 2 1 com/sun/org/apache/xerces/internal/dom/ChildNode getPreviousSibling ()Lorg/w3c/dom/Node; 3 1 com/sun/org/apache/xerces/internal/dom/NodeImpl isFirstChild ()Z 2 22 com/sun/org/apache/xerces/internal/dom/TextImpl getNodeType ()S 2 49 com/sun/org/apache/xerces/internal/dom/ChildNode getPreviousSibling ()Lorg/w3c/dom/Node; 3 1 com/sun/org/apache/xerces/internal/dom/NodeImpl isFirstChild ()Z 2 59 com/sun/org/apache/xerces/internal/dom/ParentNode getLastChild ()Lorg/w3c/dom/Node; 3 1 com/sun/org/apache/xerces/internal/dom/NodeImpl needsSyncChildren ()Z 3 8 com/sun/org/apache/xerces/internal/dom/DeferredElementNSImpl synchronizeChildren ()V 4 1 com/sun/org/apache/xerces/internal/dom/ParentNode ownerDocument ()Lcom/sun/org/apache/xerces/internal/dom/CoreDocumentImpl; 3 12 com/sun/org/apache/xerces/internal/dom/ParentNode lastChild ()Lcom/sun/org/apache/xerces/internal/dom/ChildNode; 2 80 com/sun/org/apache/xerces/internal/dom/ChildNode getPreviousSibling ()Lorg/w3c/dom/Node; 3 1 com/sun/org/apache/xerces/internal/dom/NodeImpl isFirstChild ()Z 1 7 org/hl7/fhir/r5/elementmodel/Element getProperty ()Lorg/hl7/fhir/r5/elementmodel/Property; 1 11 org/hl7/fhir/r5/elementmodel/Element getName ()Ljava/lang/String; 1 15 org/hl7/fhir/utilities/xml/XMLUtil getXsiType (Lorg/w3c/dom/Element;)Ljava/lang/String; 2 5 com/sun/org/apache/xerces/internal/dom/ElementImpl getAttributeNodeNS (Ljava/lang/String;Ljava/lang/String;)Lorg/w3c/dom/Attr; 3 1 com/sun/org/apache/xerces/internal/dom/NodeImpl needsSyncData ()Z 3 26 com/sun/org/apache/xerces/internal/dom/NamedNodeMapImpl getNamedItemNS (Ljava/lang/String;Ljava/lang/String;)Lorg/w3c/dom/Node; 4 3 com/sun/org/apache/xerces/internal/dom/NamedNodeMapImpl findNamePoint (Ljava/lang/String;Ljava/lang/String;)I 5 19 java/util/ArrayList size ()I 5 40 java/util/ArrayList get (I)Ljava/lang/Object; 6 5 java/util/Objects checkIndex (II)I 6 11 java/util/ArrayList elementData (I)Ljava/lang/Object; 5 52 com/sun/org/apache/xerces/internal/dom/AttrNSImpl getNamespaceURI ()Ljava/lang/String; 6 1 com/sun/org/apache/xerces/internal/dom/NodeImpl needsSyncData ()Z 5 59 com/sun/org/apache/xerces/internal/dom/AttrNSImpl getLocalName ()Ljava/lang/String; 6 1 com/sun/org/apache/xerces/internal/dom/NodeImpl needsSyncData ()Z 5 105 java/lang/String equals (Ljava/lang/Object;)Z 1 24 org/hl7/fhir/utilities/xml/XMLUtil getDirectText (Lorg/w3c/dom/Element;)Ljava/lang/String; 2 1 com/sun/org/apache/xerces/internal/dom/ParentNode getFirstChild ()Lorg/w3c/dom/Node; 3 1 com/sun/org/apache/xerces/internal/dom/NodeImpl needsSyncChildren ()Z 3 8 com/sun/org/apache/xerces/internal/dom/ParentNode synchronizeChildren ()V 3 8 com/sun/org/apache/xerces/internal/dom/DeferredElementNSImpl synchronizeChildren ()V 4 1 com/sun/org/apache/xerces/internal/dom/ParentNode ownerDocument ()Lcom/sun/org/apache/xerces/internal/dom/CoreDocumentImpl; 2 11 java/lang/StringBuilder <init> ()V 2 31 com/sun/org/apache/xerces/internal/dom/NodeImpl getTextContent ()Ljava/lang/String; 3 1 com/sun/org/apache/xerces/internal/dom/CharacterDataImpl getNodeValue ()Ljava/lang/String; 4 1 com/sun/org/apache/xerces/internal/dom/NodeImpl needsSyncData ()Z 4 8 com/sun/org/apache/xerces/internal/dom/NodeImpl synchronizeData ()V 4 8 com/sun/org/apache/xerces/internal/dom/DeferredTextImpl synchronizeData ()V 5 2 com/sun/org/apache/xerces/internal/dom/NodeImpl needsSyncData (Z)V 5 6 com/sun/org/apache/xerces/internal/dom/NodeImpl ownerDocument ()Lcom/sun/org/apache/xerces/internal/dom/CoreDocumentImpl; 6 1 com/sun/org/apache/xerces/internal/dom/NodeImpl isOwned ()Z 6 11 com/sun/org/apache/xerces/internal/dom/ParentNode ownerDocument ()Lcom/sun/org/apache/xerces/internal/dom/CoreDocumentImpl; 5 19 com/sun/org/apache/xerces/internal/dom/DeferredDocumentImpl getNodeValueString (I)Ljava/lang/String; 5 31 com/sun/org/apache/xerces/internal/dom/DeferredDocumentImpl getNodeExtra (I)I 6 3 com/sun/org/apache/xerces/internal/dom/DeferredDocumentImpl getNodeExtra (IZ)I 7 31 com/sun/org/apache/xerces/internal/dom/DeferredDocumentImpl clearChunkIndex ([[III)I 5 43 com/sun/org/apache/xerces/internal/dom/NodeImpl isIgnorableWhitespace (Z)V 2 36 java/lang/StringBuilder append (Ljava/lang/String;)Ljava/lang/StringBuilder; 2 51 java/lang/StringBuilder toString ()Ljava/lang/String; 2 54 java/lang/String trim ()Ljava/lang/String; 3 1 java/lang/String isLatin1 ()Z 3 11 java/lang/StringLatin1 trim ([B)Ljava/lang/String; 4 68 java/lang/StringLatin1 newString ([BII)Ljava/lang/String; 5 16 java/util/Arrays copyOfRange ([BII)[B 5 20 java/lang/String <init> ([BB)V 6 1 java/lang/Object <init> ()V 1 27 java/lang/String trim ()Ljava/lang/String; 2 1 java/lang/String isLatin1 ()Z 2 11 java/lang/StringLatin1 trim ([B)Ljava/lang/String; 3 68 java/lang/StringLatin1 newString ([BII)Ljava/lang/String; 4 16 java/util/Arrays copyOfRange ([BII)[B 4 20 java/lang/String <init> ([BB)V 5 1 java/lang/Object <init> ()V 1 34 org/hl7/fhir/r5/elementmodel/XmlParser line (Lorg/w3c/dom/Node;)I 2 11 com/sun/org/apache/xerces/internal/dom/NodeImpl getUserData (Ljava/lang/String;)Ljava/lang/Object; 3 1 com/sun/org/apache/xerces/internal/dom/ParentNode ownerDocument ()Lcom/sun/org/apache/xerces/internal/dom/CoreDocumentImpl; 3 6 com/sun/org/apache/xerces/internal/dom/CoreDocumentImpl getUserData (Lorg/w3c/dom/Node;Ljava/lang/String;)Ljava/lang/Object; 2 29 org/hl7/fhir/r5/utils/formats/XmlLocationData getStartLine ()I 1 41 org/hl7/fhir/r5/elementmodel/XmlParser col (Lorg/w3c/dom/Node;)I 2 11 com/sun/org/apache/xerces/internal/dom/NodeImpl getUserData (Ljava/lang/String;)Ljava/lang/Object; 3 1 com/sun/org/apache/xerces/internal/dom/ParentNode ownerDocument ()Lcom/sun/org/apache/xerces/internal/dom/CoreDocumentImpl; 3 6 com/sun/org/apache/xerces/internal/dom/CoreDocumentImpl getUserData (Lorg/w3c/dom/Node;Ljava/lang/String;)Ljava/lang/Object; 2 29 org/hl7/fhir/r5/utils/formats/XmlLocationData getStartColumn ()I 1 48 org/hl7/fhir/utilities/Utilities noString (Ljava/lang/String;)Z 2 7 java/lang/String equals (Ljava/lang/Object;)Z 1 540 com/sun/org/apache/xerces/internal/dom/ElementImpl getAttributes ()Lorg/w3c/dom/NamedNodeMap; 2 1 com/sun/org/apache/xerces/internal/dom/NodeImpl needsSyncData ()Z 2 25 com/sun/org/apache/xerces/internal/dom/AttributeMap <init> (Lcom/sun/org/apache/xerces/internal/dom/ElementImpl;Lcom/sun/org/apache/xerces/internal/dom/NamedNodeMapImpl;)V 3 2 com/sun/org/apache/xerces/internal/dom/NamedNodeMapImpl <init> (Lcom/sun/org/apache/xerces/internal/dom/NodeImpl;)V 4 1 java/lang/Object <init> ()V 1 545 com/sun/org/apache/xerces/internal/dom/NamedNodeMapImpl getLength ()I 2 11 java/util/ArrayList size ()I 1 554 com/sun/org/apache/xerces/internal/dom/ElementImpl getAttributes ()Lorg/w3c/dom/NamedNodeMap; 2 1 com/sun/org/apache/xerces/internal/dom/NodeImpl needsSyncData ()Z 2 25 com/sun/org/apache/xerces/internal/dom/AttributeMap <init> (Lcom/sun/org/apache/xerces/internal/dom/ElementImpl;Lcom/sun/org/apache/xerces/internal/dom/NamedNodeMapImpl;)V 3 2 com/sun/org/apache/xerces/internal/dom/NamedNodeMapImpl <init> (Lcom/sun/org/apache/xerces/internal/dom/NodeImpl;)V 4 1 java/lang/Object <init> ()V 1 561 com/sun/org/apache/xerces/internal/dom/NamedNodeMapImpl item (I)Lorg/w3c/dom/Node; 2 12 java/util/ArrayList size ()I 2 25 java/util/ArrayList get (I)Ljava/lang/Object; 3 5 java/util/Objects checkIndex (II)I 3 11 java/util/ArrayList elementData (I)Ljava/lang/Object; 1 570 com/sun/org/apache/xerces/internal/dom/AttrImpl getNodeValue ()Ljava/lang/String; 2 1 com/sun/org/apache/xerces/internal/dom/AttrImpl getValue ()Ljava/lang/String; 3 1 com/sun/org/apache/xerces/internal/dom/NodeImpl needsSyncData ()Z 3 12 com/sun/org/apache/xerces/internal/dom/NodeImpl needsSyncChildren ()Z 3 19 com/sun/org/apache/xerces/internal/dom/AttrImpl synchronizeChildren ()V 3 33 com/sun/org/apache/xerces/internal/dom/NodeImpl hasStringValue ()Z 3 58 com/sun/org/apache/xerces/internal/dom/TextImpl getNodeType ()S 3 77 com/sun/org/apache/xerces/internal/dom/CharacterDataImpl getNodeValue ()Ljava/lang/String; 4 1 com/sun/org/apache/xerces/internal/dom/NodeImpl needsSyncData ()Z 4 8 com/sun/org/apache/xerces/internal/dom/NodeImpl synchronizeData ()V 3 19 com/sun/org/apache/xerces/internal/dom/DeferredAttrNSImpl synchronizeChildren ()V 4 1 com/sun/org/apache/xerces/internal/dom/NodeImpl ownerDocument ()Lcom/sun/org/apache/xerces/internal/dom/CoreDocumentImpl; 5 1 com/sun/org/apache/xerces/internal/dom/NodeImpl isOwned ()Z 5 11 com/sun/org/apache/xerces/internal/dom/ParentNode ownerDocument ()Lcom/sun/org/apache/xerces/internal/dom/CoreDocumentImpl; 4 14 com/sun/org/apache/xerces/internal/dom/DeferredDocumentImpl synchronizeChildren (Lcom/sun/org/apache/xerces/internal/dom/AttrImpl;I)V 5 1 com/sun/org/apache/xerces/internal/dom/DocumentImpl getMutationEvents ()Z 5 7 com/sun/org/apache/xerces/internal/dom/DocumentImpl setMutationEvents (Z)V 5 12 com/sun/org/apache/xerces/internal/dom/NodeImpl needsSyncChildren (Z)V 5 17 com/sun/org/apache/xerces/internal/dom/DeferredDocumentImpl getLastChild (I)I 6 3 com/sun/org/apache/xerces/internal/dom/DeferredDocumentImpl getLastChild (IZ)I 7 31 com/sun/org/apache/xerces/internal/dom/DeferredDocumentImpl clearChunkIndex ([[III)I 5 25 com/sun/org/apache/xerces/internal/dom/DeferredDocumentImpl getPrevSibling (I)I 6 3 com/sun/org/apache/xerces/internal/dom/DeferredDocumentImpl getPrevSibling (IZ)I 7 27 com/sun/org/apache/xerces/internal/dom/DeferredDocumentImpl getChunkIndex ([[III)I 7 46 com/sun/org/apache/xerces/internal/dom/DeferredDocumentImpl getChunkIndex ([[III)I 7 78 com/sun/org/apache/xerces/internal/dom/DeferredDocumentImpl getChunkIndex ([[III)I 7 100 com/sun/org/apache/xerces/internal/dom/DeferredDocumentImpl getChunkIndex ([[III)I 5 39 com/sun/org/apache/xerces/internal/dom/DeferredDocumentImpl getNodeValueString (I)Ljava/lang/String; 5 47 com/sun/org/apache/xerces/internal/dom/NodeImpl hasStringValue (Z)V 5 163 com/sun/org/apache/xerces/internal/dom/DocumentImpl setMutationEvents (Z)V 1 580 org/hl7/fhir/r5/elementmodel/XmlParser validAttrValue (Ljava/lang/String;)Z 2 15 java/lang/String equals (Ljava/lang/Object;)Z 2 24 java/lang/String toCharArray ()[C 3 1 java/lang/String isLatin1 ()Z 3 11 java/lang/StringLatin1 toChars ([B)[C 1 628 com/sun/org/apache/xerces/internal/dom/AttrImpl getNodeName ()Ljava/lang/String; 2 1 com/sun/org/apache/xerces/internal/dom/NodeImpl needsSyncData ()Z 1 635 java/lang/String equals (Ljava/lang/Object;)Z 1 643 com/sun/org/apache/xerces/internal/dom/AttrImpl getNodeName ()Ljava/lang/String; 2 1 com/sun/org/apache/xerces/internal/dom/NodeImpl needsSyncData ()Z 1 650 java/lang/String startsWith (Ljava/lang/String;)Z 2 3 java/lang/String startsWith (Ljava/lang/String;I)Z 3 6 java/lang/String length ()I 4 6 java/lang/String coder ()B 3 10 java/lang/String length ()I 4 6 java/lang/String coder ()B 3 39 java/lang/String coder ()B 3 47 java/lang/String coder ()B 1 661 com/sun/org/apache/xerces/internal/dom/AttrNSImpl getLocalName ()Ljava/lang/String; 2 1 com/sun/org/apache/xerces/internal/dom/NodeImpl needsSyncData ()Z 1 668 com/sun/org/apache/xerces/internal/dom/AttrNSImpl getNamespaceURI ()Ljava/lang/String; 2 1 com/sun/org/apache/xerces/internal/dom/NodeImpl needsSyncData ()Z 1 685 com/sun/org/apache/xerces/internal/dom/AttrImpl getNodeValue ()Ljava/lang/String; 2 1 com/sun/org/apache/xerces/internal/dom/AttrImpl getValue ()Ljava/lang/String; 3 1 com/sun/org/apache/xerces/internal/dom/NodeImpl needsSyncData ()Z 3 12 com/sun/org/apache/xerces/internal/dom/NodeImpl needsSyncChildren ()Z 3 19 com/sun/org/apache/xerces/internal/dom/DeferredAttrNSImpl synchronizeChildren ()V 4 1 com/sun/org/apache/xerces/internal/dom/NodeImpl ownerDocument ()Lcom/sun/org/apache/xerces/internal/dom/CoreDocumentImpl; 5 1 com/sun/org/apache/xerces/internal/dom/NodeImpl isOwned ()Z 5 11 com/sun/org/apache/xerces/internal/dom/ParentNode ownerDocument ()Lcom/sun/org/apache/xerces/internal/dom/CoreDocumentImpl; 4 14 com/sun/org/apache/xerces/internal/dom/DeferredDocumentImpl synchronizeChildren (Lcom/sun/org/apache/xerces/internal/dom/AttrImpl;I)V 5 1 com/sun/org/apache/xerces/internal/dom/DocumentImpl getMutationEvents ()Z 5 7 com/sun/org/apache/xerces/internal/dom/DocumentImpl setMutationEvents (Z)V 5 12 com/sun/org/apache/xerces/internal/dom/NodeImpl needsSyncChildren (Z)V 5 17 com/sun/org/apache/xerces/internal/dom/DeferredDocumentImpl getLastChild (I)I 6 3 com/sun/org/apache/xerces/internal/dom/DeferredDocumentImpl getLastChild (IZ)I 7 31 com/sun/org/apache/xerces/internal/dom/DeferredDocumentImpl clearChunkIndex ([[III)I 5 25 com/sun/org/apache/xerces/internal/dom/DeferredDocumentImpl getPrevSibling (I)I 6 3 com/sun/org/apache/xerces/internal/dom/DeferredDocumentImpl getPrevSibling (IZ)I 7 27 com/sun/org/apache/xerces/internal/dom/DeferredDocumentImpl getChunkIndex ([[III)I 7 46 com/sun/org/apache/xerces/internal/dom/DeferredDocumentImpl getChunkIndex ([[III)I 7 78 com/sun/org/apache/xerces/internal/dom/DeferredDocumentImpl getChunkIndex ([[III)I 7 100 com/sun/org/apache/xerces/internal/dom/DeferredDocumentImpl getChunkIndex ([[III)I 5 39 com/sun/org/apache/xerces/internal/dom/DeferredDocumentImpl getNodeValueString (I)Ljava/lang/String; 5 47 com/sun/org/apache/xerces/internal/dom/NodeImpl hasStringValue (Z)V 5 163 com/sun/org/apache/xerces/internal/dom/DocumentImpl setMutationEvents (Z)V 3 33 com/sun/org/apache/xerces/internal/dom/NodeImpl hasStringValue ()Z 3 58 com/sun/org/apache/xerces/internal/dom/TextImpl getNodeType ()S 3 77 com/sun/org/apache/xerces/internal/dom/CharacterDataImpl getNodeValue ()Ljava/lang/String; 4 1 com/sun/org/apache/xerces/internal/dom/NodeImpl needsSyncData ()Z 4 8 com/sun/org/apache/xerces/internal/dom/NodeImpl synchronizeData ()V 1 694 org/hl7/fhir/r5/elementmodel/Property getDefinition ()Lorg/hl7/fhir/r5/model/ElementDefinition; 1 699 org/hl7/fhir/r5/utils/ToolingExtensions hasExtension (Lorg/hl7/fhir/r5/model/Element;Ljava/lang/String;)Z 2 2 org/hl7/fhir/r5/utils/ToolingExtensions getExtension (Lorg/hl7/fhir/r5/model/Element;Ljava/lang/String;)Lorg/hl7/fhir/r5/model/Extension; 3 7 org/hl7/fhir/r5/model/Element hasExtension ()Z 4 13 java/util/ArrayList iterator ()Ljava/util/Iterator; 5 5 java/util/ArrayList$Itr <init> (Ljava/util/ArrayList;)V 6 6 java/lang/Object <init> ()V 4 20 java/util/ArrayList$Itr hasNext ()Z 3 16 org/hl7/fhir/r5/model/Element getExtension ()Ljava/util/List; 4 12 java/util/ArrayList <init> ()V 5 1 java/util/AbstractList <init> ()V 6 1 java/util/AbstractCollection <init> ()V 7 1 java/lang/Object <init> ()V 3 19 java/util/ArrayList iterator ()Ljava/util/Iterator; 4 5 java/util/ArrayList$Itr <init> (Ljava/util/ArrayList;)V 5 6 java/lang/Object <init> ()V 3 26 java/util/ArrayList$Itr hasNext ()Z 3 46 org/hl7/fhir/r5/model/Extension getUrl ()Ljava/lang/String; 4 15 org/hl7/fhir/r5/model/PrimitiveType getValue ()Ljava/lang/Object; 1 725 org/hl7/fhir/r5/elementmodel/Property getName ()Ljava/lang/String; 2 4 org/hl7/fhir/r5/model/ElementDefinition getPath ()Ljava/lang/String; 3 15 org/hl7/fhir/r5/model/PrimitiveType getValue ()Ljava/lang/Object; 2 11 org/hl7/fhir/r5/model/ElementDefinition getPath ()Ljava/lang/String; 3 15 org/hl7/fhir/r5/model/PrimitiveType getValue ()Ljava/lang/Object; 2 16 java/lang/String lastIndexOf (Ljava/lang/String;)I 3 3 java/lang/String length ()I 4 6 java/lang/String coder ()B 3 6 java/lang/String lastIndexOf (Ljava/lang/String;I)I 4 5 java/lang/String coder ()B 4 9 java/lang/String length ()I 5 6 java/lang/String coder ()B 4 14 java/lang/String lastIndexOf ([BBILjava/lang/String;I)I 5 7 java/lang/String coder ()B 5 13 java/lang/String length ()I 1 746 org/hl7/fhir/r5/elementmodel/Element setValue (Ljava/lang/String;)V 1 792 org/hl7/fhir/r5/elementmodel/Element getPath ()Ljava/lang/String; 1 814 org/hl7/fhir/r5/elementmodel/Element setPath (Ljava/lang/String;)V 1 1159 org/hl7/fhir/r5/elementmodel/Property getDefinition ()Lorg/hl7/fhir/r5/model/ElementDefinition; 1 1274 org/hl7/fhir/r5/elementmodel/Element getPath ()Ljava/lang/String; 1 1296 org/hl7/fhir/r5/elementmodel/Element setPath (Ljava/lang/String;)V 1 1410 org/hl7/fhir/r5/elementmodel/Element getPath ()Ljava/lang/String; 1 1447 org/hl7/fhir/r5/elementmodel/Element setPath (Ljava/lang/String;)V 1 1463 org/hl7/fhir/r5/elementmodel/Element getPath ()Ljava/lang/String; 1 1485 org/hl7/fhir/r5/elementmodel/Element setPath (Ljava/lang/String;)V 1 1498 org/hl7/fhir/r5/elementmodel/Element getProperty ()Lorg/hl7/fhir/r5/elementmodel/Property; 1 1517 org/hl7/fhir/r5/elementmodel/Property getDefinition ()Lorg/hl7/fhir/r5/model/ElementDefinition; 1 1692 org/hl7/fhir/r5/elementmodel/Element setType (Ljava/lang/String;)V 1 1807 com/sun/org/apache/xerces/internal/dom/TextImpl getNodeType ()S 1 1859 com/sun/org/apache/xerces/internal/dom/TextImpl getNodeType ()S
